iteration,capture_ms,preprocess_ms,inference_ms,postprocess_ms,end_to_end_stage_sum_ms,loop_wall_ms,detection_count,output_shape,finite_output
1,29.379592,2.359624,57.52284,0.363528,89.625584,89.704367,1,"[1, 7, 8400]",True
2,0.292771,1.637348,36.098359,0.48427,38.512748,38.59394,1,"[1, 7, 8400]",True
3,0.395628,2.076705,28.092465,0.52985,31.094648,31.169687,1,"[1, 7, 8400]",True
4,5.518588,1.21775,32.480006,0.341317,39.557661,39.625826,1,"[1, 7, 8400]",True
5,30.300254,2.912182,57.694704,0.359077,91.266217,91.340567,1,"[1, 7, 8400]",True
6,0.348771,2.348115,29.600931,0.473057,32.770874,32.852442,1,"[1, 7, 8400]",True
7,5.883695,1.708097,32.547397,0.469597,40.608785999999995,40.706273,1,"[1, 7, 8400]",True
8,0.712498,2.08964,29.932646,0.475587,33.210370999999995,33.294533,1,"[1, 7, 8400]",True
9,31.821747,4.792299,46.351148,0.447058,83.412252,83.495811,1,"[1, 7, 8400]",True
10,0.282508,1.326849,30.108439,0.421474,32.13927,32.215645,1,"[1, 7, 8400]",True
11,20.147392,2.468747,41.231342,0.464274,64.311755,64.400236,1,"[1, 7, 8400]",True
12,19.552212,2.902024,42.84918,0.423082,65.72649799999999,65.809684,1,"[1, 7, 8400]",True
13,0.379339,1.332919,29.761532,0.340811,31.814600999999996,31.882437,1,"[1, 7, 8400]",True
14,21.887825,1.603543,55.025835,0.577041,79.09424399999999,79.174073,1,"[1, 7, 8400]",True
15,0.496194,1.646009,28.560658,0.338027,31.040888,31.110123,1,"[1, 7, 8400]",True
16,11.55829,1.26956,37.861215,0.316093,51.005158,51.07185,1,"[1, 7, 8400]",True
17,0.321807,1.323574,29.855921,0.340503,31.841805,31.920129,1,"[1, 7, 8400]",True
18,28.629328,1.879269,58.696852,0.515041,89.72049,89.80792,1,"[1, 7, 8400]",True
19,0.337221,1.640259,29.523774,0.332266,31.83352,31.903147,1,"[1, 7, 8400]",True
20,6.659798,1.284832,36.204761,0.316342,44.46573299999999,44.540805,1,"[1, 7, 8400]",True
21,0.43595,2.022977,30.692264,0.341297,33.492488,33.56239,1,"[1, 7, 8400]",True
22,0.246627,1.262523,27.974377,0.338209,29.821736,29.886701,1,"[1, 7, 8400]",True
23,34.896576,2.860325,60.827566,0.496407,99.08087400000001,99.176983,1,"[1, 7, 8400]",True
24,0.318587,1.298379,39.310691,0.443815,41.371472,41.451345,1,"[1, 7, 8400]",True
25,0.333533,2.130735,30.2031,0.4711,33.138467999999996,33.2176,1,"[1, 7, 8400]",True
26,29.034566,4.339538,44.87229,0.438363,78.684757,78.77385,1,"[1, 7, 8400]",True
27,13.897095,1.62481,48.914964,0.455361,64.89223,64.976333,1,"[1, 7, 8400]",True
28,0.288236,1.341355,28.741242,0.29432,30.665153,30.729946,1,"[1, 7, 8400]",True
29,18.340804,1.217161,47.530228,0.33843,67.426623,67.494815,1,"[1, 7, 8400]",True
30,0.343636,2.115913,30.574211,0.449383,33.483143,33.56565,1,"[1, 7, 8400]",True
31,17.159037,1.619664,55.850132,0.339382,74.968215,75.056106,1,"[1, 7, 8400]",True
32,0.413618,1.708323,34.352874,0.43083,36.905645,36.998156,1,"[1, 7, 8400]",True
33,9.227338,2.586559,29.936052,0.472878,42.222827,42.307993,1,"[1, 7, 8400]",True
34,31.160507,2.861976,58.089269,0.520426,92.632178,92.735281,1,"[1, 7, 8400]",True
35,0.328125,1.58862,34.426007,0.329983,36.672734999999996,36.741307,1,"[1, 7, 8400]",True
36,0.912161,1.356128,29.198122,0.449792,31.916203,31.99548,1,"[1, 7, 8400]",True
37,5.171587,1.468809,34.129328,0.502361,41.272085000000004,41.364296,1,"[1, 7, 8400]",True
38,28.134493,2.8256,55.729769,0.551286,87.24114800000001,87.323014,1,"[1, 7, 8400]",True
39,0.305525,1.340247,33.147211,0.340371,35.133354,35.200726,1,"[1, 7, 8400]",True
40,5.168326,1.280677,32.996816,0.339259,39.785078,39.852873,1,"[1, 7, 8400]",True
41,1.177543,1.291209,27.636785,0.344245,30.449782,30.559359,1,"[1, 7, 8400]",True
42,35.10397,2.825863,60.943082,0.397417,99.270332,99.363037,1,"[1, 7, 8400]",True
43,0.301725,1.290573,29.720183,0.347487,31.659968,31.7281,1,"[1, 7, 8400]",True
44,7.676404,1.309023,30.600602,0.460453,40.046482,40.142109,1,"[1, 7, 8400]",True
45,32.109701,3.345553,55.711702,0.519366,91.686322,91.771764,1,"[1, 7, 8400]",True
46,0.294353,1.327293,33.911421,0.334836,35.867903,35.938186,1,"[1, 7, 8400]",True
47,3.802857,1.660804,36.767317,0.335444,42.566422,42.634185,1,"[1, 7, 8400]",True
48,0.318891,1.501963,28.25756,0.480038,30.558452000000003,30.655841,1,"[1, 7, 8400]",True
49,30.707814,4.755639,57.462837,0.529172,93.455462,93.556646,1,"[1, 7, 8400]",True
50,0.313882,1.27043,36.617046,0.489684,38.691041999999996,38.775471,1,"[1, 7, 8400]",True
51,0.302023,1.379248,28.561741,0.424068,30.66708,30.744254,1,"[1, 7, 8400]",True
52,3.248386,2.18598,30.531285,0.351218,36.316869000000004,36.391286,1,"[1, 7, 8400]",True
53,30.766818,1.724919,58.10802,0.581871,91.18162800000002,91.256646,1,"[1, 7, 8400]",True
54,0.285062,1.316009,33.925054,0.459398,35.985523,36.064428,1,"[1, 7, 8400]",True
55,3.329876,2.266545,29.636689,0.440494,35.673604,35.755958,1,"[1, 7, 8400]",True
56,3.54404,2.162656,30.539984,0.46585,36.71253,36.851847,1,"[1, 7, 8400]",True
57,0.266984,2.281181,27.926284,0.342166,30.816615,30.892211,1,"[1, 7, 8400]",True
58,3.856352,2.254099,28.593895,0.46447,35.168816,35.253655,1,"[1, 7, 8400]",True
59,32.899037,3.381349,61.161509,0.506707,97.94860200000001,98.054024,1,"[1, 7, 8400]",True
60,0.391432,1.53642,33.487941,0.348831,35.764624,35.83297,1,"[1, 7, 8400]",True
61,0.41399,2.201251,28.683619,0.348949,31.647809000000002,31.730636,1,"[1, 7, 8400]",True
62,2.941877,1.440672,29.995123,0.318558,34.69623,34.761422,1,"[1, 7, 8400]",True
63,32.556049,2.909755,60.10061,0.534459,96.100873,96.218973,1,"[1, 7, 8400]",True
64,0.29899,2.0095,29.265212,0.343811,31.917512999999996,31.987129,1,"[1, 7, 8400]",True
65,3.715679,1.428155,30.907249,0.339607,36.39069,36.456679,1,"[1, 7, 8400]",True
66,3.438367,1.472777,34.326473,0.340353,39.57797,39.645459,1,"[1, 7, 8400]",True
67,0.315005,1.386303,28.5724,0.441258,30.714966,30.793523,1,"[1, 7, 8400]",True
68,33.222939,3.142115,59.604989,0.364017,96.33406000000001,96.412407,1,"[1, 7, 8400]",True
69,0.308965,1.337692,33.630765,0.483616,35.76103799999999,35.831992,1,"[1, 7, 8400]",True
70,0.367116,2.290569,29.991468,0.442055,33.091208,33.164089,1,"[1, 7, 8400]",True
71,0.352137,2.182943,29.373267,0.337802,32.246149,32.315807,1,"[1, 7, 8400]",True
72,3.070753,1.457038,29.541254,0.369243,34.43828799999999,34.51021,1,"[1, 7, 8400]",True
73,32.917156,2.583782,53.31958,0.313235,89.133753,89.202189,1,"[1, 7, 8400]",True
74,0.308628,1.652312,33.031661,0.338843,35.331444,35.400879,1,"[1, 7, 8400]",True
75,8.0232,1.467889,40.185976,0.46969,50.146755,50.230196,1,"[1, 7, 8400]",True
76,0.244434,1.816154,28.175583,0.455607,30.691778,30.771369,1,"[1, 7, 8400]",True
77,27.231695,3.12591,59.625573,0.411951,90.39512900000001,90.480684,1,"[1, 7, 8400]",True
78,0.285452,1.473329,36.698608,0.325185,38.782574,38.84747,1,"[1, 7, 8400]",True
79,0.275158,1.44519,30.048184,0.333627,32.102159,32.169377,1,"[1, 7, 8400]",True
80,1.050874,1.299639,27.418306,0.334118,30.102937,30.183312,1,"[1, 7, 8400]",True
81,2.972631,1.425255,28.376526,0.439438,33.21385,33.295784,1,"[1, 7, 8400]",True
82,5.915314,1.373446,33.918365,0.475564,41.682689,41.787627,1,"[1, 7, 8400]",True
83,28.521037,2.872781,58.639922,0.341474,90.375214,90.461029,1,"[1, 7, 8400]",True
84,0.311203,1.358022,29.589491,0.332485,31.591200999999998,31.657107,1,"[1, 7, 8400]",True
85,5.872104,1.608394,29.192737,0.458439,37.131674000000004,37.204079,1,"[1, 7, 8400]",True
86,4.614956,1.282889,37.336883,0.451112,43.685840000000006,43.766841,1,"[1, 7, 8400]",True
87,25.275876,3.085953,56.341926,0.378415,85.08217,85.162069,1,"[1, 7, 8400]",True
88,0.304577,1.299653,29.916906,0.469273,31.990409000000003,32.069164,1,"[1, 7, 8400]",True
89,7.751871,2.393133,36.045171,0.35923,46.549405,46.634523,1,"[1, 7, 8400]",True
90,0.446689,1.364667,29.475211,0.336555,31.623122000000002,31.692196,1,"[1, 7, 8400]",True
91,29.331239,2.4972,58.88071,0.457283,91.166432,91.341701,1,"[1, 7, 8400]",True
92,0.30806,2.042337,28.790426,0.3239,31.464723,31.534092,1,"[1, 7, 8400]",True
93,10.535498,2.22208,51.046504,0.526271,64.330353,64.421292,1,"[1, 7, 8400]",True
94,9.928804,1.460166,49.696653,0.306329,61.391951999999996,61.475503,1,"[1, 7, 8400]",True
95,0.309127,1.299693,32.488779,0.351888,34.449487000000005,34.529462,1,"[1, 7, 8400]",True
96,13.825368,1.220509,49.814247,0.329859,65.189983,65.255207,1,"[1, 7, 8400]",True
97,0.402657,1.367952,30.276462,0.420686,32.467757,32.545214,1,"[1, 7, 8400]",True
98,16.136794,2.387339,39.309759,0.46783,58.301722,58.386213,1,"[1, 7, 8400]",True
99,0.33121,1.740435,28.483981,0.427607,30.983233,31.061533,1,"[1, 7, 8400]",True
100,26.847518,2.458034,57.005913,0.331046,86.642511,86.718544,1,"[1, 7, 8400]",True
101,0.296928,1.418631,30.455792,0.427768,32.599119,32.675904,1,"[1, 7, 8400]",True
102,7.449659,2.144396,41.432415,0.355279,51.381749,51.460224,1,"[1, 7, 8400]",True
103,0.271709,1.301216,27.119577,0.336872,29.029374,29.094227,1,"[1, 7, 8400]",True
104,30.972654,2.590064,61.873071,0.552404,95.988193,96.075207,1,"[1, 7, 8400]",True
105,0.411352,2.196283,29.359702,0.334492,32.301829,32.371359,1,"[1, 7, 8400]",True
106,1.997358,1.306408,29.810933,0.30962,33.424319000000004,33.488585,1,"[1, 7, 8400]",True
107,32.939739,3.246453,62.294832,0.409182,98.890206,98.968708,1,"[1, 7, 8400]",True
108,0.341537,1.277741,32.133208,0.280266,34.032752,34.098215,1,"[1, 7, 8400]",True
109,0.293904,1.235976,30.355325,0.330753,32.215958,32.280528,1,"[1, 7, 8400]",True
110,3.207716,1.29094,29.20158,0.333656,34.033892,34.100042,1,"[1, 7, 8400]",True
111,33.253978,5.126901,45.875154,0.425802,84.681835,84.777608,1,"[1, 7, 8400]",True
112,0.336128,1.384141,30.869196,0.451386,33.040850999999996,33.12458,1,"[1, 7, 8400]",True
113,15.210021,1.624903,48.572924,0.336928,65.744776,65.816106,1,"[1, 7, 8400]",True
114,0.306089,1.31867,30.555014,0.458998,32.638771,32.716501,1,"[1, 7, 8400]",True
115,20.796958,2.28801,46.96066,0.494876,70.540504,70.630294,1,"[1, 7, 8400]",True
116,13.836544,1.320929,55.382463,0.327898,70.867834,70.940834,1,"[1, 7, 8400]",True
117,0.345185,1.312261,30.176,0.466048,32.299493999999996,32.376619,1,"[1, 7, 8400]",True
118,10.588144,1.650257,41.988924,0.465252,54.69257699999999,54.783782,1,"[1, 7, 8400]",True
119,0.309767,1.916397,29.702222,0.303321,32.231707,32.300668,1,"[1, 7, 8400]",True
120,23.645386,1.407088,57.60495,0.390663,83.048087,83.118946,1,"[1, 7, 8400]",True
121,0.281156,1.316399,34.061865,0.449432,36.108852,36.189027,1,"[1, 7, 8400]",True
122,4.200842,2.282184,29.782831,0.450789,36.716646000000004,36.805508,1,"[1, 7, 8400]",True
123,3.313669,2.221265,29.579378,0.474657,35.588969,35.672808,1,"[1, 7, 8400]",True
124,31.941114,3.347371,56.053453,0.370659,91.712597,91.796423,1,"[1, 7, 8400]",True
125,0.276424,1.61454,28.780184,0.45663,31.127778,31.204822,1,"[1, 7, 8400]",True
126,12.868762,2.277675,34.303848,0.504,49.954285,50.046513,1,"[1, 7, 8400]",True
127,26.663566,2.829286,54.162303,0.454066,84.109221,84.204208,1,"[1, 7, 8400]",True
128,0.290526,1.58756,32.106876,0.344126,34.329088000000006,34.411808,1,"[1, 7, 8400]",True
129,7.87437,1.462044,44.494539,0.401628,54.232581,54.312626,1,"[1, 7, 8400]",True
130,0.282889,1.302972,31.867895,0.335068,33.788824,33.85464,1,"[1, 7, 8400]",True
131,19.836924,1.605431,58.434233,0.329226,80.205814,80.282083,1,"[1, 7, 8400]",True
132,0.329607,1.267123,36.692209,0.459039,38.747977999999996,38.828096,1,"[1, 7, 8400]",True
133,0.267666,2.078846,28.914548,0.502222,31.763282,31.839599,1,"[1, 7, 8400]",True
134,4.718358,1.376019,29.68603,0.28888,36.069286999999996,36.140602,1,"[1, 7, 8400]",True
135,32.844993,3.104966,59.180598,0.351306,95.481863,95.556843,1,"[1, 7, 8400]",True
136,0.314667,1.794339,38.295752,0.417093,40.821851,40.900346,1,"[1, 7, 8400]",True
137,0.309832,1.282573,27.784475,0.364929,29.741809,29.808766,1,"[1, 7, 8400]",True
138,34.387481,2.532053,60.193413,0.314388,97.42733499999999,97.500557,1,"[1, 7, 8400]",True
139,0.340906,1.224305,36.312251,0.450493,38.327955,38.407737,1,"[1, 7, 8400]",True
140,0.270369,1.571675,31.347498,0.365032,33.554574,33.658045,1,"[1, 7, 8400]",True
141,0.442909,1.309503,29.485421,0.466606,31.704438999999997,31.781449,1,"[1, 7, 8400]",True
142,33.27341,2.976539,59.850967,0.334101,96.435017,96.511779,1,"[1, 7, 8400]",True
143,0.320596,1.55321,28.841455,0.340193,31.055453999999997,31.121684,1,"[1, 7, 8400]",True
144,5.076156,1.536611,31.352078,0.4397,38.404545,38.489905,1,"[1, 7, 8400]",True
145,2.523948,2.078416,28.937262,0.3397,33.879326,33.947599,1,"[1, 7, 8400]",True
146,32.968353,2.859941,60.126315,0.334809,96.28941800000001,96.361947,1,"[1, 7, 8400]",True
147,0.296783,1.327703,28.114516,0.336193,30.075195,30.141546,1,"[1, 7, 8400]",True
148,6.115764,1.551017,31.002311,0.448797,39.117889,39.199326,1,"[1, 7, 8400]",True
149,2.709213,2.057521,29.883378,0.352794,35.002906,35.089131,1,"[1, 7, 8400]",True
150,0.394398,1.465363,28.047525,0.319264,30.22655,30.300747,1,"[1, 7, 8400]",True
151,5.453458,1.35262,33.007812,0.338509,40.152399,40.219789,1,"[1, 7, 8400]",True
152,29.396871,2.181713,61.133256,0.556298,93.268138,93.37665,1,"[1, 7, 8400]",True
153,0.263909,2.268199,30.078301,0.289218,32.899626999999995,32.967448,1,"[1, 7, 8400]",True
154,2.830694,1.491735,30.701649,0.33792,35.361998,35.431273,1,"[1, 7, 8400]",True
155,3.454768,1.407431,29.291648,0.462232,34.616079,34.697742,1,"[1, 7, 8400]",True
156,33.008177,4.809664,52.420745,0.374841,90.613427,90.721039,1,"[1, 7, 8400]",True
157,0.327103,1.298574,30.15823,0.459102,32.243009,32.320653,1,"[1, 7, 8400]",True
158,9.604268,1.443326,46.706659,0.301106,58.055359,58.13448,1,"[1, 7, 8400]",True
159,0.332562,1.646383,30.315469,0.340373,32.634787,32.703685,1,"[1, 7, 8400]",True
160,18.962562,2.492468,44.296,0.372996,66.124026,66.200505,1,"[1, 7, 8400]",True
161,0.401305,2.120195,30.226072,0.427532,33.175104,33.253057,1,"[1, 7, 8400]",True
162,23.439175,2.196765,57.195521,0.370831,83.20229199999999,83.283355,1,"[1, 7, 8400]",True
163,3.97838,1.311574,37.958184,0.281709,43.529847000000004,43.597775,1,"[1, 7, 8400]",True
164,0.298537,1.464656,28.381596,0.474451,30.619239999999998,30.696523,1,"[1, 7, 8400]",True
165,29.955117,2.516117,60.925735,0.343013,93.73998200000001,93.815905,1,"[1, 7, 8400]",True
166,0.274399,1.337292,31.597782,0.464862,33.67433499999999,33.753921,1,"[1, 7, 8400]",True
167,1.864975,2.118817,32.050654,0.316905,36.351351,36.427257,1,"[1, 7, 8400]",True
168,1.574165,1.283713,30.897829,0.336341,34.092048,34.158542,1,"[1, 7, 8400]",True
169,31.652948,2.130789,56.892392,0.317769,90.993898,91.061929,1,"[1, 7, 8400]",True
170,0.403486,2.188003,29.732032,0.44122,32.764741,32.847387,1,"[1, 7, 8400]",True
171,7.44874,1.488679,36.704122,0.472743,46.114284,46.209333,1,"[1, 7, 8400]",True
172,0.282359,1.450507,30.539882,0.37931,32.652058,32.72582,1,"[1, 7, 8400]",True
173,0.300092,2.223444,29.683745,0.498321,32.70560199999999,32.781792,1,"[1, 7, 8400]",True
174,32.030123,2.911742,59.978632,0.474607,95.395104,95.482986,1,"[1, 7, 8400]",True
175,0.27193,1.445414,35.517226,0.381782,37.616352,37.69778,1,"[1, 7, 8400]",True
176,0.3035,1.291167,31.63405,0.480366,33.70908299999999,33.786606,1,"[1, 7, 8400]",True
177,0.279588,2.049317,29.08294,0.48654,31.898385,31.97643,1,"[1, 7, 8400]",True
178,0.491535,2.071168,27.812022,0.469326,30.844050999999997,30.926696,1,"[1, 7, 8400]",True
179,34.330953,4.502388,47.466843,0.459056,86.75924,86.856043,1,"[1, 7, 8400]",True
180,0.296185,1.388915,28.818835,0.434581,30.938516,31.043888,1,"[1, 7, 8400]",True
181,15.88173,1.267342,53.35446,0.528425,71.031957,71.117152,1,"[1, 7, 8400]",True
182,0.303333,2.274904,26.051789,0.34036,28.970386,29.037408,1,"[1, 7, 8400]",True
183,15.673596,1.280027,55.045995,0.44727,72.446888,72.524042,1,"[1, 7, 8400]",True
184,0.328027,2.087653,30.226442,0.334731,32.976853,33.04355,1,"[1, 7, 8400]",True
185,14.022815,1.18138,42.136859,0.488441,57.829495,57.912967,1,"[1, 7, 8400]",True
186,20.364594,3.745167,56.35507,0.582452,81.04728300000001,81.147938,1,"[1, 7, 8400]",True
187,0.355713,2.169536,29.829677,0.451485,32.806411,32.885507,1,"[1, 7, 8400]",True
188,6.257067,1.733645,37.20111,0.426907,45.618729,45.704283,1,"[1, 7, 8400]",True
189,0.383968,2.216146,27.877509,0.342204,30.819827,30.887369,1,"[1, 7, 8400]",True
190,29.733504,2.615397,61.271962,0.478582,94.099445,94.185659,1,"[1, 7, 8400]",True
191,0.271851,2.152747,30.654993,0.440104,33.519695,33.616638,1,"[1, 7, 8400]",True
192,1.315379,2.179439,28.468859,0.450599,32.414275999999994,32.498291,1,"[1, 7, 8400]",True
193,4.967822,2.171311,31.586285,0.445915,39.171333,39.242583,1,"[1, 7, 8400]",True
194,30.069385,2.478554,61.257884,0.478889,94.284712,94.374605,1,"[1, 7, 8400]",True
195,0.287683,1.283186,33.723008,0.431249,35.725126,35.798964,1,"[1, 7, 8400]",True
196,3.652538,1.318898,33.926449,0.439515,39.337399999999995,39.417299,1,"[1, 7, 8400]",True
197,28.565387,2.875262,58.961362,0.487676,90.889687,90.983526,1,"[1, 7, 8400]",True
198,0.344782,2.211615,31.95351,0.420566,34.930473,35.007101,1,"[1, 7, 8400]",True
199,2.053841,1.445843,31.416684,0.317787,35.234155,35.307482,1,"[1, 7, 8400]",True
200,2.774321,1.342404,28.30829,0.339208,32.764223,32.838334,1,"[1, 7, 8400]",True
201,34.266115,2.675798,61.26691,0.48422,98.69304299999999,98.780791,1,"[1, 7, 8400]",True
202,0.298499,1.609605,30.082415,0.351344,32.341863000000004,32.413589,1,"[1, 7, 8400]",True
203,2.682535,1.46779,32.505791,0.440762,37.096878000000004,37.173216,1,"[1, 7, 8400]",True
204,1.36354,1.330821,30.630589,0.471829,33.796779,33.873288,1,"[1, 7, 8400]",True
205,31.971167,2.979838,62.225981,0.448711,97.625697,97.716082,1,"[1, 7, 8400]",True
206,0.402822,2.376837,38.446308,0.449468,41.67543500000001,41.755822,1,"[1, 7, 8400]",True
207,0.274952,2.123134,27.822602,0.342853,30.563541,30.682631,1,"[1, 7, 8400]",True
208,29.55998,2.099221,58.983037,0.319369,90.961607,91.04349,1,"[1, 7, 8400]",True
209,0.321804,1.312063,35.33238,0.474777,37.441024000000006,37.51867,1,"[1, 7, 8400]",True
210,0.517006,2.013228,27.008132,0.519863,30.058229,30.138341,1,"[1, 7, 8400]",True
211,6.647255,1.323759,33.577734,0.344628,41.893376,41.966436,1,"[1, 7, 8400]",True
212,28.694339,1.930188,57.812652,0.490132,88.927311,89.008377,1,"[1, 7, 8400]",True
213,0.348431,2.166915,29.311436,0.412563,32.239345,32.317013,1,"[1, 7, 8400]",True
214,7.403063,1.37957,37.320047,0.343431,46.44611100000001,46.516428,1,"[1, 7, 8400]",True
215,0.414235,1.809594,29.342602,0.326437,31.892867999999996,31.96103,1,"[1, 7, 8400]",True
216,28.947423,2.465621,57.436781,0.366672,89.216497,89.296577,1,"[1, 7, 8400]",True
217,0.400208,2.127081,29.679272,0.570813,32.777374,32.855849,1,"[1, 7, 8400]",True
218,10.795778,2.120262,31.186018,0.461919,44.563977,44.646273,1,"[1, 7, 8400]",True
219,30.408696,2.890027,60.419485,0.52671,94.244918,94.350015,1,"[1, 7, 8400]",True
220,0.291489,1.267057,35.289722,0.337085,37.185353,37.249789,1,"[1, 7, 8400]",True
221,0.282151,1.321652,28.447484,0.506584,30.557871,30.629361,1,"[1, 7, 8400]",True
222,3.696375,1.286403,32.65024,0.384562,38.017579999999995,38.099239,1,"[1, 7, 8400]",True
223,29.947901,2.420853,57.362792,0.465781,90.19732700000002,90.287716,1,"[1, 7, 8400]",True
224,0.286987,1.496798,33.205456,0.472802,35.462043,35.543711,1,"[1, 7, 8400]",True
225,3.924777,1.700982,35.681246,0.480008,41.787013,41.920072,1,"[1, 7, 8400]",True
226,0.351151,2.14756,30.53781,0.465989,33.50251,33.581911,1,"[1, 7, 8400]",True
227,28.419279,3.927081,48.510308,0.462929,81.319597,81.403097,1,"[1, 7, 8400]",True
228,0.307118,1.61403,35.972014,0.427376,38.320538000000006,38.39962,1,"[1, 7, 8400]",True
229,12.598891,1.316866,50.560688,0.318357,64.794802,64.881113,1,"[1, 7, 8400]",True
230,11.635218,1.318723,52.497961,0.32013,65.772032,65.834729,1,"[1, 7, 8400]",True
231,0.309943,1.317426,32.176683,0.446501,34.250553,34.329774,1,"[1, 7, 8400]",True
232,11.483645,1.86534,44.186977,0.449116,57.985077999999994,58.068218,1,"[1, 7, 8400]",True
233,0.270206,1.650459,31.332928,0.326698,33.580291,33.652392,1,"[1, 7, 8400]",True
234,19.69025,1.753529,55.486908,0.501279,77.431966,77.531352,1,"[1, 7, 8400]",True
235,0.361048,1.388655,28.947938,0.340346,31.037987,31.106694,1,"[1, 7, 8400]",True
236,11.007566,1.491358,34.974723,0.336798,47.810445,47.878612,1,"[1, 7, 8400]",True
237,0.290219,1.330767,29.094361,0.331125,31.046471999999998,31.120617,1,"[1, 7, 8400]",True
238,31.741072,1.956673,58.396418,0.371499,92.465662,92.537241,1,"[1, 7, 8400]",True
239,0.293685,1.741238,33.169408,0.387234,35.591564999999996,35.664481,1,"[1, 7, 8400]",True
240,3.596318,1.373391,35.211716,0.340648,40.522073000000006,40.590961,1,"[1, 7, 8400]",True
241,0.273883,1.383788,28.489191,0.326115,30.472977000000004,30.535373,1,"[1, 7, 8400]",True
242,0.34089,2.103429,27.933731,0.401276,30.779326,30.858966,1,"[1, 7, 8400]",True
243,5.540339,1.273757,32.374776,0.33403,39.522901999999995,39.590978,1,"[1, 7, 8400]",True
244,30.109424,1.701366,54.521194,0.483562,86.81554600000001,86.908136,1,"[1, 7, 8400]",True
245,0.282984,1.404176,35.735538,0.32987,37.752568,37.819907,1,"[1, 7, 8400]",True
246,5.190335,1.290727,29.151033,0.448541,36.080636,36.160842,1,"[1, 7, 8400]",True
247,5.095212,1.330617,32.757256,0.351945,39.53503,39.634846,1,"[1, 7, 8400]",True
248,29.441944,1.427881,55.523783,0.549795,86.943403,87.058229,1,"[1, 7, 8400]",True
249,0.362483,1.382351,38.77624,0.386969,40.908043,40.983597,1,"[1, 7, 8400]",True
250,1.117933,1.300605,31.530222,0.342918,34.291678,34.358222,1,"[1, 7, 8400]",True
251,3.016231,2.182428,28.882902,0.341275,34.422836000000004,34.493781,1,"[1, 7, 8400]",True
252,32.657998,1.898382,53.180808,0.466406,88.20359400000001,88.287473,1,"[1, 7, 8400]",True
253,0.313829,1.641554,39.468548,0.353557,41.777488,41.88303,1,"[1, 7, 8400]",True
254,6.159079,1.351761,33.412115,0.327555,41.25051,41.332715,1,"[1, 7, 8400]",True
255,29.019186,2.012335,60.56716,0.375533,91.974214,92.050616,1,"[1, 7, 8400]",True
256,0.282901,1.353472,38.979724,0.474045,41.09014199999999,41.168786,1,"[1, 7, 8400]",True
257,0.271591,2.208482,29.579195,0.435707,32.494975,32.576518,1,"[1, 7, 8400]",True
258,31.429791,2.573544,61.352087,0.484862,95.84028400000001,95.939742,1,"[1, 7, 8400]",True
259,0.278504,1.381651,32.884194,0.422072,34.966421000000004,35.044795,1,"[1, 7, 8400]",True
260,0.324884,1.986075,29.384171,0.347034,32.042164,32.114937,1,"[1, 7, 8400]",True
261,0.284594,1.32465,28.791755,0.317274,30.718273,30.781407,1,"[1, 7, 8400]",True
262,5.114851,1.249601,35.428101,0.338476,42.131029,42.198741,1,"[1, 7, 8400]",True
263,26.943285,2.151535,60.795167,0.382662,90.27264899999999,90.35092,1,"[1, 7, 8400]",True
264,0.322665,1.280204,30.657,0.292405,32.552274000000004,32.613529,1,"[1, 7, 8400]",True
265,7.916301,1.360955,30.738735,0.449321,40.465312,40.54361,1,"[1, 7, 8400]",True
266,31.789742,3.303796,61.23784,0.49062,96.82199800000001,96.929557,1,"[1, 7, 8400]",True
267,0.328078,1.33417,33.582432,0.390508,35.63518799999999,35.708747,1,"[1, 7, 8400]",True
268,0.291817,2.098251,28.550172,0.335557,31.275797,31.344881,1,"[1, 7, 8400]",True
269,3.204106,1.324153,31.732023,0.334075,36.594357,36.67159,1,"[1, 7, 8400]",True
270,30.822381,2.881306,56.701265,0.40785,90.812802,90.885952,1,"[1, 7, 8400]",True
271,0.394437,1.848988,31.84819,0.4451,34.536714999999994,34.61688,1,"[1, 7, 8400]",True
272,4.99074,1.44461,33.589826,0.49431,40.519486,40.600833,1,"[1, 7, 8400]",True
273,0.298677,1.518826,28.767632,0.445756,31.030890999999997,31.113773,1,"[1, 7, 8400]",True
274,33.819468,5.178851,50.772044,0.330141,90.100504,90.181115,1,"[1, 7, 8400]",True
275,0.329572,1.559584,29.590516,0.337145,31.816817,31.884226,1,"[1, 7, 8400]",True
276,15.121146,1.280439,51.449973,0.31547,68.167028,68.232347,1,"[1, 7, 8400]",True
277,10.990845,1.231624,41.289388,0.320501,53.832358000000006,53.89851,1,"[1, 7, 8400]",True
278,0.300472,1.68398,31.028016,0.342081,33.354549,33.421331,1,"[1, 7, 8400]",True
279,23.496478,1.369161,51.670375,0.306626,76.84263999999999,76.912073,1,"[1, 7, 8400]",True
280,0.35421,1.248997,28.739071,0.333646,30.675924000000002,30.750598,1,"[1, 7, 8400]",True
281,16.067835,1.259209,46.767517,0.504518,64.599079,64.68585,1,"[1, 7, 8400]",True
282,0.307746,1.582917,26.664537,0.449078,29.004278,29.087238,1,"[1, 7, 8400]",True
283,22.08051,2.554842,41.39318,0.399691,66.428223,66.513332,1,"[1, 7, 8400]",True
284,0.292162,1.284166,30.520605,0.335979,32.432912,32.513106,1,"[1, 7, 8400]",True
285,23.035152,1.710922,56.847826,0.507971,82.10187099999999,82.187539,1,"[1, 7, 8400]",True
286,0.28659,2.105985,30.353764,0.441378,33.187717,33.272644,1,"[1, 7, 8400]",True
287,11.445787,1.423034,46.423009,0.514877,59.806706999999996,59.888219,1,"[1, 7, 8400]",True
288,15.757263,2.645231,39.014686,0.441704,57.858884,57.944349,1,"[1, 7, 8400]",True
289,0.362799,2.134571,28.438403,0.443879,31.379652,31.460389,1,"[1, 7, 8400]",True
290,26.313256,3.111741,42.999167,0.453735,72.87789899999999,72.962712,1,"[1, 7, 8400]",True
291,0.263382,1.370579,28.079136,0.443743,30.15684,30.236262,1,"[1, 7, 8400]",True
292,23.038816,2.136884,58.126864,0.492026,83.79458999999999,83.98375,1,"[1, 7, 8400]",True
293,0.384121,1.566273,28.818112,0.486358,31.254863999999998,31.335393,1,"[1, 7, 8400]",True
294,7.743731,2.212927,40.446752,0.485744,50.88915399999999,50.978843,1,"[1, 7, 8400]",True
295,0.294674,2.096585,29.145087,0.388745,31.925091000000002,31.998828,1,"[1, 7, 8400]",True
296,24.743845,2.147193,57.469266,0.514322,84.874626,84.960027,1,"[1, 7, 8400]",True
297,0.297751,1.786266,33.678383,0.34509,36.10749,36.178563,1,"[1, 7, 8400]",True
298,7.606053,1.380307,37.661892,0.319733,46.967985,47.032757,1,"[1, 7, 8400]",True
299,24.39828,1.840657,59.597535,0.524558,86.36103,86.459357,1,"[1, 7, 8400]",True
300,0.276664,1.359943,34.760041,0.410266,36.806914,36.895953,1,"[1, 7, 8400]",True
301,0.829606,1.506494,29.881148,0.458813,32.676061,32.758786,1,"[1, 7, 8400]",True
302,4.13641,2.172705,29.714079,0.444327,36.467521000000005,36.5529,1,"[1, 7, 8400]",True
303,31.808183,4.858468,53.942363,0.489696,91.09871,91.201981,1,"[1, 7, 8400]",True
304,0.274573,2.185067,29.718311,0.4455,32.623451,32.704734,1,"[1, 7, 8400]",True
305,7.632834,1.294769,37.169384,0.300421,46.397408,46.471578,1,"[1, 7, 8400]",True
306,0.394448,2.089637,28.878788,0.450039,31.812912,31.894492,1,"[1, 7, 8400]",True
307,29.469569,3.061346,61.977102,0.658297,95.166314,95.271984,1,"[1, 7, 8400]",True
308,0.335913,1.4297,32.929022,0.481042,35.17567700000001,35.260556,1,"[1, 7, 8400]",True
309,2.37391,2.046283,28.222297,0.380958,33.023448,33.101965,1,"[1, 7, 8400]",True
310,33.744145,3.007329,59.221043,0.521306,96.493823,96.604885,1,"[1, 7, 8400]",True
311,0.286059,1.621348,33.134756,0.430106,35.472269000000004,35.552647,1,"[1, 7, 8400]",True
312,1.054423,1.499374,29.025381,0.455755,32.034933,32.118948,1,"[1, 7, 8400]",True
313,5.19349,1.779048,39.096825,0.336684,46.406047,46.475929,1,"[1, 7, 8400]",True
314,22.92152,2.603122,57.12096,0.45839,83.10399199999999,83.214289,1,"[1, 7, 8400]",True
315,0.314083,1.549945,31.015562,0.3251,33.20469,33.284109,1,"[1, 7, 8400]",True
316,6.24084,1.642437,41.431114,0.426508,49.740899,49.820244,1,"[1, 7, 8400]",True
317,0.295903,1.528087,29.798315,0.343826,31.966130999999997,32.03257,1,"[1, 7, 8400]",True
318,24.37342,1.627016,53.778492,0.448498,80.22742600000001,80.309271,1,"[1, 7, 8400]",True
319,0.351148,1.332919,28.41365,0.320643,30.41836,30.496927,1,"[1, 7, 8400]",True
320,13.462532,1.245042,46.706069,0.359567,61.77321,61.844329,1,"[1, 7, 8400]",True
321,0.298274,1.30035,31.836422,0.424047,33.859093,33.93302,1,"[1, 7, 8400]",True
322,21.895261,2.306846,54.573428,0.318124,79.093659,79.161975,1,"[1, 7, 8400]",True
323,6.626504,1.222047,34.784457,0.452172,43.08518,43.166446,1,"[1, 7, 8400]",True
324,0.29265,1.884295,31.574905,0.449458,34.201308000000004,34.28076,1,"[1, 7, 8400]",True
325,29.406334,2.449297,60.156545,0.386583,92.39875900000001,92.615999,1,"[1, 7, 8400]",True
326,0.306778,1.275681,30.522612,0.476456,32.581526999999994,32.660999,1,"[1, 7, 8400]",True
327,3.6958,2.172781,27.612397,0.356481,33.837459,33.910285,1,"[1, 7, 8400]",True
328,5.812026,1.303555,36.097665,0.423897,43.637142999999995,43.712116,1,"[1, 7, 8400]",True
329,26.248965,3.572534,52.951977,0.468364,83.24184,83.326375,1,"[1, 7, 8400]",True
330,0.382455,1.465698,31.320474,0.348419,33.517046,33.587477,1,"[1, 7, 8400]",True
331,9.233386,1.34109,40.831634,0.448282,51.854392,51.950222,1,"[1, 7, 8400]",True
332,0.262803,2.068388,28.355875,0.285364,30.972430000000003,31.036223,1,"[1, 7, 8400]",True
333,30.273917,2.459932,56.282855,0.417658,89.43436200000001,89.517493,1,"[1, 7, 8400]",True
334,4.395869,1.59776,37.210846,0.47186,43.676334999999995,43.756587,1,"[1, 7, 8400]",True
335,0.319456,1.388551,27.621704,0.536461,29.866172,29.945195,1,"[1, 7, 8400]",True
336,31.029887,3.212945,58.659723,0.28576,93.188315,93.260224,1,"[1, 7, 8400]",True
337,0.300281,1.315329,32.872243,0.344558,34.83241099999999,34.897552,1,"[1, 7, 8400]",True
338,2.397036,1.713055,33.382816,0.428501,37.92140799999999,37.998456,1,"[1, 7, 8400]",True
339,0.458544,2.123794,29.91063,0.400422,32.893390000000004,32.97431,1,"[1, 7, 8400]",True
340,31.726489,2.375499,58.318348,0.50796,92.92829599999999,93.01117,1,"[1, 7, 8400]",True
341,0.429431,1.391881,34.547583,0.469286,36.838181,36.917729,1,"[1, 7, 8400]",True
342,1.386194,2.094435,29.255701,0.431106,33.167435999999995,33.245107,1,"[1, 7, 8400]",True
343,4.299439,1.376914,29.458733,0.474528,35.609614,35.69312,1,"[1, 7, 8400]",True
344,0.369615,2.124043,28.928007,0.475107,31.896772000000002,31.978788,1,"[1, 7, 8400]",True
345,4.68915,2.187464,32.188394,0.299526,39.364534000000006,39.441028,1,"[1, 7, 8400]",True
346,29.398859,2.867009,57.035679,0.450196,89.751743,89.851603,1,"[1, 7, 8400]",True
347,0.273252,1.73892,29.962205,0.48963,32.464007,32.541323,1,"[1, 7, 8400]",True
348,6.679132,1.442829,42.0078,0.448089,50.577850000000005,50.657512,1,"[1, 7, 8400]",True
349,0.368296,1.349183,29.944754,0.329461,31.991694,32.056924,1,"[1, 7, 8400]",True
350,24.034259,1.726788,54.501461,0.493629,80.756137,80.843175,1,"[1, 7, 8400]",True
351,0.288159,2.142287,30.904478,0.44819,33.783114,33.863125,1,"[1, 7, 8400]",True
352,9.38855,2.138298,37.491671,0.340198,49.358717,49.429006,1,"[1, 7, 8400]",True
353,0.284364,1.726479,30.441778,0.502924,32.955545,33.026706,1,"[1, 7, 8400]",True
354,26.928166,2.539668,58.216818,0.345571,88.030223,88.10107,1,"[1, 7, 8400]",True
355,0.36986,1.562942,34.239842,0.455091,36.62773500000001,36.717362,1,"[1, 7, 8400]",True
356,6.174558,1.380596,37.521607,0.294262,45.37102300000001,45.441758,1,"[1, 7, 8400]",True
357,24.716406,2.509424,59.294278,0.46344,86.983548,87.080358,1,"[1, 7, 8400]",True
358,0.309159,1.445362,32.12215,0.445202,34.321873,34.401243,1,"[1, 7, 8400]",True
359,2.746397,1.341934,31.71984,0.392151,36.200322,36.29264,1,"[1, 7, 8400]",True
360,2.638175,1.380688,32.905554,0.440375,37.36479200000001,37.445176,1,"[1, 7, 8400]",True
361,29.338124,3.366118,60.062391,0.545231,93.311864,93.407037,1,"[1, 7, 8400]",True
362,0.264805,1.710423,31.642437,0.459049,34.076714,34.165413,1,"[1, 7, 8400]",True
363,1.427563,1.301348,31.14492,0.337516,34.211346999999996,34.280807,1,"[1, 7, 8400]",True
364,3.216749,1.309511,29.926712,0.454116,34.907088,34.986043,1,"[1, 7, 8400]",True
365,32.724856,3.274004,59.898645,0.413034,96.31053899999999,96.404736,1,"[1, 7, 8400]",True
366,0.311656,1.726213,34.210642,0.289596,36.538107000000004,36.609753,1,"[1, 7, 8400]",True
367,3.222517,1.27724,31.628459,0.462504,36.590720000000005,36.670899,1,"[1, 7, 8400]",True
368,30.795926,3.296117,60.628734,0.467995,95.188772,95.284495,1,"[1, 7, 8400]",True
369,0.320392,1.693737,28.847968,0.518198,31.380295000000004,31.457204,1,"[1, 7, 8400]",True
370,3.703139,1.546912,30.583775,0.339471,36.173297000000005,36.242983,1,"[1, 7, 8400]",True
371,3.477808,1.290212,29.926588,0.318445,35.013053,35.082007,1,"[1, 7, 8400]",True
372,32.541507,1.951816,54.705287,0.33769,89.5363,89.604686,1,"[1, 7, 8400]",True
373,0.303683,1.292963,28.503085,0.342391,30.442121999999998,30.51024,1,"[1, 7, 8400]",True
374,12.301974,1.464317,42.381397,0.327132,56.47482,56.54264,1,"[1, 7, 8400]",True
375,0.295792,1.90005,35.209682,0.466826,37.87235,37.943186,1,"[1, 7, 8400]",True
376,17.933769,1.561972,55.792161,0.560716,75.848618,75.93799,1,"[1, 7, 8400]",True
377,0.376388,1.381343,33.495337,0.45272,35.705788,35.802205,1,"[1, 7, 8400]",True
378,10.214236,2.288531,30.910794,0.449057,43.862618000000005,43.946826,1,"[1, 7, 8400]",True
379,30.283894,4.237308,51.958709,0.480926,86.960837,87.061207,1,"[1, 7, 8400]",True
380,0.292305,1.716391,32.495487,0.513378,35.017561,35.100948,1,"[1, 7, 8400]",True
381,7.675852,1.310666,42.712585,0.371366,52.070468999999996,52.157877,1,"[1, 7, 8400]",True
382,0.274897,1.276277,30.234986,0.452526,32.238686,32.320314,1,"[1, 7, 8400]",True
383,23.528639,3.252149,44.127634,0.513772,71.422194,71.505149,1,"[1, 7, 8400]",True
384,0.344318,1.494155,30.398025,0.443808,32.680305999999995,32.759879,1,"[1, 7, 8400]",True
385,19.07773,2.837646,44.450707,0.4507,66.816783,66.903268,1,"[1, 7, 8400]",True
386,0.288037,1.323107,29.608778,0.506312,31.726234,31.798331,1,"[1, 7, 8400]",True
387,20.367491,1.568079,53.404291,0.520101,75.859962,75.944268,2,"[1, 7, 8400]",True
388,0.261476,1.53785,31.373201,0.458916,33.631443000000004,33.714138,1,"[1, 7, 8400]",True
389,14.701643,1.669983,50.756712,0.489729,67.618067,67.793063,1,"[1, 7, 8400]",True
390,10.76783,1.356955,49.542814,0.431474,62.099073,62.176659,1,"[1, 7, 8400]",True
391,0.282255,1.271083,35.193267,0.363165,37.10977,37.177704,2,"[1, 7, 8400]",True
392,11.267595,1.249606,35.139915,0.548987,48.206103,48.291458,2,"[1, 7, 8400]",True
393,0.286045,2.167447,31.440164,0.404011,34.297667,34.380959,2,"[1, 7, 8400]",True
394,28.714089,2.132712,58.651053,0.531929,90.02978300000001,90.111744,2,"[1, 7, 8400]",True
395,0.356656,1.60737,29.672969,0.325433,31.962428,32.030109,1,"[1, 7, 8400]",True
396,6.368245,1.298443,34.39031,0.340984,42.397982,42.468326,1,"[1, 7, 8400]",True
397,0.301492,1.332567,30.343125,0.325753,32.302937,32.384375,1,"[1, 7, 8400]",True
398,31.77061,3.424317,64.476086,0.493309,100.16432199999998,100.264696,1,"[1, 7, 8400]",True
399,0.397689,1.536812,36.386845,0.326058,38.647404,38.715397,1,"[1, 7, 8400]",True
400,0.361234,1.474959,28.218527,0.341971,30.396691000000004,30.465557,1,"[1, 7, 8400]",True
401,29.969057,1.972352,55.711481,0.33686,87.98975,88.05906,1,"[1, 7, 8400]",True
402,0.28372,1.307319,29.695896,0.452315,31.73925,31.818199,1,"[1, 7, 8400]",True
403,10.099697,1.74085,51.38769,0.352695,63.580932,63.658303,1,"[1, 7, 8400]",True
404,0.301834,1.339746,29.869923,0.333247,31.84475,31.911605,1,"[1, 7, 8400]",True
405,14.603196,1.445731,49.966737,0.309816,66.32548,66.391042,1,"[1, 7, 8400]",True
406,0.292975,1.316764,33.553169,0.287955,35.45086299999999,35.569944,1,"[1, 7, 8400]",True
407,12.681222,1.444405,50.839924,0.318868,65.284419,65.351335,1,"[1, 7, 8400]",True
408,0.296705,1.353229,32.087795,0.453733,34.191462,34.29515,1,"[1, 7, 8400]",True
409,12.925845,1.400117,48.353714,0.479694,63.15937,63.233763,1,"[1, 7, 8400]",True
410,0.30487,1.411936,29.202802,0.365552,31.285159999999998,31.353781,1,"[1, 7, 8400]",True
411,18.306257,1.508541,47.831717,0.4911,68.137615,68.225209,1,"[1, 7, 8400]",True
412,0.282914,2.076255,31.372394,0.435574,34.167137000000004,34.244811,1,"[1, 7, 8400]",True
413,19.903919,2.906933,42.753422,0.47626,66.040534,66.130721,1,"[1, 7, 8400]",True
414,17.806626,2.731572,41.83231,0.481208,62.851716,62.932774,1,"[1, 7, 8400]",True
415,0.353864,2.157445,27.943971,0.42834,30.88362,30.958284,1,"[1, 7, 8400]",True
416,23.863529,2.159627,59.196192,0.367585,85.586933,85.658744,1,"[1, 7, 8400]",True
417,0.312552,1.442343,33.731565,0.423189,35.909649,35.985998,1,"[1, 7, 8400]",True
418,2.015994,1.401742,32.399716,0.395968,36.21342,36.292626,1,"[1, 7, 8400]",True
419,1.738714,1.278949,28.443359,0.444747,31.905769,31.979112,1,"[1, 7, 8400]",True
420,34.140891,2.930991,60.536329,0.440227,98.048438,98.142795,1,"[1, 7, 8400]",True
421,0.289608,1.265467,36.097987,0.338291,37.991353000000004,38.057773,1,"[1, 7, 8400]",True
422,0.27917,1.458162,26.69431,0.33596,28.767602,28.836162,1,"[1, 7, 8400]",True
423,4.5757,1.414362,29.258546,0.3299,35.578508,35.646118,1,"[1, 7, 8400]",True
424,0.693651,1.328007,30.826487,0.334502,33.182647,33.247322,1,"[1, 7, 8400]",True
425,3.70573,1.382317,27.848133,0.369991,33.306171,33.374393,1,"[1, 7, 8400]",True
426,34.676058,2.745821,59.325919,0.359142,97.10694,97.180286,1,"[1, 7, 8400]",True
427,0.328222,2.019083,29.548509,0.342104,32.237918,32.310187,1,"[1, 7, 8400]",True
428,4.742724,1.298743,30.993336,0.450652,37.485454999999995,37.567426,1,"[1, 7, 8400]",True
429,3.160288,1.451292,30.449791,0.378669,35.44004,35.517616,1,"[1, 7, 8400]",True
430,31.991088,2.958229,60.452352,0.466655,95.868324,95.952763,1,"[1, 7, 8400]",True
431,0.281726,1.852547,32.786375,0.341399,35.262047,35.32919,1,"[1, 7, 8400]",True
432,0.313386,1.407403,27.595149,0.340353,29.656291,29.727208,1,"[1, 7, 8400]",True
433,6.627702,1.284243,29.025197,0.333588,37.27073,37.337417,1,"[1, 7, 8400]",True
434,33.513,2.616214,58.976815,0.477826,95.583855,95.660478,1,"[1, 7, 8400]",True
435,0.282439,1.338972,31.878304,0.347813,33.847528000000004,33.912703,1,"[1, 7, 8400]",True
436,7.741896,1.315085,33.697472,0.37163,43.126083,43.2013,1,"[1, 7, 8400]",True
437,28.5652,1.764506,55.558677,0.467192,86.355575,86.438008,1,"[1, 7, 8400]",True
438,0.331847,2.058753,30.704967,0.320497,33.416064000000006,33.488648,1,"[1, 7, 8400]",True
439,8.459271,1.204069,37.898323,0.450323,48.01198599999999,48.092624,1,"[1, 7, 8400]",True
440,0.440163,1.370184,30.017896,0.444977,32.27322,32.367511,1,"[1, 7, 8400]",True
441,28.221342,3.765146,44.517769,0.448648,76.952905,77.093125,1,"[1, 7, 8400]",True
442,0.391993,1.792358,26.917514,0.366161,29.468026000000002,29.555188,1,"[1, 7, 8400]",True
443,21.266768,1.271393,59.380605,0.394482,82.313248,82.39314,1,"[1, 7, 8400]",True
444,0.287394,1.389771,34.042063,0.35214,36.071368,36.147625,1,"[1, 7, 8400]",True
445,2.679339,1.260848,29.357222,0.329825,33.627234,33.69482,1,"[1, 7, 8400]",True
446,4.975207,1.367919,33.035514,0.322171,39.700810999999995,39.767399,1,"[1, 7, 8400]",True
447,0.302574,1.46423,29.416591,0.306128,31.489523000000002,31.553551,1,"[1, 7, 8400]",True
448,1.542583,1.23843,28.880099,0.294684,31.955796000000003,32.026667,1,"[1, 7, 8400]",True
449,33.795052,1.961413,57.62612,0.341092,93.72367700000001,93.792159,1,"[1, 7, 8400]",True
450,0.384337,2.309903,28.669139,0.456976,31.820355000000003,31.91628,1,"[1, 7, 8400]",True
451,7.899346,1.307491,34.010532,0.45669,43.674059,43.757262,1,"[1, 7, 8400]",True
452,0.278721,1.976326,30.760945,0.347458,33.36345,33.4322,1,"[1, 7, 8400]",True
453,30.923668,2.301837,59.780427,0.39257,93.39850200000001,93.478836,1,"[1, 7, 8400]",True
454,0.32778,1.359321,35.583909,0.421164,37.692173999999994,37.766905,1,"[1, 7, 8400]",True
455,0.308835,1.425963,28.434913,0.472128,30.641839000000004,30.72272,1,"[1, 7, 8400]",True
456,4.775939,1.71291,32.074723,0.398071,38.961643,39.057493,1,"[1, 7, 8400]",True
457,29.823895,2.32323,57.444694,0.447511,90.03933,90.125407,1,"[1, 7, 8400]",True
458,0.402109,1.422588,32.934534,0.454629,35.21386,35.329546,1,"[1, 7, 8400]",True
459,8.029774,1.600104,38.24267,0.466737,48.339285,48.430973,1,"[1, 7, 8400]",True
460,23.883655,2.849555,62.052306,0.533081,89.318597,89.417142,1,"[1, 7, 8400]",True
461,0.296493,1.590945,30.558128,0.290421,32.735987,32.803379,1,"[1, 7, 8400]",True
462,1.236064,1.379646,32.325792,0.453753,35.395255,35.475178,1,"[1, 7, 8400]",True
463,1.709219,1.474928,30.631024,0.3378,34.152971,34.222074,1,"[1, 7, 8400]",True
464,32.026322,2.851421,55.665104,0.331993,90.87483999999999,90.946701,1,"[1, 7, 8400]",True
465,0.353091,1.498952,30.164398,0.501739,32.51818,32.601898,1,"[1, 7, 8400]",True
466,8.100933,1.340493,43.280499,0.339667,53.061592,53.127816,1,"[1, 7, 8400]",True
467,0.29479,1.29711,28.070304,0.3424,30.004604,30.07131,1,"[1, 7, 8400]",True
468,25.158582,3.800515,47.612918,0.313596,76.885611,76.958642,1,"[1, 7, 8400]",True
469,0.277161,1.687992,36.838149,0.344386,39.147688,39.212957,1,"[1, 7, 8400]",True
470,12.668947,1.232857,38.628693,0.341169,52.871666,52.941585,1,"[1, 7, 8400]",True
471,23.876716,2.099948,49.990923,0.306875,76.27446200000001,76.357429,1,"[1, 7, 8400]",True
472,0.298519,1.856655,33.487526,0.327068,35.969768,36.034295,1,"[1, 7, 8400]",True
473,11.244764,1.284263,50.147688,0.476231,63.152946,63.236726,1,"[1, 7, 8400]",True
474,0.297467,1.791185,32.021325,0.339468,34.449445,34.519062,1,"[1, 7, 8400]",True
475,13.628426,1.259559,41.058366,0.319894,56.266245,56.331936,1,"[1, 7, 8400]",True
476,0.312342,1.307787,29.095744,0.335272,31.051144999999998,31.116032,1,"[1, 7, 8400]",True
477,26.160352,1.511891,59.936152,0.437385,88.04578000000001,88.125831,1,"[1, 7, 8400]",True
478,0.334484,1.331711,30.009193,0.515661,32.191049,32.274135,1,"[1, 7, 8400]",True
479,5.603971,1.632969,34.297638,0.434286,41.968863999999996,42.07075,1,"[1, 7, 8400]",True
480,0.35972,2.240922,28.508481,0.440104,31.549227000000002,31.627517,1,"[1, 7, 8400]",True
481,0.244242,1.422811,28.235441,0.338237,30.240731,30.311185,1,"[1, 7, 8400]",True
482,5.455674,1.330069,29.973432,0.380755,37.13993,37.211138,1,"[1, 7, 8400]",True
483,32.551052,3.160866,60.472012,0.393382,96.577312,96.661931,1,"[1, 7, 8400]",True
484,0.306633,2.206673,31.310132,0.424261,34.247699,34.324426,1,"[1, 7, 8400]",True
485,1.039454,1.484275,28.189053,0.445508,31.15829,31.240273,1,"[1, 7, 8400]",True
486,5.936934,1.454318,35.921889,0.469987,43.783128000000005,43.873547,1,"[1, 7, 8400]",True
487,26.368712,2.874224,58.30888,0.349548,87.901364,87.991281,1,"[1, 7, 8400]",True
488,0.293293,1.355406,28.158847,0.349421,30.156967,30.221201,1,"[1, 7, 8400]",True
489,7.769939,1.459842,39.452493,0.321071,49.003344999999996,49.06876,1,"[1, 7, 8400]",True
490,0.289084,1.317172,30.873431,0.462298,32.941984999999995,33.016295,1,"[1, 7, 8400]",True
491,25.884876,2.70802,62.481004,0.366424,91.44032399999999,91.51569,1,"[1, 7, 8400]",True
492,0.336946,1.557383,30.171377,0.334895,32.400601,32.466408,1,"[1, 7, 8400]",True
493,5.730857,1.347355,30.279571,0.338658,37.696441,37.765619,1,"[1, 7, 8400]",True
494,32.100203,3.129989,56.066077,0.316118,91.612387,91.693748,1,"[1, 7, 8400]",True
495,0.314137,1.280223,32.469533,0.343919,34.407812,34.474247,1,"[1, 7, 8400]",True
496,5.598052,1.277506,33.546489,0.473445,40.895492,40.976099,1,"[1, 7, 8400]",True
497,0.516805,1.743621,27.92274,0.452869,30.636035,30.718933,1,"[1, 7, 8400]",True
498,34.45744,2.533654,56.575874,0.479906,94.046874,94.135293,1,"[1, 7, 8400]",True
499,0.310172,1.256676,31.436232,0.343397,33.346477,33.413407,1,"[1, 7, 8400]",True
500,6.300508,1.287772,34.963872,0.315045,42.867197,42.936425,1,"[1, 7, 8400]",True
501,0.29264,1.723036,31.564461,0.28635,33.866487,33.928827,1,"[1, 7, 8400]",True
502,29.658725,2.400514,52.890694,0.323735,85.273668,85.354592,1,"[1, 7, 8400]",True
503,0.299338,1.545398,27.668361,0.336278,29.849375000000002,29.91637,1,"[1, 7, 8400]",True
504,14.128396,1.279044,42.95167,0.338702,58.697812,58.765863,1,"[1, 7, 8400]",True
505,0.273192,1.330718,28.693929,0.403382,30.701221,30.778017,1,"[1, 7, 8400]",True
506,28.958942,1.85032,53.001073,0.460314,84.27064899999999,84.354292,1,"[1, 7, 8400]",True
507,8.449782,1.514927,50.634485,0.335814,60.935007999999996,61.011606,1,"[1, 7, 8400]",True
508,0.296285,1.324004,32.700896,0.445992,34.767177,34.844461,1,"[1, 7, 8400]",True
509,12.478007,1.704847,51.506144,0.476463,66.165461,66.257689,1,"[1, 7, 8400]",True
510,0.278073,2.095014,28.989897,0.347362,31.710345999999998,31.792759,1,"[1, 7, 8400]",True
511,14.415809,1.263042,49.170273,0.329626,65.17875000000001,65.244886,1,"[1, 7, 8400]",True
512,0.31166,2.253077,29.568142,0.336294,32.469173000000005,32.540755,1,"[1, 7, 8400]",True
513,16.621553,1.267961,50.630842,0.279063,68.79941899999999,68.876405,1,"[1, 7, 8400]",True
514,0.405912,2.165373,30.565225,0.4605,33.597010000000004,33.683554,1,"[1, 7, 8400]",True
515,14.084412,1.756395,50.636208,0.472918,66.94993300000002,67.038063,1,"[1, 7, 8400]",True
516,0.31357,1.477411,32.070932,0.449948,34.311861,34.39779,1,"[1, 7, 8400]",True
517,16.677378,1.694811,51.652122,0.560547,70.584858,70.664241,1,"[1, 7, 8400]",True
518,9.701448,1.353414,43.694899,0.336969,55.08673,55.169648,1,"[1, 7, 8400]",True
519,0.362677,1.40238,32.131446,0.449837,34.34634,34.433463,1,"[1, 7, 8400]",True
520,20.259183,2.050818,59.593408,0.512389,82.415798,82.504798,1,"[1, 7, 8400]",True
521,0.333009,1.461566,33.347474,0.343292,35.485341,35.554841,1,"[1, 7, 8400]",True
522,1.839685,1.332202,31.434969,0.470609,35.077465000000004,35.157427,1,"[1, 7, 8400]",True
523,2.686229,2.064124,32.003265,0.413029,37.166647000000005,37.243223,1,"[1, 7, 8400]",True
524,29.549959,2.931818,57.996182,0.345806,90.823765,90.909719,1,"[1, 7, 8400]",True
525,0.346844,1.65602,30.007424,0.33152,32.341808,32.40882,1,"[1, 7, 8400]",True
526,6.181224,1.322676,31.609575,0.4645,39.577975,39.65905,1,"[1, 7, 8400]",True
527,2.460486,1.427659,32.444212,0.518133,36.85049,36.930475,1,"[1, 7, 8400]",True
528,0.31479,1.379803,27.967973,0.331139,29.993705000000002,30.061754,1,"[1, 7, 8400]",True
529,3.401614,1.294678,29.5741,0.443435,34.713827,34.788739,1,"[1, 7, 8400]",True
530,32.841804,2.327392,59.323615,0.538198,95.031009,95.120535,1,"[1, 7, 8400]",True
531,0.283936,2.159247,28.374906,0.439102,31.257191,31.338244,1,"[1, 7, 8400]",True
532,6.296711,1.35139,30.810015,0.343558,38.801674000000006,38.87287,1,"[1, 7, 8400]",True
533,3.277201,1.31401,29.760345,0.336429,34.687985000000005,34.772802,1,"[1, 7, 8400]",True
534,32.685874,2.082506,57.249609,0.348071,92.36606,92.443327,1,"[1, 7, 8400]",True
535,0.414406,1.984909,38.440195,0.338735,41.178245000000004,41.246513,1,"[1, 7, 8400]",True
536,0.242416,1.287943,28.624523,0.445948,30.600830000000002,30.683665,1,"[1, 7, 8400]",True
537,4.021723,2.113063,28.746818,0.428576,35.31018,35.385738,1,"[1, 7, 8400]",True
538,32.86468,1.95305,59.281268,0.396074,94.495072,94.574559,1,"[1, 7, 8400]",True
539,0.458529,1.403271,34.623748,0.447036,36.932584,37.011145,1,"[1, 7, 8400]",True
540,5.145237,1.559393,32.363667,0.351301,39.419598,39.535267,1,"[1, 7, 8400]",True
541,29.476902,1.935233,59.179824,0.368413,90.960372,91.033469,1,"[1, 7, 8400]",True
542,0.308436,1.386532,34.003508,0.4489,36.147376,36.23433,1,"[1, 7, 8400]",True
543,2.067525,2.207046,31.87272,0.447877,36.595168,36.682964,1,"[1, 7, 8400]",True
544,1.259284,1.526372,27.917552,0.478866,31.182074,31.271406,1,"[1, 7, 8400]",True
545,34.503385,2.925135,60.651859,0.457015,98.53739399999999,98.623189,1,"[1, 7, 8400]",True
546,0.355237,1.572956,29.326056,0.499209,31.753458000000002,31.828583,1,"[1, 7, 8400]",True
547,3.586984,1.299572,34.819325,0.42973,40.135611,40.22128,1,"[1, 7, 8400]",True
548,0.308661,2.065011,29.186057,0.341367,31.901096000000003,31.96844,1,"[1, 7, 8400]",True
549,31.839835,2.381234,61.431711,0.47686,96.12964000000001,96.230835,1,"[1, 7, 8400]",True
550,0.295764,1.807878,31.887853,0.339446,34.330941,34.401777,1,"[1, 7, 8400]",True
551,4.856442,1.339339,36.135016,0.449943,42.78074,42.860726,1,"[1, 7, 8400]",True
552,26.0924,1.942365,56.301039,0.556388,84.892192,84.999111,1,"[1, 7, 8400]",True
553,0.292447,1.528086,34.379798,0.337076,36.537407,36.605474,1,"[1, 7, 8400]",True
554,4.413363,2.187135,28.407522,0.461081,35.469101,35.550976,1,"[1, 7, 8400]",True
555,4.764124,1.53238,31.03644,0.344418,37.677361999999995,37.762142,1,"[1, 7, 8400]",True
556,31.235831,3.168316,58.070083,0.502672,92.97690200000001,93.068546,1,"[1, 7, 8400]",True
557,0.351005,1.387653,31.003553,0.39242,33.134631,33.209337,1,"[1, 7, 8400]",True
558,4.594809,2.159023,29.307734,0.339677,36.401243,36.470835,1,"[1, 7, 8400]",True
559,4.20944,1.299699,32.555435,0.498446,38.56302,38.640911,1,"[1, 7, 8400]",True
560,29.864163,2.792727,61.853087,0.361566,94.871543,94.950051,1,"[1, 7, 8400]",True
561,0.364504,1.357489,28.796271,0.336597,30.854861000000003,30.923411,1,"[1, 7, 8400]",True
562,7.66075,1.29826,35.226256,0.468431,44.653697,44.740327,1,"[1, 7, 8400]",True
563,27.204644,3.928617,48.345282,0.557841,80.036384,80.11607,1,"[1, 7, 8400]",True
564,0.348694,1.612168,31.849312,0.348023,34.158197,34.246279,1,"[1, 7, 8400]",True
565,12.393313,1.239135,35.94902,0.337147,49.918615,49.985575,1,"[1, 7, 8400]",True
566,0.384788,1.461065,27.569513,0.342312,29.757678,29.827298,1,"[1, 7, 8400]",True
567,32.791764,2.361547,58.792725,0.339217,94.285253,94.356179,1,"[1, 7, 8400]",True
568,0.288381,1.339849,29.854942,0.322797,31.805969,31.874522,1,"[1, 7, 8400]",True
569,6.483838,1.271973,29.160442,0.332798,37.249050999999994,37.314832,1,"[1, 7, 8400]",True
570,4.989482,1.328481,31.772415,0.364722,38.4551,38.533538,1,"[1, 7, 8400]",True
571,30.766488,2.040804,60.545332,0.313618,93.666242,93.731368,1,"[1, 7, 8400]",True
572,0.346873,1.276409,34.463537,0.34736,36.43417900000001,36.500542,1,"[1, 7, 8400]",True
573,4.246248,1.316889,30.023386,0.340067,35.92659,35.994238,1,"[1, 7, 8400]",True
574,32.317719,2.502962,53.632657,0.333005,88.786343,88.85555,1,"[1, 7, 8400]",True
575,0.396772,2.188735,35.994182,0.33726,38.916949,38.985866,1,"[1, 7, 8400]",True
576,4.274558,1.340062,37.579218,0.319996,43.513834,43.579827,1,"[1, 7, 8400]",True
577,0.325684,1.266123,28.463457,0.322039,30.377302999999998,30.442618,1,"[1, 7, 8400]",True
578,30.494218,2.492509,58.733415,0.380785,92.10092700000001,92.193311,1,"[1, 7, 8400]",True
579,0.320239,1.357412,38.998205,0.328695,41.004551,41.082697,1,"[1, 7, 8400]",True
580,0.279754,1.334128,27.821899,0.451454,29.887234999999997,30.013001,1,"[1, 7, 8400]",True
581,2.913563,1.360657,32.573429,0.347829,37.195477999999994,37.271734,1,"[1, 7, 8400]",True
582,29.965909,2.835379,55.328226,0.310092,88.439606,88.506934,1,"[1, 7, 8400]",True
583,0.300407,1.295749,31.791058,0.335798,33.723012,33.789821,1,"[1, 7, 8400]",True
584,7.412755,1.449764,44.745222,0.342771,53.950511999999996,54.018564,1,"[1, 7, 8400]",True
585,0.245826,1.653644,32.103143,0.491151,34.493764000000006,34.587319,1,"[1, 7, 8400]",True
586,22.910818,2.613648,56.972618,0.502001,82.99908500000001,83.088027,1,"[1, 7, 8400]",True
587,3.65511,1.265106,41.601073,0.451671,46.97295999999999,47.065972,1,"[1, 7, 8400]",True
588,0.319737,2.140197,28.507277,0.33599,31.303200999999998,31.371844,1,"[1, 7, 8400]",True
589,25.169049,1.785679,60.999225,0.380404,88.33435700000001,88.416912,1,"[1, 7, 8400]",True
590,0.314196,2.255945,29.90614,0.430097,32.906378000000004,32.985896,1,"[1, 7, 8400]",True
591,3.598785,2.20993,28.724785,0.464886,34.998386,35.093751,1,"[1, 7, 8400]",True
592,4.468835,1.356084,29.511492,0.391653,35.728063999999996,35.808308,1,"[1, 7, 8400]",True
593,32.97298,2.968818,63.275612,0.602791,99.820201,99.924859,1,"[1, 7, 8400]",True
594,0.275022,1.856815,33.581254,0.344422,36.057513,36.131526,1,"[1, 7, 8400]",True
595,0.286536,1.456696,27.035133,0.333516,29.111880999999997,29.190141,1,"[1, 7, 8400]",True
596,35.71661,2.456923,58.498285,0.391874,97.063692,97.145424,1,"[1, 7, 8400]",True
597,0.323054,1.471779,37.265603,0.452446,39.512882,39.586151,1,"[1, 7, 8400]",True
598,0.308756,1.276476,30.495134,0.322509,32.402874999999995,32.468553,1,"[1, 7, 8400]",True
599,0.289611,1.299748,28.998336,0.447229,31.034923999999997,31.114427,1,"[1, 7, 8400]",True
600,2.794787,2.059082,28.74887,0.468187,34.070926,34.15359,1,"[1, 7, 8400]",True
601,0.695877,1.397993,31.510064,0.474706,34.07864,34.165316,1,"[1, 7, 8400]",True
602,2.592144,2.26811,29.802828,0.448391,35.111473000000004,35.192758,1,"[1, 7, 8400]",True
603,31.820838,2.799765,60.172218,0.357195,95.15001600000001,95.24006,1,"[1, 7, 8400]",True
604,0.319619,1.653431,34.254437,0.286513,36.514,36.581422,1,"[1, 7, 8400]",True
605,0.301759,1.275971,27.778124,0.339178,29.695031999999998,29.760618,1,"[1, 7, 8400]",True
606,5.855694,1.618487,28.868487,0.327758,36.670426,36.743864,1,"[1, 7, 8400]",True
607,33.290588,2.642436,63.504229,0.400573,99.83782599999999,99.916992,1,"[1, 7, 8400]",True
608,0.329179,1.384385,30.942917,0.338901,32.995382,33.06195,1,"[1, 7, 8400]",True
609,0.283193,1.325637,31.227448,0.340788,33.177066,33.242258,1,"[1, 7, 8400]",True
610,2.684772,1.570803,28.404569,0.341514,33.001658,33.068775,1,"[1, 7, 8400]",True
611,1.578524,1.314131,29.636552,0.443359,32.972566,33.053521,1,"[1, 7, 8400]",True
612,0.559754,1.321012,28.598255,0.340857,30.819878000000003,30.899816,1,"[1, 7, 8400]",True
613,5.680189,1.569082,35.543338,0.334728,43.127337,43.194165,1,"[1, 7, 8400]",True
614,0.288731,1.400485,28.405509,0.326992,30.421716999999997,30.487395,1,"[1, 7, 8400]",True
615,32.302167,2.340929,59.320907,0.513606,94.47760899999999,94.592738,1,"[1, 7, 8400]",True
616,0.371103,2.202908,30.552421,0.338113,33.464545,33.533378,1,"[1, 7, 8400]",True
617,3.973243,1.613467,36.59503,0.334859,42.51659900000001,42.583554,1,"[1, 7, 8400]",True
618,0.323461,2.413355,30.38053,0.455649,33.572995,33.650885,1,"[1, 7, 8400]",True
619,27.80701,3.959831,57.682066,0.340526,89.78943299999999,89.859873,1,"[1, 7, 8400]",True
620,0.283742,1.296979,31.591184,0.335096,33.507000999999995,33.572829,1,"[1, 7, 8400]",True
621,4.102889,1.622342,28.156477,0.341382,34.22309,34.2921,1,"[1, 7, 8400]",True
622,1.663039,1.326814,30.644512,0.33604,33.970405,34.036982,1,"[1, 7, 8400]",True
623,3.706569,1.340852,31.735014,0.327421,37.109856,37.181897,1,"[1, 7, 8400]",True
624,0.319177,1.324768,29.886621,0.333517,31.864083,31.934997,1,"[1, 7, 8400]",True
625,0.386474,1.454969,28.709985,0.33919,30.890618,30.96047,1,"[1, 7, 8400]",True
626,3.58669,1.332582,29.149079,0.342025,34.410376,34.484674,1,"[1, 7, 8400]",True
627,1.009439,1.494935,29.470857,0.466534,32.441765,32.527744,1,"[1, 7, 8400]",True
628,4.692906,2.172498,34.901483,0.388137,42.155024,42.228994,1,"[1, 7, 8400]",True
629,26.518518,2.198772,59.247427,0.550649,88.51536600000001,88.603725,1,"[1, 7, 8400]",True
630,0.34465,1.37408,29.913668,0.453943,32.086341000000004,32.167421,1,"[1, 7, 8400]",True
631,5.560708,1.74472,39.03227,0.345143,46.682840999999996,46.754179,1,"[1, 7, 8400]",True
632,0.293366,1.291401,28.787915,0.507581,30.880263,30.958723,1,"[1, 7, 8400]",True
633,28.082979,4.799925,55.354252,0.502253,88.739409,88.832155,1,"[1, 7, 8400]",True
634,0.368836,1.331656,33.909186,0.351042,35.960719999999995,36.031442,1,"[1, 7, 8400]",True
635,2.908464,1.614972,34.174793,0.465281,39.163509999999995,39.241407,1,"[1, 7, 8400]",True
636,0.281862,1.30198,28.93071,0.338235,30.852787000000003,30.919695,1,"[1, 7, 8400]",True
637,0.434869,1.345635,27.716272,0.421406,29.918182,29.993549,1,"[1, 7, 8400]",True
638,2.45014,1.530908,29.574498,0.498244,34.05379,34.129353,1,"[1, 7, 8400]",True
639,4.489607,1.344513,33.581803,0.339235,39.755158,39.833848,1,"[1, 7, 8400]",True
640,0.298709,1.261847,29.33524,0.332008,31.227803999999995,31.293762,1,"[1, 7, 8400]",True
641,33.686776,2.502042,61.838693,0.389994,98.417505,98.496193,1,"[1, 7, 8400]",True
642,0.374107,1.462279,34.122353,0.334413,36.29315199999999,36.358335,1,"[1, 7, 8400]",True
643,0.316129,1.387247,28.781045,0.34005,30.824471,30.895647,1,"[1, 7, 8400]",True
644,0.283849,1.580217,26.652618,0.336349,28.853033,28.931506,1,"[1, 7, 8400]",True
645,6.566322,1.376893,36.545304,0.341385,44.829904000000006,44.896245,1,"[1, 7, 8400]",True
646,25.979803,2.362595,57.58351,0.472424,86.398332,86.482758,1,"[1, 7, 8400]",True
647,0.308734,2.245812,31.286992,0.32866,34.170198,34.24465,1,"[1, 7, 8400]",True
648,4.995878,1.355064,31.050742,0.341369,37.743053,37.811413,1,"[1, 7, 8400]",True
649,3.219701,2.08804,32.175808,0.32332,37.806869000000006,37.87377,1,"[1, 7, 8400]",True
650,0.391792,1.677431,30.521014,0.33101,32.921247,32.989952,1,"[1, 7, 8400]",True
651,0.363018,1.983173,28.934417,0.325087,31.605695,31.676242,1,"[1, 7, 8400]",True
652,32.854566,3.052899,61.154505,0.559437,97.621407,97.71945,1,"[1, 7, 8400]",True
653,0.301545,1.697816,27.399972,0.338897,29.73823,29.809932,1,"[1, 7, 8400]",True
654,4.990019,1.326204,33.397348,0.336994,40.050565,40.114391,1,"[1, 7, 8400]",True
655,0.738699,1.363053,32.354467,0.510165,34.966384,35.044315,1,"[1, 7, 8400]",True
656,30.009981,2.895202,56.627498,0.594584,90.127265,90.221414,1,"[1, 7, 8400]",True
657,0.329558,1.354136,38.714667,0.366057,40.764418,40.834327,1,"[1, 7, 8400]",True
658,0.37909,2.136928,28.056947,0.461319,31.034284,31.116411,1,"[1, 7, 8400]",True
659,3.633979,2.119713,28.698206,0.398856,34.850754,34.948312,1,"[1, 7, 8400]",True
660,0.320855,1.478935,27.356419,0.337736,29.493945,29.558886,1,"[1, 7, 8400]",True
661,2.914763,1.342048,30.053377,0.501564,34.811752000000006,34.894971,1,"[1, 7, 8400]",True
662,4.080935,1.417961,30.409373,0.350718,36.258987,36.335233,1,"[1, 7, 8400]",True
663,0.263133,1.280448,29.868632,0.326828,31.739041,31.808402,1,"[1, 7, 8400]",True
664,0.277683,1.25561,29.375464,0.331787,31.240544,31.311473,1,"[1, 7, 8400]",True
665,4.62531,1.261535,29.832163,0.450061,36.169069,36.246668,1,"[1, 7, 8400]",True
666,0.320116,1.470555,31.285388,0.346576,33.422635,33.487035,1,"[1, 7, 8400]",True
667,0.267987,1.331693,30.515165,0.42278,32.537625000000006,32.618151,1,"[1, 7, 8400]",True
668,2.105516,1.301639,30.115812,0.463456,33.986423,34.069694,1,"[1, 7, 8400]",True
669,0.308675,1.604419,28.299048,0.443671,30.655813,30.735139,1,"[1, 7, 8400]",True
670,5.417808,1.55,35.020191,0.296955,42.28495399999999,42.378505,1,"[1, 7, 8400]",True
671,27.083722,3.310602,53.7785,0.471591,84.64441500000001,84.728084,1,"[1, 7, 8400]",True
672,0.301623,2.185177,29.706463,0.297675,32.490938,32.563415,1,"[1, 7, 8400]",True
673,9.734094,1.473913,42.738765,0.336729,54.283501,54.351885,1,"[1, 7, 8400]",True
674,0.320716,1.763731,28.927945,0.346476,31.358868,31.427479,1,"[1, 7, 8400]",True
675,23.98264,1.828159,57.587234,0.362406,83.76043899999999,83.83924,1,"[1, 7, 8400]",True
676,0.346863,1.310457,35.457606,0.334977,37.449903,37.53526,1,"[1, 7, 8400]",True
677,2.537269,1.31326,29.824518,0.439013,34.11406,34.194141,1,"[1, 7, 8400]",True
678,4.331938,1.597149,33.988207,0.342195,40.259489,40.338987,1,"[1, 7, 8400]",True
679,0.347235,1.305953,27.095802,0.321584,29.070574,29.134607,1,"[1, 7, 8400]",True
680,34.840792,2.268947,54.50683,0.333895,91.950464,92.019762,1,"[1, 7, 8400]",True
681,0.307435,1.259634,30.716741,0.335324,32.619134,32.697355,1,"[1, 7, 8400]",True
682,9.931251,1.43421,33.256774,0.390155,45.01239,45.09568,1,"[1, 7, 8400]",True
683,0.266306,1.286884,31.326902,0.434713,33.314805,33.395256,1,"[1, 7, 8400]",True
684,0.315951,2.33169,27.302075,0.441224,30.390939999999997,30.499398,1,"[1, 7, 8400]",True
685,33.281811,2.887276,57.393027,0.464413,94.02652699999999,94.185885,1,"[1, 7, 8400]",True
686,0.346787,1.257607,32.327828,0.326214,34.258435999999996,34.322688,1,"[1, 7, 8400]",True
687,4.468154,1.284191,36.666965,0.442855,42.862165,42.948936,1,"[1, 7, 8400]",True
688,0.28574,2.19277,29.34927,0.343734,32.171514,32.239833,1,"[1, 7, 8400]",True
689,0.267942,1.34103,30.071241,0.357975,32.038188000000005,32.124981,1,"[1, 7, 8400]",True
690,0.308022,1.35868,27.956425,0.329249,29.952376,30.014925,1,"[1, 7, 8400]",True
691,3.011422,1.502736,29.144097,0.326374,33.984629,34.060972,1,"[1, 7, 8400]",True
692,0.761175,1.318306,28.26883,0.459233,30.807544000000004,30.895549,1,"[1, 7, 8400]",True
693,1.81552,1.392212,30.097328,0.478981,33.784040999999995,33.86718,1,"[1, 7, 8400]",True
694,4.120494,1.608292,33.751855,0.327947,39.808588,39.877776,1,"[1, 7, 8400]",True
695,0.3011,1.335475,28.546437,0.322503,30.505515000000003,30.573198,1,"[1, 7, 8400]",True
696,33.856698,2.733412,56.160059,0.340938,93.091107,93.1691,1,"[1, 7, 8400]",True
697,0.284252,1.282071,31.022063,0.332161,32.920547,32.986854,1,"[1, 7, 8400]",True
698,7.422835,1.510871,28.949536,0.332641,38.215883,38.2846,1,"[1, 7, 8400]",True
699,1.053107,1.432151,30.775429,0.334068,33.594755,33.660204,1,"[1, 7, 8400]",True
700,3.528174,1.56663,33.451359,0.448581,38.99474399999999,39.078261,1,"[1, 7, 8400]",True
701,28.712798,3.623869,56.055282,0.476037,88.867986,88.973559,1,"[1, 7, 8400]",True
702,0.3218,2.297915,26.981108,0.430607,30.031429999999997,30.11078,1,"[1, 7, 8400]",True
703,9.251197,1.405915,44.431369,0.366425,55.454905999999994,55.531219,1,"[1, 7, 8400]",True
704,0.295538,1.328498,35.306931,0.308149,37.239115999999996,37.301585,1,"[1, 7, 8400]",True
705,16.385749,1.308859,53.364299,0.338956,71.397863,71.465748,1,"[1, 7, 8400]",True
706,0.293666,1.297414,31.324585,0.286478,33.202143,33.267417,1,"[1, 7, 8400]",True
707,15.688284,1.252115,48.599083,0.332436,65.871918,65.936999,1,"[1, 7, 8400]",True
708,13.723583,1.581676,46.427014,0.293152,62.025425,62.095562,1,"[1, 7, 8400]",True
709,0.331488,1.28029,28.19344,0.333892,30.13911,30.204829,1,"[1, 7, 8400]",True
710,21.516452,1.557034,55.903288,0.359189,79.335963,79.406558,1,"[1, 7, 8400]",True
711,0.290493,1.344118,30.623702,0.339229,32.597542000000004,32.663173,1,"[1, 7, 8400]",True
712,9.30339,1.443615,35.227659,0.336239,46.310903,46.378779,1,"[1, 7, 8400]",True
713,0.262053,1.317735,30.475986,0.448122,32.503896,32.583262,1,"[1, 7, 8400]",True
714,0.283677,1.499497,29.401047,0.337373,31.521593999999997,31.603721,1,"[1, 7, 8400]",True
715,0.379149,1.4368,28.5727,0.420047,30.808696,30.885817,1,"[1, 7, 8400]",True
716,3.65622,1.319584,28.282048,0.329688,33.58754,33.652404,1,"[1, 7, 8400]",True
717,1.950363,1.437034,31.546236,0.43535,35.368983,35.452382,1,"[1, 7, 8400]",True
718,0.376935,2.264929,27.590809,0.452339,30.685011999999997,30.758122,1,"[1, 7, 8400]",True
719,3.694017,2.179237,30.809806,0.445442,37.128502,37.208992,1,"[1, 7, 8400]",True
720,0.368571,1.487913,30.665413,0.430293,32.95219,33.044859,1,"[1, 7, 8400]",True
721,1.431606,1.349815,27.656935,0.370609,30.808965,30.887622,1,"[1, 7, 8400]",True
722,34.990711,4.659869,57.227591,0.769147,97.647318,97.795118,1,"[1, 7, 8400]",True
723,0.389573,2.206012,29.125369,0.434144,32.155098,32.24587,1,"[1, 7, 8400]",True
724,4.563058,1.688321,34.793363,0.473449,41.518191,41.607789,1,"[1, 7, 8400]",True
725,0.277659,1.600658,28.204823,0.368227,30.451367,30.539593,1,"[1, 7, 8400]",True
726,32.641473,3.313527,59.611597,0.555589,96.122186,96.2883,1,"[1, 7, 8400]",True
727,0.30821,1.717555,30.175016,0.34002,32.540801,32.608898,1,"[1, 7, 8400]",True
728,3.348521,1.392243,28.12877,0.327481,33.197015,33.267681,1,"[1, 7, 8400]",True
729,6.143881,1.26591,30.609261,0.313366,38.332418000000004,38.397527,1,"[1, 7, 8400]",True
730,0.299904,1.258056,30.915574,0.476453,32.949987,33.031604,1,"[1, 7, 8400]",True
731,0.32874,1.292619,30.90176,0.344049,32.867168,32.935192,1,"[1, 7, 8400]",True
732,1.677451,1.4197,27.391937,0.335444,30.824531999999998,30.891696,1,"[1, 7, 8400]",True
733,2.678368,1.291235,28.301677,0.33517,32.60645,32.671973,1,"[1, 7, 8400]",True
734,6.182683,1.375965,35.823169,0.451192,43.833009,43.921681,1,"[1, 7, 8400]",True
735,26.637017,3.966451,49.334916,0.501,80.439384,80.524912,1,"[1, 7, 8400]",True
736,0.282862,1.263313,33.12935,0.316757,34.992282,35.057159,1,"[1, 7, 8400]",True
737,10.679949,1.225752,49.386345,0.325827,61.617872999999996,61.684559,1,"[1, 7, 8400]",True
738,0.282483,1.278487,28.649461,0.336068,30.546499,30.613522,1,"[1, 7, 8400]",True
739,18.30256,1.309653,50.71337,0.291942,70.617525,70.681041,1,"[1, 7, 8400]",True
740,0.30075,1.260641,30.864404,0.341954,32.767749,32.84701,1,"[1, 7, 8400]",True
741,14.622681,2.312534,38.590184,0.340157,55.865556,55.934542,1,"[1, 7, 8400]",True
742,0.267811,1.307082,30.999067,0.318135,32.892095,32.954238,1,"[1, 7, 8400]",True
743,30.007324,2.230321,60.063417,0.45052,92.751582,92.832544,1,"[1, 7, 8400]",True
744,1.08534,1.201377,34.817217,0.451388,37.555322000000004,37.63673,1,"[1, 7, 8400]",True
745,0.295651,2.401143,31.010762,0.45375,34.161305999999996,34.246481,1,"[1, 7, 8400]",True
746,29.14827,3.904026,45.006157,0.449929,78.508382,78.594228,1,"[1, 7, 8400]",True
747,0.274783,1.448433,27.429465,0.342004,29.494685,29.56227,1,"[1, 7, 8400]",True
748,20.980279,2.019621,51.517715,0.375949,74.89356400000001,74.965366,1,"[1, 7, 8400]",True
749,0.279511,1.308278,36.113676,0.345348,38.046813,38.117742,1,"[1, 7, 8400]",True
750,7.75422,1.209583,33.007517,0.337353,42.308673,42.377298,1,"[1, 7, 8400]",True
751,1.157753,1.399796,28.410846,0.339189,31.307584000000002,31.376514,1,"[1, 7, 8400]",True
752,1.804349,1.386716,28.87941,0.332116,32.402591,32.47147,1,"[1, 7, 8400]",True
753,1.289488,1.300957,28.707214,0.3901,31.687759,31.768263,1,"[1, 7, 8400]",True
754,5.676168,1.547631,34.555808,0.33641,42.116017,42.187363,1,"[1, 7, 8400]",True
755,0.320695,1.481032,32.799087,0.285856,34.88667,34.962718,1,"[1, 7, 8400]",True
756,28.587383,2.66397,60.523793,0.542863,92.31800899999999,92.413904,1,"[1, 7, 8400]",True
757,0.300233,1.646207,31.842289,0.454112,34.242841000000006,34.320912,1,"[1, 7, 8400]",True
758,1.822621,2.072423,28.52193,0.344586,32.76156,32.83258,1,"[1, 7, 8400]",True
759,0.953454,2.124168,28.671836,0.326018,32.075475999999995,32.145671,1,"[1, 7, 8400]",True
760,4.838572,2.09964,33.490468,0.328249,40.756929,40.827205,1,"[1, 7, 8400]",True
761,28.003506,2.424289,59.940143,0.56265,90.93058800000001,91.024953,1,"[1, 7, 8400]",True
762,0.388667,1.823125,33.780014,0.356433,36.34823900000001,36.416383,1,"[1, 7, 8400]",True
763,0.284626,1.290375,32.063285,0.321737,33.960023,34.025067,1,"[1, 7, 8400]",True
764,2.27552,1.27201,27.727885,0.324361,31.599776000000002,31.709648,1,"[1, 7, 8400]",True
765,2.450332,1.353223,28.542985,0.341886,32.68842600000001,32.757123,1,"[1, 7, 8400]",True
766,1.753145,1.325171,27.254217,0.333151,30.665684000000002,30.731024,1,"[1, 7, 8400]",True
767,7.04458,1.332116,29.60833,0.335846,38.320871999999994,38.39241,1,"[1, 7, 8400]",True
768,0.474205,1.338084,30.397926,0.459221,32.669436,32.760277,1,"[1, 7, 8400]",True
769,0.301319,2.149195,29.809445,0.32507,32.585029,32.652641,1,"[1, 7, 8400]",True
770,3.224442,1.322937,28.957876,0.320617,33.825872,33.891607,1,"[1, 7, 8400]",True
771,1.220214,1.544072,29.675321,0.359196,32.798803,32.868352,1,"[1, 7, 8400]",True
772,0.266625,1.374645,28.852878,0.331051,30.825198999999998,30.903083,1,"[1, 7, 8400]",True
773,5.401396,1.263339,36.844664,0.428257,43.937656000000004,44.026438,1,"[1, 7, 8400]",True
774,0.315644,1.471831,29.374245,0.465493,31.627212999999998,31.707798,1,"[1, 7, 8400]",True
775,30.056805,3.051817,60.51706,0.436355,94.062037,94.152181,1,"[1, 7, 8400]",True
776,0.314314,1.229348,32.804365,0.411361,34.759387999999994,34.832137,1,"[1, 7, 8400]",True
777,0.626035,2.267896,29.887371,0.424627,33.205929000000005,33.282309,1,"[1, 7, 8400]",True
778,0.302399,2.292287,31.332265,0.340922,34.267873,34.337588,1,"[1, 7, 8400]",True
779,1.009801,2.121148,29.613817,0.293654,33.038419999999995,33.107112,1,"[1, 7, 8400]",True
780,0.267876,1.263436,29.003825,0.333018,30.868154999999998,30.93387,1,"[1, 7, 8400]",True
781,0.88265,1.330278,28.148631,0.340443,30.702002000000004,30.769488,1,"[1, 7, 8400]",True
782,6.205204,1.44217,35.61285,0.332987,43.593211000000004,43.661859,1,"[1, 7, 8400]",True
783,0.263833,1.265322,28.434294,0.333468,30.296917,30.376872,1,"[1, 7, 8400]",True
784,32.33637,3.243636,56.208051,0.570556,92.358613,92.437454,1,"[1, 7, 8400]",True
785,0.322943,1.281421,33.794479,0.459216,35.858059,35.93423,1,"[1, 7, 8400]",True
786,3.613566,1.474008,35.797345,0.300547,41.185466,41.257368,1,"[1, 7, 8400]",True
787,0.292778,1.37888,29.141106,0.281511,31.094275,31.170375,1,"[1, 7, 8400]",True
788,31.395785,2.501861,63.38466,0.353364,97.63567,97.703976,1,"[1, 7, 8400]",True
789,0.323165,1.600789,31.68748,0.321113,33.932547,34.00343,1,"[1, 7, 8400]",True
790,0.325807,1.386074,31.101395,0.332476,33.145752,33.213466,1,"[1, 7, 8400]",True
791,0.279419,1.323057,29.471265,0.462947,31.536687999999998,31.612886,1,"[1, 7, 8400]",True
792,2.526273,2.128524,30.006314,0.44996,35.111070999999995,35.200127,1,"[1, 7, 8400]",True
793,0.266538,2.101621,28.444423,0.439734,31.252316,31.333818,1,"[1, 7, 8400]",True
794,0.274879,2.057051,30.001669,0.411742,32.745340999999996,32.82501,1,"[1, 7, 8400]",True
795,3.227533,2.150107,27.960989,0.35617,33.694799,33.773513,1,"[1, 7, 8400]",True
796,1.493362,1.402023,29.964784,0.424649,33.284818,33.377271,1,"[1, 7, 8400]",True
797,0.353505,1.929652,30.195916,0.446727,32.9258,33.006667,1,"[1, 7, 8400]",True
798,2.925001,2.08882,30.23906,0.333347,35.586228000000006,35.656856,1,"[1, 7, 8400]",True
799,0.312165,1.402146,30.857485,0.286748,32.858544,32.925657,1,"[1, 7, 8400]",True
800,0.296378,1.340709,28.077741,0.357488,30.072316,30.139871,1,"[1, 7, 8400]",True
801,4.183774,1.989466,28.291046,0.32142,34.785706000000005,34.859396,1,"[1, 7, 8400]",True
802,1.357669,1.345147,30.702647,0.451851,33.857313999999995,33.940712,1,"[1, 7, 8400]",True
803,3.479993,2.138735,30.085327,0.322706,36.02676099999999,36.093078,1,"[1, 7, 8400]",True
804,31.691765,2.780647,69.037853,0.550258,104.060523,104.175449,1,"[1, 7, 8400]",True
805,0.280123,1.655797,34.035547,0.315663,36.287130000000005,36.357235,1,"[1, 7, 8400]",True
806,27.169088,2.358028,60.568518,0.408316,90.50394999999999,90.586605,1,"[1, 7, 8400]",True
807,0.356418,1.35955,30.167274,0.291882,32.175124,32.240791,1,"[1, 7, 8400]",True
808,4.026623,1.286674,29.384338,0.353318,35.050953,35.130734,1,"[1, 7, 8400]",True
809,0.713056,1.466579,27.660418,0.332561,30.172614,30.240819,1,"[1, 7, 8400]",True
810,2.232497,1.292876,29.684261,0.473988,33.683622,33.764772,1,"[1, 7, 8400]",True
811,4.732453,1.391564,32.231236,0.523272,38.878525,38.971649,1,"[1, 7, 8400]",True
812,0.275526,1.428696,28.417603,0.341714,30.463539,30.532803,1,"[1, 7, 8400]",True
813,0.284972,1.286649,29.814516,0.454884,31.841021,31.921812,1,"[1, 7, 8400]",True
814,3.051657,2.182218,31.095978,0.426184,36.756037,36.834822,1,"[1, 7, 8400]",True
815,0.319216,2.133047,28.129523,0.431158,31.012943999999997,31.091636,1,"[1, 7, 8400]",True
816,3.420565,1.554193,29.520534,0.346541,34.841833,34.916885,1,"[1, 7, 8400]",True
817,32.395869,2.053617,57.007203,0.356426,91.813115,91.885553,1,"[1, 7, 8400]",True
818,0.314048,1.264357,33.897004,0.336899,35.812308,35.879451,1,"[1, 7, 8400]",True
819,4.497079,1.304489,27.465754,0.339633,33.606955,33.674947,1,"[1, 7, 8400]",True
820,6.951529,1.557146,30.110796,0.343592,38.963063000000005,39.041113,1,"[1, 7, 8400]",True
821,32.834874,2.335219,58.746891,0.505694,94.422678,94.515749,1,"[1, 7, 8400]",True
822,0.3727,1.716423,32.996588,0.468717,35.554428,35.638647,1,"[1, 7, 8400]",True
823,1.482594,1.290209,29.406632,0.337744,32.517179,32.586328,1,"[1, 7, 8400]",True
824,5.0537,1.329699,29.706739,0.335573,36.42571099999999,36.505904,1,"[1, 7, 8400]",True
825,0.308478,1.321124,29.3201,0.452095,31.401797,31.478215,1,"[1, 7, 8400]",True
826,5.20755,1.585247,31.139808,0.339878,38.272482999999994,38.348636,1,"[1, 7, 8400]",True
827,30.869156,2.621664,56.974654,0.46605,90.931524,91.015886,1,"[1, 7, 8400]",True
828,0.281672,2.226722,30.870464,0.460293,33.839151,33.919403,1,"[1, 7, 8400]",True
829,5.806794,2.142147,36.530586,0.453227,44.932753999999996,45.03889,1,"[1, 7, 8400]",True
830,0.326768,1.478345,30.484081,0.454537,32.743731000000004,32.814894,1,"[1, 7, 8400]",True
831,27.985959,2.19598,59.999125,0.487303,90.66836699999999,90.757427,1,"[1, 7, 8400]",True
832,0.397212,1.616333,35.383286,0.449847,37.846678,37.931269,1,"[1, 7, 8400]",True
833,0.294428,2.001943,28.58357,0.339408,31.219349,31.286066,1,"[1, 7, 8400]",True
834,3.784415,1.321688,29.254692,0.33106,34.691855,34.761732,1,"[1, 7, 8400]",True
835,0.813945,1.300509,27.866229,0.335992,30.316675,30.383898,1,"[1, 7, 8400]",True
836,2.424539,1.32627,31.59795,0.327635,35.676394,35.75086,1,"[1, 7, 8400]",True
837,2.724393,1.316225,29.25716,0.333256,33.631034,33.698323,1,"[1, 7, 8400]",True
838,1.032363,1.310746,29.059114,0.334791,31.737014,31.804095,1,"[1, 7, 8400]",True
839,1.233662,2.141679,29.743149,0.334624,33.453114,33.518971,1,"[1, 7, 8400]",True
840,3.891628,1.220963,29.042325,0.336653,34.491569,34.557419,1,"[1, 7, 8400]",True
841,1.017861,1.351351,29.589051,0.339931,32.298194,32.365767,1,"[1, 7, 8400]",True
842,4.822019,1.306825,38.04513,0.338526,44.5125,44.591946,1,"[1, 7, 8400]",True
843,24.473464,2.451192,59.818793,0.614366,87.357815,87.446456,1,"[1, 7, 8400]",True
844,0.340449,1.72479,32.092766,0.332731,34.490736,34.556889,1,"[1, 7, 8400]",True
845,2.023785,1.37809,29.481181,0.340716,33.223772,33.292436,1,"[1, 7, 8400]",True
846,4.89025,1.259148,29.266604,0.314686,35.730688,35.792813,1,"[1, 7, 8400]",True
847,33.266771,2.430683,59.458404,0.508196,95.664054,95.755375,1,"[1, 7, 8400]",True
848,0.34974,2.168099,30.930076,0.318355,33.76627,33.837967,1,"[1, 7, 8400]",True
849,3.374519,1.401897,36.177089,0.340372,41.293877,41.361674,1,"[1, 7, 8400]",True
850,0.292095,1.319738,29.876723,0.334056,31.822612,31.889144,1,"[1, 7, 8400]",True
851,0.285124,1.35968,27.757764,0.454007,29.856575000000003,29.936952,1,"[1, 7, 8400]",True
852,0.272763,1.973537,27.394402,0.340117,29.980819,30.062982,1,"[1, 7, 8400]",True
853,6.147494,1.35746,31.892824,0.313939,39.711717,39.776307,1,"[1, 7, 8400]",True
854,0.270484,1.342275,30.951169,0.444094,33.008022,33.09051,1,"[1, 7, 8400]",True
855,1.124102,1.384954,31.054518,0.426352,33.989926000000004,34.069252,1,"[1, 7, 8400]",True
856,31.527005,2.642838,61.633565,0.394578,96.19798599999999,96.27929,1,"[1, 7, 8400]",True
857,0.305256,1.336317,29.071618,0.420682,31.133873,31.207323,1,"[1, 7, 8400]",True
858,3.606752,1.342432,29.875999,0.449455,35.274638,35.357544,1,"[1, 7, 8400]",True
859,4.254736,2.25307,29.438493,0.375856,36.322155,36.406154,1,"[1, 7, 8400]",True
860,31.995087,2.19381,58.659633,0.325619,93.17414900000001,93.245135,1,"[1, 7, 8400]",True
861,0.329826,1.324285,34.878316,0.425376,36.957803,37.038972,1,"[1, 7, 8400]",True
862,1.540547,1.383853,32.357535,0.454856,35.736791,35.825359,1,"[1, 7, 8400]",True
863,1.481713,2.10012,30.649451,0.521508,34.752792,34.832905,1,"[1, 7, 8400]",True
864,0.245482,1.299109,27.796625,0.495655,29.836871,29.906763,1,"[1, 7, 8400]",True
865,0.649528,1.368712,28.829672,0.343895,31.191806999999997,31.260721,1,"[1, 7, 8400]",True
866,5.640929,1.314716,29.605052,0.3362,36.896896999999996,36.963719,1,"[1, 7, 8400]",True
867,0.416171,1.334109,30.313712,0.42521,32.489202,32.567707,1,"[1, 7, 8400]",True
868,0.442401,2.127287,28.634644,0.376466,31.580798,31.670229,1,"[1, 7, 8400]",True
869,4.269404,1.291281,30.500253,0.337599,36.398537,36.46628,1,"[1, 7, 8400]",True
870,0.295741,1.294061,28.887488,0.337362,30.814652,30.878888,1,"[1, 7, 8400]",True
871,4.967269,1.481194,29.724967,0.318181,36.491611,36.569902,1,"[1, 7, 8400]",True
872,32.509345,2.01557,58.667125,0.407186,93.59922599999999,93.677603,1,"[1, 7, 8400]",True
873,0.314354,1.276942,37.34789,0.450679,39.389865,39.469911,1,"[1, 7, 8400]",True
874,0.303764,1.354946,30.590348,0.425765,32.674822999999996,32.752899,1,"[1, 7, 8400]",True
875,2.407907,2.242967,29.974148,0.423754,35.048776000000004,35.129851,1,"[1, 7, 8400]",True
876,0.359503,1.49991,30.866101,0.340179,33.065693,33.137923,1,"[1, 7, 8400]",True
877,0.308842,1.356307,28.484564,0.335185,30.484897999999998,30.548928,1,"[1, 7, 8400]",True
878,3.506542,1.50396,30.065942,0.333419,35.409863,35.480671,1,"[1, 7, 8400]",True
879,0.27259,1.309234,30.501894,0.451501,32.535219,32.614078,1,"[1, 7, 8400]",True
880,0.280096,1.390514,30.341059,0.466495,32.478164,32.556311,1,"[1, 7, 8400]",True
881,2.938619,2.174837,29.649652,0.297109,35.060217,35.163718,1,"[1, 7, 8400]",True
882,0.292562,1.288729,30.700078,0.343823,32.625192,32.691647,1,"[1, 7, 8400]",True
883,0.278569,1.295493,27.415258,0.332668,29.321988000000005,29.387476,1,"[1, 7, 8400]",True
884,5.534563,1.446756,35.70874,0.361499,43.051558,43.130739,1,"[1, 7, 8400]",True
885,0.268668,1.307468,28.631019,0.342859,30.550014,30.615578,1,"[1, 7, 8400]",True
886,32.122237,2.011013,57.050565,0.392051,91.57586599999999,91.653666,1,"[1, 7, 8400]",True
887,0.325242,1.428878,35.826522,0.521276,38.101918,38.181781,1,"[1, 7, 8400]",True
888,1.789262,1.342859,30.182072,0.345838,33.660031000000004,33.728429,1,"[1, 7, 8400]",True
889,0.290403,1.282972,29.349743,0.393484,31.316602,31.390939,1,"[1, 7, 8400]",True
890,4.617112,1.612367,36.667508,0.4476,43.344587,43.427038,1,"[1, 7, 8400]",True
891,0.279928,2.108735,29.174306,0.364974,31.927943000000003,31.99965,1,"[1, 7, 8400]",True
892,29.557286,3.304131,63.58034,0.344282,96.786039,96.862132,1,"[1, 7, 8400]",True
893,0.338167,1.472861,29.873985,0.447651,32.132664,32.21336,1,"[1, 7, 8400]",True
894,32.298315,2.624605,59.461937,0.427854,94.81271100000001,94.896999,1,"[1, 7, 8400]",True
895,0.31499,1.323753,32.477432,0.34095,34.457125,34.521832,1,"[1, 7, 8400]",True
896,2.589711,1.311997,29.538253,0.503408,33.943369000000004,34.017748,1,"[1, 7, 8400]",True
897,4.74868,1.466151,29.99582,0.339173,36.549824,36.624199,1,"[1, 7, 8400]",True
898,32.291331,2.194092,59.641447,0.39326,94.52013,94.593122,1,"[1, 7, 8400]",True
899,0.312963,1.2789,36.0021,0.454221,38.048184,38.127526,1,"[1, 7, 8400]",True
900,0.287342,2.156973,28.829085,0.343555,31.616954999999997,31.698493,1,"[1, 7, 8400]",True
901,3.610382,2.282901,28.595301,0.335889,34.824473000000005,34.899448,1,"[1, 7, 8400]",True
902,0.409195,1.291296,27.347325,0.33579,29.383606,29.449721,1,"[1, 7, 8400]",True
903,3.035151,1.307837,28.878553,0.44488,33.666421,33.745105,1,"[1, 7, 8400]",True
904,5.421489,1.57357,34.356189,0.324,41.675247999999996,41.783661,1,"[1, 7, 8400]",True
905,0.333633,1.338549,28.711413,0.469752,30.853347,30.933226,1,"[1, 7, 8400]",True
906,32.966876,3.243414,64.511641,0.415961,101.137892,101.228389,1,"[1, 7, 8400]",True
907,0.319547,1.342907,30.519912,0.329407,32.511773000000005,32.576259,1,"[1, 7, 8400]",True
908,31.063573,2.706893,61.397924,0.567827,95.736217,95.884015,1,"[1, 7, 8400]",True
909,0.296659,1.327925,32.76192,0.355402,34.741906,34.815378,1,"[1, 7, 8400]",True
910,0.317651,1.635646,30.291643,0.445982,32.690922,32.769666,1,"[1, 7, 8400]",True
911,3.302072,1.474495,29.60162,0.326241,34.704428,34.779914,1,"[1, 7, 8400]",True
912,32.832426,4.481884,59.201037,0.368735,96.88408199999999,96.961005,1,"[1, 7, 8400]",True
913,0.309809,1.328073,34.008935,0.322903,35.969719999999995,36.034802,1,"[1, 7, 8400]",True
914,0.297664,1.838343,27.799893,0.351317,30.287217000000002,30.354195,1,"[1, 7, 8400]",True
915,5.190493,1.270061,32.585193,0.34119,39.386936999999996,39.462087,1,"[1, 7, 8400]",True
916,0.275979,1.312084,28.690017,0.359592,30.637672000000002,30.724936,1,"[1, 7, 8400]",True
917,0.314192,1.582544,27.850753,0.33651,30.083999000000002,30.15178,1,"[1, 7, 8400]",True
918,4.739901,1.382232,30.189418,0.486274,36.797825,36.877768,1,"[1, 7, 8400]",True
919,0.316741,2.1883,29.371043,0.348564,32.224648,32.295318,1,"[1, 7, 8400]",True
920,0.300516,1.631556,28.261919,0.355992,30.549983,30.620022,1,"[1, 7, 8400]",True
921,4.916582,1.364565,30.195674,0.341575,36.818396,36.888358,1,"[1, 7, 8400]",True
922,0.284214,1.286591,28.746338,0.337131,30.654274,30.72121,1,"[1, 7, 8400]",True
923,5.260353,1.286645,29.809098,0.336824,36.69292,36.760245,1,"[1, 7, 8400]",True
924,32.770231,3.071617,60.352841,0.425948,96.620637,96.704716,1,"[1, 7, 8400]",True
925,0.311893,1.276742,30.308478,0.319155,32.216268,32.285173,1,"[1, 7, 8400]",True
926,3.441795,1.3437,32.630048,0.386419,37.801961999999996,37.879952,1,"[1, 7, 8400]",True
927,1.453014,1.319781,27.774983,0.342503,30.890281,30.958609,1,"[1, 7, 8400]",True
928,34.899501,3.373076,62.862005,0.406387,101.54096899999999,101.617216,1,"[1, 7, 8400]",True
929,0.338756,1.278061,31.051514,0.345264,33.013595,33.079008,1,"[1, 7, 8400]",True
930,0.328949,1.387481,28.908688,0.339229,30.964347,31.034126,1,"[1, 7, 8400]",True
931,4.810799,1.375081,34.530512,0.32983,41.046222,41.119431,1,"[1, 7, 8400]",True
932,0.316283,1.628394,27.431979,0.342263,29.718918999999996,29.796018,1,"[1, 7, 8400]",True
933,34.225511,2.666894,62.197567,0.400536,99.49050799999999,99.564071,1,"[1, 7, 8400]",True
934,0.296657,1.382254,29.66376,0.368576,31.711247,31.792118,1,"[1, 7, 8400]",True
935,2.324882,1.323029,27.780439,0.323978,31.752328000000002,31.824097,1,"[1, 7, 8400]",True
936,2.588438,1.319645,29.690004,0.339381,33.937468,34.004614,1,"[1, 7, 8400]",True
937,4.649744,1.692106,33.775494,0.507602,40.624946,40.700784,1,"[1, 7, 8400]",True
938,28.180409,1.725659,57.42474,0.311839,87.64264700000001,87.715706,1,"[1, 7, 8400]",True
939,0.298035,2.069186,32.927196,0.335243,35.62966,35.69652,1,"[1, 7, 8400]",True
940,4.481325,1.300048,31.268836,0.342804,37.393013,37.460387,1,"[1, 7, 8400]",True
941,2.814597,1.548279,27.734405,0.366399,32.46368,32.534017,1,"[1, 7, 8400]",True
942,2.348919,1.339761,34.896957,0.452654,39.038291,39.120306,1,"[1, 7, 8400]",True
943,0.300006,1.648649,26.999821,0.344245,29.292721,29.362187,1,"[1, 7, 8400]",True
944,34.259248,2.795734,58.337667,0.472173,95.864822,95.950955,1,"[1, 7, 8400]",True
945,0.24373,1.605938,28.787593,0.350858,30.988119,31.058757,1,"[1, 7, 8400]",True
946,6.880096,1.326308,40.789231,0.286298,49.281933,49.341866,1,"[1, 7, 8400]",True
947,0.320403,1.309484,28.761829,0.322909,30.714624999999998,30.776638,1,"[1, 7, 8400]",True
948,26.800119,1.605182,59.948422,0.42496,88.778683,88.855862,1,"[1, 7, 8400]",True
949,0.309617,1.354818,30.829058,0.346793,32.840286,32.909484,1,"[1, 7, 8400]",True
950,4.943579,1.305248,29.448476,0.342583,36.039885999999996,36.107645,1,"[1, 7, 8400]",True
951,4.890649,1.560397,28.691155,0.336786,35.478987,35.550962,1,"[1, 7, 8400]",True
952,33.573597,2.700568,61.262005,0.480729,98.016899,98.113698,1,"[1, 7, 8400]",True
953,0.286828,2.057397,31.73518,0.286508,34.365913,34.432006,1,"[1, 7, 8400]",True
954,0.504581,1.330141,29.142834,0.336134,31.31369,31.382271,1,"[1, 7, 8400]",True
955,5.235324,1.842561,38.585183,0.464343,46.127411,46.232482,1,"[1, 7, 8400]",True
956,0.322886,1.520434,31.787981,0.335503,33.966804,34.037594,1,"[1, 7, 8400]",True
957,25.170861,2.258758,56.008658,0.542562,83.980839,84.069871,1,"[1, 7, 8400]",True
958,0.280676,2.249769,29.742517,0.450408,32.72337,32.817902,1,"[1, 7, 8400]",True
959,8.175146,1.695079,43.559745,0.46861,53.898579999999995,54.000231,1,"[1, 7, 8400]",True
960,0.261313,1.372802,28.910024,0.355976,30.900115,30.972743,1,"[1, 7, 8400]",True
961,22.950937,1.454276,56.494573,0.316192,81.215978,81.326654,1,"[1, 7, 8400]",True
962,0.299463,1.276512,33.800753,0.410188,35.786916,35.858092,1,"[1, 7, 8400]",True
963,5.793152,1.264035,36.154331,0.421888,43.633406,43.717678,1,"[1, 7, 8400]",True
964,0.320418,1.307966,29.672992,0.342291,31.643667,31.725774,1,"[1, 7, 8400]",True
965,30.650947,3.021901,62.990618,0.400435,97.063901,97.145741,1,"[1, 7, 8400]",True
966,0.342972,1.26604,29.53526,0.337233,31.481505000000002,31.547826,1,"[1, 7, 8400]",True
967,1.416488,1.324249,30.994373,0.337574,34.072683999999995,34.13827,1,"[1, 7, 8400]",True
968,0.297235,2.382935,29.462769,0.441039,32.583978,32.664013,1,"[1, 7, 8400]",True
969,2.691908,1.284881,29.622028,0.349226,33.948043,34.029245,1,"[1, 7, 8400]",True
970,0.410323,1.352808,29.914659,0.333224,32.011014,32.079873,1,"[1, 7, 8400]",True
971,0.396704,1.535309,27.557869,0.346657,29.836539000000002,29.920123,1,"[1, 7, 8400]",True
972,6.669165,1.315544,29.639628,0.337929,37.962266,38.042821,1,"[1, 7, 8400]",True
973,0.29481,1.504267,28.558606,0.336608,30.694291,30.75932,1,"[1, 7, 8400]",True
974,5.977837,1.518674,37.788923,0.339027,45.624461,45.693903,1,"[1, 7, 8400]",True
975,24.381217,1.870407,57.537116,0.367316,84.15605599999999,84.229098,1,"[1, 7, 8400]",True
976,0.3203,1.784489,32.753429,0.434431,35.292649,35.368937,1,"[1, 7, 8400]",True
977,4.481618,2.17823,30.283593,0.390166,37.333607,37.437497,1,"[1, 7, 8400]",True
978,2.842718,1.404078,34.252131,0.336294,38.835221,38.908488,1,"[1, 7, 8400]",True
979,0.377533,1.537374,27.874263,0.468516,30.257686,30.334998,1,"[1, 7, 8400]",True
980,34.027567,2.598225,55.945528,0.316146,92.887466,93.094393,1,"[1, 7, 8400]",True
981,0.29234,1.419748,34.489342,0.345024,36.546454000000004,36.614313,1,"[1, 7, 8400]",True
982,3.951047,1.303209,29.410757,0.337464,35.002477,35.068258,1,"[1, 7, 8400]",True
983,0.710257,1.393428,29.628909,0.338008,32.070602,32.138385,1,"[1, 7, 8400]",True
984,0.454294,1.344989,29.482692,0.456816,31.738791,31.822226,1,"[1, 7, 8400]",True
985,4.718887,1.43305,32.685164,0.353547,39.190647999999996,39.274377,1,"[1, 7, 8400]",True
986,0.323922,1.521866,28.180461,0.335808,30.362057,30.431924,1,"[1, 7, 8400]",True
987,3.18643,1.306728,28.037405,0.33446,32.865023,32.931686,1,"[1, 7, 8400]",True
988,34.4991,2.647883,55.335929,0.338482,92.821394,92.892807,1,"[1, 7, 8400]",True
989,0.425952,1.55337,39.991146,0.422376,42.392844,42.466391,1,"[1, 7, 8400]",True
990,0.317897,1.325473,29.395917,0.333658,31.372945,31.441181,1,"[1, 7, 8400]",True
991,3.255796,1.282445,30.052294,0.468718,35.059253000000005,35.140278,1,"[1, 7, 8400]",True
992,0.288225,2.142861,28.242643,0.522236,31.195965,31.269844,1,"[1, 7, 8400]",True
993,0.606841,1.420134,29.986958,0.455207,32.46914,32.554929,1,"[1, 7, 8400]",True
994,4.189941,2.195609,28.254401,0.286773,34.926724,34.998797,1,"[1, 7, 8400]",True
995,1.217668,1.410556,29.305036,0.335252,32.268512,32.339723,1,"[1, 7, 8400]",True
996,0.950598,1.283393,29.874891,0.451469,32.560351000000004,32.656371,1,"[1, 7, 8400]",True
997,4.321888,1.446167,31.978401,0.433898,38.180354,38.270646,1,"[1, 7, 8400]",True
998,0.386664,1.380141,32.783173,0.476867,35.026844999999994,35.107897,1,"[1, 7, 8400]",True
999,0.321223,1.501998,31.510699,0.448925,33.782845,33.865674,1,"[1, 7, 8400]",True
1000,29.184388,2.236735,53.144927,0.517962,85.084012,85.166923,1,"[1, 7, 8400]",True
1001,0.433002,2.133264,29.491856,0.33948,32.397602,32.465037,1,"[1, 7, 8400]",True
1002,11.304041,1.435723,42.052307,0.335767,55.127838,55.198608,1,"[1, 7, 8400]",True
1003,0.278228,1.473454,33.524236,0.372129,35.648047000000005,35.718227,1,"[1, 7, 8400]",True
1004,20.46876,2.074759,54.724645,0.360894,77.629058,77.70638,1,"[1, 7, 8400]",True
1005,0.337533,1.276872,37.089022,0.454542,39.157968999999994,39.236938,1,"[1, 7, 8400]",True
1006,3.394096,1.353611,32.709875,0.454054,37.911635999999994,37.993657,1,"[1, 7, 8400]",True
1007,1.238819,1.318453,31.355221,0.321052,34.233545,34.302479,1,"[1, 7, 8400]",True
1008,0.288207,1.327096,29.689606,0.327441,31.632350000000002,31.696861,1,"[1, 7, 8400]",True
1009,0.277339,1.314974,26.522,0.376517,28.49083,28.55772,1,"[1, 7, 8400]",True
1010,6.630807,1.276905,33.40765,0.461895,41.77725699999999,41.855395,1,"[1, 7, 8400]",True
1011,0.267234,2.044967,30.65029,0.333147,33.295638,33.36592,1,"[1, 7, 8400]",True
1012,0.312925,1.524958,29.458503,0.344982,31.641368000000003,31.727916,1,"[1, 7, 8400]",True
1013,32.057563,2.709585,59.877632,0.408016,95.052796,95.155788,1,"[1, 7, 8400]",True
1014,0.313464,1.2427,35.735501,0.321715,37.61338,37.678031,1,"[1, 7, 8400]",True
1015,0.269033,1.283204,30.205432,0.424876,32.182545,32.259736,1,"[1, 7, 8400]",True
1016,2.615092,2.197226,29.317732,0.336999,34.467048999999996,34.541691,1,"[1, 7, 8400]",True
1017,32.309648,2.580457,59.653199,0.445764,94.989068,95.071325,1,"[1, 7, 8400]",True
1018,0.3392,1.264996,35.888218,0.333362,37.825776000000005,37.895272,1,"[1, 7, 8400]",True
1019,0.275391,1.272548,29.497708,0.335985,31.381632,31.452922,1,"[1, 7, 8400]",True
1020,3.483308,1.630192,28.923247,0.330924,34.367671,34.435646,1,"[1, 7, 8400]",True
1021,0.913656,1.32884,28.913887,0.331616,31.487999,31.553846,1,"[1, 7, 8400]",True
1022,1.430061,1.320701,28.228185,0.407008,31.385955,31.463076,1,"[1, 7, 8400]",True
1023,6.175374,1.55348,37.387484,0.336764,45.453102,45.519855,1,"[1, 7, 8400]",True
1024,0.258208,1.255595,28.987216,0.458164,30.959183,31.041654,1,"[1, 7, 8400]",True
1025,29.906524,2.553507,59.665572,0.412911,92.53851399999999,92.611314,1,"[1, 7, 8400]",True
1026,0.380402,1.292846,30.312627,0.444985,32.43086,32.516712,1,"[1, 7, 8400]",True
1027,4.488555,1.868153,35.134531,0.343442,41.834681,41.905292,1,"[1, 7, 8400]",True
1028,0.340772,1.363329,30.421766,0.351649,32.477516,32.555419,1,"[1, 7, 8400]",True
1029,30.059299,2.017152,59.481483,0.462138,92.02007199999998,92.108743,1,"[1, 7, 8400]",True
1030,0.311153,1.26278,31.441964,0.480586,33.496483,33.580622,1,"[1, 7, 8400]",True
1031,4.152271,1.649042,30.795442,0.331852,36.928607,37.013009,1,"[1, 7, 8400]",True
1032,0.289091,1.28458,29.012744,0.332577,30.918992000000003,30.984206,1,"[1, 7, 8400]",True
1033,3.95477,1.327171,27.216357,0.329934,32.828232,32.892464,1,"[1, 7, 8400]",True
1034,3.172382,1.447048,27.48199,0.334798,32.436218,32.50201,1,"[1, 7, 8400]",True
1035,2.462736,1.344646,29.269176,0.330981,33.407539,33.473593,1,"[1, 7, 8400]",True
1036,5.114055,1.324368,28.932869,0.329448,35.700739999999996,35.767871,1,"[1, 7, 8400]",True
1037,1.079651,1.322795,28.393541,0.335237,31.131224,31.198175,1,"[1, 7, 8400]",True
1038,2.094673,1.265644,29.914474,0.345246,33.620037,33.688454,1,"[1, 7, 8400]",True
1039,4.431007,1.364068,30.345108,0.329333,36.469516,36.540147,1,"[1, 7, 8400]",True
1040,0.34599,1.734781,30.544653,0.466136,33.09156,33.171868,1,"[1, 7, 8400]",True
1041,2.804789,1.964977,31.763176,0.396809,36.929750999999996,37.020899,1,"[1, 7, 8400]",True
1042,29.981365,4.76338,58.620843,0.434321,93.799909,93.883295,1,"[1, 7, 8400]",True
1043,0.4066,1.275453,34.55439,0.501606,36.738049000000004,36.814283,1,"[1, 7, 8400]",True
1044,0.361036,1.5068,29.817347,0.472436,32.157619000000004,32.246505,1,"[1, 7, 8400]",True
1045,2.625633,1.2929,29.75595,0.321761,33.996244,34.060609,1,"[1, 7, 8400]",True
1046,32.95738,2.599828,56.264281,0.471232,92.292721,92.380293,1,"[1, 7, 8400]",True
1047,0.39571,1.651731,34.903804,0.42948,37.380725,37.451475,1,"[1, 7, 8400]",True
1048,2.733654,2.244237,29.365092,0.458031,34.801014,34.877431,1,"[1, 7, 8400]",True
1049,3.725494,1.366414,30.160204,0.322118,35.57423,35.650844,1,"[1, 7, 8400]",True
1050,0.301018,1.302618,28.997183,0.330466,30.931285000000003,30.997466,1,"[1, 7, 8400]",True
1051,1.0076,1.508555,29.698571,0.493557,32.708283,32.790523,1,"[1, 7, 8400]",True
1052,4.248356,1.3745,29.353879,0.466886,35.443621,35.527446,1,"[1, 7, 8400]",True
1053,0.476375,2.131151,28.203286,0.331773,31.142584999999997,31.215459,1,"[1, 7, 8400]",True
1054,5.651655,1.260236,32.077712,0.338662,39.328264999999995,39.395168,1,"[1, 7, 8400]",True
1055,30.448974,2.513189,54.892098,0.334296,88.18855699999999,88.264045,1,"[1, 7, 8400]",True
1056,0.305693,1.320209,28.834437,0.47085,30.931189,31.010224,1,"[1, 7, 8400]",True
1057,11.080786,1.758117,47.475544,0.536324,60.850771,60.932918,1,"[1, 7, 8400]",True
1058,0.323202,1.844986,32.587086,0.464791,35.220065,35.30124,1,"[1, 7, 8400]",True
1059,14.897223,1.847711,54.593399,0.346862,71.68519500000001,71.755673,1,"[1, 7, 8400]",True
1060,0.286553,1.330902,29.165275,0.336497,31.119227000000002,31.197604,1,"[1, 7, 8400]",True
1061,11.643462,1.318142,40.012129,0.33412,53.307853,53.375655,1,"[1, 7, 8400]",True
1062,0.284306,1.313413,27.244957,0.344016,29.186692,29.274573,1,"[1, 7, 8400]",True
1063,29.249764,2.509015,57.841837,0.342607,89.943223,90.020553,1,"[1, 7, 8400]",True
1064,0.335436,1.251271,29.319576,0.289329,31.195612,31.2646,1,"[1, 7, 8400]",True
1065,7.784411,1.240471,32.473875,0.293473,41.792229999999996,41.864089,1,"[1, 7, 8400]",True
1066,1.848565,1.465105,31.860628,0.337545,35.511843,35.581834,1,"[1, 7, 8400]",True
1067,0.294825,1.348856,28.001782,0.337625,29.983088,30.049785,1,"[1, 7, 8400]",True
1068,4.292294,1.267378,29.85063,0.280354,35.690656000000004,35.756748,1,"[1, 7, 8400]",True
1069,32.640194,2.933249,60.277251,0.399176,96.24987,96.322069,1,"[1, 7, 8400]",True
1070,0.285645,1.706629,29.025266,0.331715,31.349254999999996,31.426424,1,"[1, 7, 8400]",True
1071,4.458456,1.353445,29.32105,0.346258,35.479209,35.547393,1,"[1, 7, 8400]",True
1072,4.907968,1.350712,29.043198,0.329569,35.631447,35.695546,1,"[1, 7, 8400]",True
1073,1.240582,1.41485,28.020305,0.335342,31.011079000000002,31.077134,1,"[1, 7, 8400]",True
1074,2.122108,1.279126,28.21936,0.334431,31.955025,32.026413,1,"[1, 7, 8400]",True
1075,6.074575,1.407502,28.345184,0.37052,36.197781,36.274659,1,"[1, 7, 8400]",True
1076,1.850338,1.429422,32.303986,0.348849,35.932595000000006,36.017937,1,"[1, 7, 8400]",True
1077,0.431154,2.11275,29.930334,0.35898,32.833218,32.922917,1,"[1, 7, 8400]",True
1078,0.689221,1.342188,28.123199,0.339706,30.494314,30.575328,1,"[1, 7, 8400]",True
1079,2.161017,1.470598,28.225179,0.341735,32.198529,32.266223,1,"[1, 7, 8400]",True
1080,1.840129,1.393808,26.909902,0.332923,30.476762,30.542806,1,"[1, 7, 8400]",True
1081,7.386141,1.244878,30.536458,0.308825,39.476302,39.540572,1,"[1, 7, 8400]",True
1082,0.296185,1.332709,28.300914,0.335878,30.265686,30.33257,1,"[1, 7, 8400]",True
1083,5.488752,1.334368,37.897774,0.343716,45.06461,45.131423,1,"[1, 7, 8400]",True
1084,24.551798,2.099054,56.167036,0.336187,83.154075,83.222331,1,"[1, 7, 8400]",True
1085,0.355451,1.307644,32.610216,0.319139,34.59245,34.656584,1,"[1, 7, 8400]",True
1086,6.407421,1.35076,32.192577,0.337924,40.288682,40.361324,1,"[1, 7, 8400]",True
1087,1.928854,1.333183,29.04648,0.339728,32.648245,32.716424,1,"[1, 7, 8400]",True
1088,1.154325,1.360913,27.157094,0.338562,30.010894,30.080123,1,"[1, 7, 8400]",True
1089,3.233814,1.321475,26.8691,0.333329,31.757717999999997,31.825247,1,"[1, 7, 8400]",True
1090,7.445004,1.471161,30.270109,0.310336,39.49661,39.56611,1,"[1, 7, 8400]",True
1091,0.29913,1.361608,29.718203,0.324075,31.703015999999998,31.773069,1,"[1, 7, 8400]",True
1092,0.268273,1.275145,29.327281,0.397395,31.268093999999998,31.339626,1,"[1, 7, 8400]",True
1093,4.633963,1.311089,30.012069,0.362505,36.319626,36.399078,1,"[1, 7, 8400]",True
1094,0.273515,1.298644,29.52297,0.337617,31.432746,31.498165,1,"[1, 7, 8400]",True
1095,0.654242,1.310817,28.077392,0.331674,30.374125,30.440554,1,"[1, 7, 8400]",True
1096,6.245649,1.338523,32.751627,0.452397,40.788196,40.876042,1,"[1, 7, 8400]",True
1097,0.265379,1.522883,29.732139,0.33954,31.859941,31.928428,1,"[1, 7, 8400]",True
1098,1.540399,1.291403,28.428473,0.338862,31.599137,31.669088,1,"[1, 7, 8400]",True
1099,33.868066,2.138046,60.907036,0.35049,97.263638,97.346766,1,"[1, 7, 8400]",True
1100,0.327392,1.321536,30.141378,0.32556,32.115866000000004,32.204237,1,"[1, 7, 8400]",True
1101,4.186579,1.300093,28.370043,0.424791,34.281506,34.37929,1,"[1, 7, 8400]",True
1102,5.892405,1.230808,39.997082,0.444513,47.564808,47.643381,1,"[1, 7, 8400]",True
1103,0.316508,1.385014,31.108151,0.333284,33.142956999999996,33.212891,1,"[1, 7, 8400]",True
1104,24.992247,1.753077,59.673995,0.361198,86.780517,86.854138,1,"[1, 7, 8400]",True
1105,0.294428,1.332834,32.174765,0.303928,34.105955,34.168738,1,"[1, 7, 8400]",True
1106,3.865044,1.28874,29.490664,0.328154,34.972601999999995,35.039007,1,"[1, 7, 8400]",True
1107,0.503199,1.42881,29.244094,0.338916,31.515019000000002,31.584675,1,"[1, 7, 8400]",True
1108,0.968836,1.372068,27.486769,0.343129,30.170802,30.255441,1,"[1, 7, 8400]",True
1109,6.945641,1.356565,30.775751,0.454309,39.532266,39.614167,1,"[1, 7, 8400]",True
1110,0.302469,2.308457,30.023996,0.426188,33.061110000000006,33.139954,1,"[1, 7, 8400]",True
1111,2.008774,2.104548,30.330632,0.32699,34.77094400000001,34.840935,1,"[1, 7, 8400]",True
1112,31.444804,2.370848,63.293785,0.444268,97.553705,97.631966,1,"[1, 7, 8400]",True
1113,0.370842,1.290767,34.091624,0.332239,36.085472,36.150936,1,"[1, 7, 8400]",True
1114,0.323945,1.415209,29.399093,0.3448,31.483047,31.550105,1,"[1, 7, 8400]",True
1115,1.925634,2.132602,29.802192,0.338238,34.198665999999996,34.266902,1,"[1, 7, 8400]",True
1116,31.952499,2.991178,62.471143,0.425784,97.84060399999998,97.923267,1,"[1, 7, 8400]",True
1117,0.335447,1.2968,29.504768,0.284675,31.421689999999998,31.489525,1,"[1, 7, 8400]",True
1118,2.256955,1.480351,31.169272,0.395576,35.302153999999994,35.379276,1,"[1, 7, 8400]",True
1119,2.55871,1.336529,31.536213,0.340755,35.772207,35.838579,1,"[1, 7, 8400]",True
1120,0.307456,1.295756,28.388423,0.33736,30.328995,30.398313,1,"[1, 7, 8400]",True
1121,0.25462,1.384402,27.979921,0.455328,30.074271000000003,30.155247,1,"[1, 7, 8400]",True
1122,6.375607,1.303784,33.157533,0.338898,41.175822000000004,41.254327,1,"[1, 7, 8400]",True
1123,0.351309,1.438782,29.914571,0.612769,32.317431,32.415944,1,"[1, 7, 8400]",True
1124,0.495298,1.370733,31.266621,0.33817,33.470822,33.542622,1,"[1, 7, 8400]",True
1125,31.294334,1.779851,59.17065,0.342976,92.58781099999999,92.67161,1,"[1, 7, 8400]",True
1126,0.295518,1.290395,32.167225,0.443806,34.196944,34.275493,1,"[1, 7, 8400]",True
1127,4.318756,1.743052,33.105795,0.35251,39.520113,39.59792,1,"[1, 7, 8400]",True
1128,0.291913,1.335359,31.516224,0.335496,33.478992,33.54324,1,"[1, 7, 8400]",True
1129,31.204714,2.494728,58.75329,0.480904,92.93363599999999,93.020388,1,"[1, 7, 8400]",True
1130,0.348987,2.162872,29.964188,0.373911,32.849958,32.915798,1,"[1, 7, 8400]",True
1131,4.810693,1.239403,30.608757,0.339719,36.998572,37.06591,1,"[1, 7, 8400]",True
1132,3.832425,1.313129,30.179716,0.431828,35.757098000000006,35.835116,1,"[1, 7, 8400]",True
1133,0.288135,1.543741,29.534548,0.351517,31.717941000000003,31.79172,1,"[1, 7, 8400]",True
1134,0.295609,1.306012,28.099207,0.340016,30.040844,30.116834,1,"[1, 7, 8400]",True
1135,6.058657,1.324579,31.810333,0.318509,39.512077999999995,39.58803,1,"[1, 7, 8400]",True
1136,0.320755,1.310905,29.990447,0.320703,31.94281,32.007427,1,"[1, 7, 8400]",True
1137,2.576772,1.445499,31.32831,0.429004,35.779585,35.869609,1,"[1, 7, 8400]",True
1138,30.867132,3.171269,62.301452,0.440065,96.77991800000001,96.860892,1,"[1, 7, 8400]",True
1139,0.320271,1.540214,30.916141,0.341984,33.11861,33.186583,1,"[1, 7, 8400]",True
1140,0.394111,1.339402,30.13064,0.449773,32.313925999999995,32.454685,1,"[1, 7, 8400]",True
1141,3.955806,1.299993,34.5272,0.412738,40.195737,40.27446,1,"[1, 7, 8400]",True
1142,27.904512,2.408981,59.536035,0.330352,90.17988,90.251478,1,"[1, 7, 8400]",True
1143,0.332924,1.307087,34.736663,0.355816,36.73249,36.812525,1,"[1, 7, 8400]",True
1144,0.452387,1.588665,32.570382,0.424651,35.036085,35.115344,1,"[1, 7, 8400]",True
1145,1.363493,1.355184,29.940485,0.38809,33.047252,33.130926,1,"[1, 7, 8400]",True
1146,0.287187,1.361466,30.336724,0.342656,32.328033,32.393459,1,"[1, 7, 8400]",True
1147,0.265335,1.366184,30.168658,0.337407,32.137584000000004,32.209011,1,"[1, 7, 8400]",True
1148,3.599724,1.314124,30.279437,0.337853,35.531138000000006,35.602414,1,"[1, 7, 8400]",True
1149,0.241957,1.319191,27.206854,0.340784,29.108786,29.175161,1,"[1, 7, 8400]",True
1150,6.862453,1.509551,30.51585,0.447122,39.334976000000005,39.432582,1,"[1, 7, 8400]",True
1151,31.54225,3.395736,62.651652,0.365907,97.955545,98.032917,1,"[1, 7, 8400]",True
1152,0.307668,1.279018,30.127655,0.409159,32.1235,32.200649,1,"[1, 7, 8400]",True
1153,1.25713,1.326106,30.665345,0.422075,33.670656,33.749307,1,"[1, 7, 8400]",True
1154,3.489553,2.21653,28.98266,0.448476,35.137219,35.224241,1,"[1, 7, 8400]",True
1155,32.22422,2.660181,57.475123,0.507167,92.866691,92.962629,1,"[1, 7, 8400]",True
1156,0.33191,2.022025,30.325256,0.291706,32.970897,33.036214,1,"[1, 7, 8400]",True
1157,6.010757,1.307555,35.79043,0.370719,43.479461,43.572388,1,"[1, 7, 8400]",True
1158,0.340077,1.34617,32.356797,0.338923,34.381967,34.4529,1,"[1, 7, 8400]",True
1159,0.301929,1.297456,29.813725,0.332243,31.745353,31.809518,1,"[1, 7, 8400]",True
1160,32.562228,4.048944,60.299822,0.36325,97.27424399999998,97.348413,1,"[1, 7, 8400]",True
1161,0.363417,1.733754,29.129126,0.281026,31.507323,31.571727,1,"[1, 7, 8400]",True
1162,3.243362,1.38781,30.645174,0.448441,35.724787000000006,35.805404,1,"[1, 7, 8400]",True
1163,0.270948,1.386759,29.966972,0.418007,32.042685999999996,32.120108,1,"[1, 7, 8400]",True
1164,3.432243,1.329616,31.25304,0.357818,36.372717,36.450606,1,"[1, 7, 8400]",True
1165,31.099212,2.232514,58.737617,0.538981,92.60832400000001,92.706873,1,"[1, 7, 8400]",True
1166,0.360495,1.659719,40.669126,0.346692,43.036032,43.10787,1,"[1, 7, 8400]",True
1167,0.277161,1.364893,30.72868,0.448561,32.819295,32.897955,1,"[1, 7, 8400]",True
1168,30.645283,4.679091,45.879706,0.448147,81.65222700000001,81.748884,1,"[1, 7, 8400]",True
1169,0.308463,2.131295,28.488422,0.456341,31.384521,31.459105,1,"[1, 7, 8400]",True
1170,16.864165,1.418016,51.295931,0.340551,69.91866300000001,69.985715,1,"[1, 7, 8400]",True
1171,0.328782,1.267715,28.948619,0.324926,30.870042,30.934755,1,"[1, 7, 8400]",True
1172,16.029488,1.622899,52.037924,0.338065,70.028376,70.108386,1,"[1, 7, 8400]",True
1173,0.340839,1.283108,29.054866,0.448608,31.127421000000002,31.211935,1,"[1, 7, 8400]",True
1174,14.812908,2.875085,50.255634,0.333302,68.276929,68.35114,1,"[1, 7, 8400]",True
1175,0.3025,1.357109,31.775693,0.454286,33.889588,33.96978,1,"[1, 7, 8400]",True
1176,12.190554,1.546396,48.154505,0.34647,62.237925,62.323429,1,"[1, 7, 8400]",True
1177,0.288394,1.400577,32.617976,0.33727,34.644217,34.70871,1,"[1, 7, 8400]",True
1178,15.303454,1.473282,45.325508,0.449033,62.551277,62.62976,1,"[1, 7, 8400]",True
1179,0.267302,1.514425,30.055488,0.458294,32.295509,32.387756,1,"[1, 7, 8400]",True
1180,20.178148,1.822089,58.840419,0.566256,81.40691199999999,81.506935,1,"[1, 7, 8400]",True
1181,0.406737,1.661755,35.066979,0.337694,37.473165,37.540004,1,"[1, 7, 8400]",True
1182,0.808118,1.351515,27.635988,0.32414,30.119761,30.18877,1,"[1, 7, 8400]",True
1183,6.707237,1.569608,31.667051,0.330101,40.273997,40.341831,1,"[1, 7, 8400]",True
1184,0.333277,1.527409,29.1332,0.335935,31.329821,31.397391,1,"[1, 7, 8400]",True
1185,0.283417,1.590361,32.408459,0.42911,34.711347,34.792293,1,"[1, 7, 8400]",True
1186,0.429996,2.173194,29.260987,0.409069,32.273246,32.34654,1,"[1, 7, 8400]",True
1187,0.313563,1.303593,28.438571,0.334751,30.390478,30.457375,1,"[1, 7, 8400]",True
1188,5.464002,1.2967,30.66353,0.325452,37.749684,37.829844,1,"[1, 7, 8400]",True
1189,31.596734,1.991599,56.401916,0.326123,90.316372,90.390678,1,"[1, 7, 8400]",True
1190,0.405695,1.473686,37.480861,0.438276,39.798518,39.877549,1,"[1, 7, 8400]",True
1191,0.966711,1.434953,28.934002,0.338328,31.673994,31.743177,1,"[1, 7, 8400]",True
1192,5.291332,1.303131,38.460267,0.337295,45.392025,45.457734,1,"[1, 7, 8400]",True
1193,0.26313,1.766897,30.567279,0.329338,32.926643999999996,32.996254,1,"[1, 7, 8400]",True
1194,27.170662,2.542663,59.278537,0.31567,89.307532,89.38123,1,"[1, 7, 8400]",True
1195,0.345206,1.323385,29.995609,0.452077,32.116277000000004,32.19617,1,"[1, 7, 8400]",True
1196,5.361033,1.313133,38.403553,0.291436,45.369155,45.436643,1,"[1, 7, 8400]",True
1197,0.319759,1.344399,29.926986,0.456552,32.047696,32.124494,1,"[1, 7, 8400]",True
1198,27.968852,2.748712,54.750729,0.455379,85.923672,86.00539,1,"[1, 7, 8400]",True
1199,0.294402,2.167479,29.879586,0.449886,32.791353,32.87097,1,"[1, 7, 8400]",True
1200,8.727715,2.187491,28.849253,0.440009,40.204468000000006,40.298068,1,"[1, 7, 8400]",True
1201,0.288531,2.201029,30.299959,0.429599,33.219118,33.29758,1,"[1, 7, 8400]",True
1202,3.25525,1.355505,29.831035,0.364146,34.805935999999996,34.900813,1,"[1, 7, 8400]",True
1203,32.504419,2.45601,60.71817,0.40103,96.079629,96.165885,1,"[1, 7, 8400]",True
1204,0.360485,1.567824,38.027447,0.302889,40.258645,40.453892,1,"[1, 7, 8400]",True
1205,0.275037,1.727668,30.11699,0.464247,32.583942,32.661299,1,"[1, 7, 8400]",True
1206,31.185969,2.759524,60.162284,0.368756,94.476533,94.55646,1,"[1, 7, 8400]",True
1207,0.366531,2.07261,32.679699,0.328616,35.447455999999995,35.51037,1,"[1, 7, 8400]",True
1208,0.721602,1.486963,30.359912,0.404122,32.972599,33.049765,1,"[1, 7, 8400]",True
1209,0.28709,1.631811,29.346336,0.463408,31.728645,31.806495,1,"[1, 7, 8400]",True
1210,3.911917,2.164571,28.176637,0.453172,34.706297,34.801961,1,"[1, 7, 8400]",True
1211,0.949617,1.552736,28.791498,0.460098,31.753949,31.837222,1,"[1, 7, 8400]",True
1212,5.33549,1.498506,34.048052,0.366432,41.24848,41.329705,1,"[1, 7, 8400]",True
1213,28.213913,4.076924,58.989117,0.622156,91.90211000000001,92.002968,1,"[1, 7, 8400]",True
1214,0.312279,1.803053,36.167144,0.327367,38.609843000000005,38.677301,1,"[1, 7, 8400]",True
1215,0.29498,1.318844,30.013681,0.340962,31.968467,32.036766,1,"[1, 7, 8400]",True
1216,1.211193,2.150514,30.785169,0.315501,34.462377,34.528505,1,"[1, 7, 8400]",True
1217,30.917164,2.965545,61.376334,0.632134,95.89117699999998,95.988486,1,"[1, 7, 8400]",True
1218,0.363236,1.517151,36.715221,0.344879,38.940487,39.010615,1,"[1, 7, 8400]",True
1219,0.263902,1.257209,28.709937,0.464127,30.695175000000003,30.775911,1,"[1, 7, 8400]",True
1220,32.977749,4.396883,46.450736,0.446544,84.271912,84.372694,1,"[1, 7, 8400]",True
1221,0.259471,2.207818,28.356708,0.336759,31.160756000000003,31.229233,1,"[1, 7, 8400]",True
1222,17.171795,1.221833,50.263696,0.332807,68.990131,69.063298,1,"[1, 7, 8400]",True
1223,0.281537,1.235037,29.369642,0.334842,31.221057999999996,31.286639,1,"[1, 7, 8400]",True
1224,16.831639,1.330285,53.195307,0.538382,71.895613,71.975506,1,"[1, 7, 8400]",True
1225,0.379463,1.281635,33.574917,0.364021,35.600036,35.666599,1,"[1, 7, 8400]",True
1226,9.177593,1.423796,32.103175,0.351859,43.056422999999995,43.13268,1,"[1, 7, 8400]",True
1227,1.961003,1.383192,30.406325,0.454105,34.204625,34.284807,1,"[1, 7, 8400]",True
1228,31.938309,4.496177,47.661696,0.583789,84.679971,84.761193,1,"[1, 7, 8400]",True
1229,0.368718,2.176723,30.841365,0.480923,33.867729,33.947961,1,"[1, 7, 8400]",True
1230,13.052728,1.635176,46.227107,0.354842,61.26985299999999,61.350328,1,"[1, 7, 8400]",True
1231,0.316711,1.746572,32.049689,0.302966,34.415938,34.488963,1,"[1, 7, 8400]",True
1232,17.110771,1.415238,42.839924,0.425315,61.791247999999996,61.876825,1,"[1, 7, 8400]",True
1233,0.390062,2.135948,30.370045,0.459056,33.355111,33.443067,1,"[1, 7, 8400]",True
1234,25.995096,2.365752,54.71867,0.32029,83.39980800000001,83.475086,1,"[1, 7, 8400]",True
1235,6.486147,1.778481,43.992615,0.448809,52.706052,52.799696,1,"[1, 7, 8400]",True
1236,0.283619,2.154098,31.209819,0.4419,34.089436,34.171385,1,"[1, 7, 8400]",True
1237,19.214287,2.064029,53.411999,0.45565,75.145965,75.228736,1,"[1, 7, 8400]",True
1238,0.287954,1.2896,31.619584,0.336027,33.533165000000004,33.598893,1,"[1, 7, 8400]",True
1239,10.511252,1.553693,44.280118,0.444164,56.789227000000004,56.868217,1,"[1, 7, 8400]",True
1240,0.301303,1.316239,29.041867,0.421912,31.081321,31.168976,1,"[1, 7, 8400]",True
1241,22.37388,1.596293,53.972551,0.495407,78.438131,78.517815,1,"[1, 7, 8400]",True
1242,0.305282,1.311728,32.047189,0.337812,34.002011,34.070087,1,"[1, 7, 8400]",True
1243,9.83718,1.273448,49.28239,0.317314,60.710332,60.783408,1,"[1, 7, 8400]",True
1244,0.310094,1.295816,30.178967,0.332875,32.117752,32.181713,1,"[1, 7, 8400]",True
1245,20.905466,1.977709,52.802533,0.48563,76.171338,76.256841,1,"[1, 7, 8400]",True
1246,8.812198,1.253305,43.838578,0.456957,54.361038,54.441452,1,"[1, 7, 8400]",True
1247,0.28632,1.736068,29.906213,0.332716,32.261317,32.338533,1,"[1, 7, 8400]",True
1248,21.804778,1.715381,58.538127,0.521573,82.57985900000001,82.658531,1,"[1, 7, 8400]",True
1249,0.270566,1.25355,32.260658,0.284872,34.069646,34.130136,1,"[1, 7, 8400]",True
1250,4.825183,1.481973,33.652742,0.277909,40.237807000000004,40.306318,1,"[1, 7, 8400]",True
1251,0.274112,1.350945,28.084485,0.335785,30.045327,30.126443,1,"[1, 7, 8400]",True
1252,2.111226,1.309984,29.20056,0.350211,32.971981,33.04197,1,"[1, 7, 8400]",True
1253,0.97955,1.335524,28.240477,0.336854,30.892404999999997,30.961411,1,"[1, 7, 8400]",True
1254,6.288202,1.395571,29.411894,0.339053,37.43472,37.506843,1,"[1, 7, 8400]",True
1255,0.443106,1.317815,27.402481,0.333378,29.49678,29.563008,1,"[1, 7, 8400]",True
1256,3.018909,1.303893,28.596692,0.403678,33.323172,33.401928,1,"[1, 7, 8400]",True
1257,5.715275,1.500188,34.94583,0.338155,42.499448,42.570764,1,"[1, 7, 8400]",True
1258,0.276072,1.560469,31.609845,0.316822,33.763208,33.827143,1,"[1, 7, 8400]",True
1259,29.43694,1.98774,60.832794,0.502592,92.76006600000001,92.848859,1,"[1, 7, 8400]",True
1260,0.244308,1.395916,32.661027,0.465262,34.766512999999996,34.844298,1,"[1, 7, 8400]",True
1261,1.484389,1.511551,30.081154,0.344295,33.421389000000005,33.490946,1,"[1, 7, 8400]",True
1262,0.269198,1.328515,29.431797,0.332002,31.361511999999998,31.42925,1,"[1, 7, 8400]",True
1263,4.475601,1.595063,28.42567,0.350138,34.846472,34.918718,1,"[1, 7, 8400]",True
1264,34.022832,2.410015,62.167888,0.420862,99.021597,99.101018,1,"[1, 7, 8400]",True
1265,0.363073,1.453413,35.502137,0.406614,37.72523699999999,37.805404,1,"[1, 7, 8400]",True
1266,0.301549,2.105887,28.624919,0.436178,31.468533,31.549513,1,"[1, 7, 8400]",True
1267,0.986025,2.145108,29.117973,0.327713,32.576819,32.643645,1,"[1, 7, 8400]",True
1268,0.281227,1.286414,30.276465,0.359971,32.204077000000005,32.272481,1,"[1, 7, 8400]",True
1269,0.276425,1.3114,28.614626,0.33456,30.537011,30.602452,1,"[1, 7, 8400]",True
1270,5.577238,1.64029,30.303231,0.324308,37.845067,37.912324,1,"[1, 7, 8400]",True
1271,0.293582,1.388675,29.738671,0.332157,31.753085,31.817087,1,"[1, 7, 8400]",True
1272,0.34992,1.310738,29.146996,0.492633,31.300287000000004,31.380349,1,"[1, 7, 8400]",True
1273,4.451476,1.801291,33.726198,0.357913,40.336878,40.411423,1,"[1, 7, 8400]",True
