iteration,capture_ms,preprocess_ms,inference_ms,postprocess_ms,model_call_wall_ms,end_to_end_wall_ms,detection_count,detections
1,0.314717,0.7847430006222567,35.73836699979438,0.43254699994577095,37.824785999999996,38.139503,2,"[{""class_id"":0,""class_name"":""ball"",""confidence"":0.9073472619056702,""x1"":308.22125244140625,""y1"":283.21240234375,""x2"":334.11700439453125,""y2"":311.963623046875},{""class_id"":2,""class_name"":""robot"",""confidence"":0.8215329647064209,""x1"":456.3875732421875,""y1"":200.70779418945312,""x2"":507.02734375,""y2"":290.14691162109375}]"
2,22.637653,0.854584000990144,39.06876600012765,0.4378320008981973,41.319619,63.957272,2,"[{""class_id"":0,""class_name"":""ball"",""confidence"":0.9076007604598999,""x1"":308.00152587890625,""y1"":283.191162109375,""x2"":334.00653076171875,""y2"":312.0308837890625},{""class_id"":2,""class_name"":""robot"",""confidence"":0.8313581347465515,""x1"":460.7890625,""y1"":200.81976318359375,""x2"":506.06048583984375,""y2"":288.70721435546875}]"
3,0.351544,0.7326699997065589,35.81552299874602,0.4444050009624334,38.034048000000006,38.385592,2,"[{""class_id"":0,""class_name"":""ball"",""confidence"":0.9047076106071472,""x1"":307.9959716796875,""y1"":283.2235107421875,""x2"":334.0667724609375,""y2"":312.0394287109375},{""class_id"":2,""class_name"":""robot"",""confidence"":0.8298128247261047,""x1"":456.4521484375,""y1"":200.8790283203125,""x2"":507.29443359375,""y2"":290.37158203125}]"
4,20.153182,0.8909320004022447,36.75342799942882,0.42905800000880845,39.111,59.264182,2,"[{""class_id"":0,""class_name"":""ball"",""confidence"":0.90732342004776,""x1"":308.1778564453125,""y1"":283.24017333984375,""x2"":334.23699951171875,""y2"":312.06646728515625},{""class_id"":2,""class_name"":""robot"",""confidence"":0.8262025713920593,""x1"":455.82122802734375,""y1"":200.70645141601562,""x2"":507.7777099609375,""y2"":290.5248718261719}]"
5,0.393973,1.1591200000111712,36.59363000042504,0.43751299926952925,38.530345999999994,38.924319,2,"[{""class_id"":0,""class_name"":""ball"",""confidence"":0.9079241156578064,""x1"":308.154052734375,""y1"":283.19293212890625,""x2"":334.1246337890625,""y2"":311.98199462890625},{""class_id"":2,""class_name"":""robot"",""confidence"":0.8280233144760132,""x1"":460.7430419921875,""y1"":200.93548583984375,""x2"":506.5074462890625,""y2"":289.4228515625}]"
6,0.322873,0.7256829994730651,37.31679600059579,0.4490139999688836,38.826307,39.14918,2,"[{""class_id"":0,""class_name"":""ball"",""confidence"":0.9054612517356873,""x1"":308.1566467285156,""y1"":283.2026062011719,""x2"":334.0520324707031,""y2"":311.9255065917969},{""class_id"":2,""class_name"":""robot"",""confidence"":0.8340122103691101,""x1"":456.0951232910156,""y1"":200.68338012695312,""x2"":507.2328186035156,""y2"":290.4739685058594}]"
7,18.778755,0.8643409983051242,35.660096000356134,0.42781400043168105,37.285841000000005,56.064596,2,"[{""class_id"":0,""class_name"":""ball"",""confidence"":0.9105998873710632,""x1"":308.09881591796875,""y1"":283.17779541015625,""x2"":334.116455078125,""y2"":312.003662109375},{""class_id"":2,""class_name"":""robot"",""confidence"":0.837781548500061,""x1"":460.4830322265625,""y1"":200.80059814453125,""x2"":506.64013671875,""y2"":289.11834716796875}]"
8,0.325175,0.6760899996152148,35.37759599930723,0.43622899829642847,36.832042,37.157217,2,"[{""class_id"":0,""class_name"":""ball"",""confidence"":0.9065082669258118,""x1"":307.9587707519531,""y1"":283.1927185058594,""x2"":333.9716491699219,""y2"":311.9772644042969},{""class_id"":2,""class_name"":""robot"",""confidence"":0.8329440355300903,""x1"":460.634521484375,""y1"":200.87506103515625,""x2"":506.500244140625,""y2"":288.95001220703125}]"
9,25.480682,0.8433969996985979,43.229957000221475,0.4319399995438289,44.844211,70.324893,2,"[{""class_id"":0,""class_name"":""ball"",""confidence"":0.9058691263198853,""x1"":307.80926513671875,""y1"":283.2129211425781,""x2"":334.06500244140625,""y2"":312.1255187988281},{""class_id"":2,""class_name"":""robot"",""confidence"":0.8425626158714294,""x1"":460.0787353515625,""y1"":200.89157104492188,""x2"":507.0504150390625,""y2"":289.2477111816406}]"
10,0.32579,0.6830769998487085,35.44979999969655,0.4433599988260539,36.909963000000005,37.235753,2,"[{""class_id"":0,""class_name"":""ball"",""confidence"":0.9100698232650757,""x1"":307.9337158203125,""y1"":283.20001220703125,""x2"":334.31787109375,""y2"":312.20556640625},{""class_id"":2,""class_name"":""robot"",""confidence"":0.8298777341842651,""x1"":460.657470703125,""y1"":200.93814086914062,""x2"":506.1812744140625,""y2"":289.13525390625}]"
11,17.872762,0.8105050001177005,38.895372999832034,0.4345230008766521,40.489428,58.36219,2,"[{""class_id"":0,""class_name"":""ball"",""confidence"":0.9099706411361694,""x1"":307.9820556640625,""y1"":283.2064208984375,""x2"":334.04345703125,""y2"":311.94415283203125},{""class_id"":2,""class_name"":""robot"",""confidence"":0.8330143690109253,""x1"":460.2244873046875,""y1"":200.79241943359375,""x2"":506.60107421875,""y2"":289.27764892578125}]"
12,0.334065,0.7446850013366202,36.803847000555834,0.43891500172321685,38.319069,38.653134,2,"[{""class_id"":0,""class_name"":""ball"",""confidence"":0.9062536358833313,""x1"":308.11065673828125,""y1"":283.1411437988281,""x2"":334.13092041015625,""y2"":312.0047912597656},{""class_id"":2,""class_name"":""robot"",""confidence"":0.8307194113731384,""x1"":460.7185363769531,""y1"":200.7911376953125,""x2"":506.5945739746094,""y2"":289.16357421875}]"
13,20.842851,0.901004001207184,37.988746000337414,0.43802200161735527,39.675045,60.517896,2,"[{""class_id"":0,""class_name"":""ball"",""confidence"":0.9096550941467285,""x1"":308.04058837890625,""y1"":283.0986328125,""x2"":334.10882568359375,""y2"":312.0726318359375},{""class_id"":2,""class_name"":""robot"",""confidence"":0.8404759168624878,""x1"":460.0395812988281,""y1"":200.9554443359375,""x2"":506.5960998535156,""y2"":289.48077392578125}]"
14,0.323864,0.6657559988525463,36.557229001118685,0.5233219999354333,38.085629,38.409493,2,"[{""class_id"":0,""class_name"":""ball"",""confidence"":0.9077310562133789,""x1"":308.13616943359375,""y1"":283.08447265625,""x2"":334.05804443359375,""y2"":311.9608154296875},{""class_id"":2,""class_name"":""robot"",""confidence"":0.8316899538040161,""x1"":460.7705993652344,""y1"":200.78375244140625,""x2"":506.4113464355469,""y2"":289.150390625}]"
15,21.816917,0.9051659999386175,39.388010000038776,0.449835000836174,41.079404,62.896321,2,"[{""class_id"":0,""class_name"":""ball"",""confidence"":0.9052870273590088,""x1"":308.1341552734375,""y1"":283.1849365234375,""x2"":334.09222412109375,""y2"":311.9444580078125},{""class_id"":2,""class_name"":""robot"",""confidence"":0.8290966749191284,""x1"":456.15924072265625,""y1"":200.63140869140625,""x2"":507.02105712890625,""y2"":290.66265869140625}]"
16,0.33643,0.7109079997462686,35.496435999448295,0.4302790002839174,36.974535,37.310965,2,"[{""class_id"":0,""class_name"":""ball"",""confidence"":0.9121918082237244,""x1"":307.97845458984375,""y1"":283.26812744140625,""x2"":333.96905517578125,""y2"":311.9598388671875},{""class_id"":2,""class_name"":""robot"",""confidence"":0.8407376408576965,""x1"":460.052490234375,""y1"":201.00521850585938,""x2"":506.67803955078125,""y2"":289.3371887207031}]"
17,21.531009,0.8338019997609081,41.86168500018539,0.728754001102061,43.823234,65.354243,2,"[{""class_id"":0,""class_name"":""ball"",""confidence"":0.9091145396232605,""x1"":308.0172119140625,""y1"":283.075439453125,""x2"":334.131103515625,""y2"":311.922119140625},{""class_id"":2,""class_name"":""robot"",""confidence"":0.8300986289978027,""x1"":455.3642883300781,""y1"":200.68798828125,""x2"":507.0997009277344,""y2"":290.5335998535156}]"
18,0.574929,0.8663339995109709,44.349379000777844,0.7418869990942767,46.369487,46.944416,2,"[{""class_id"":0,""class_name"":""ball"",""confidence"":0.9104779958724976,""x1"":308.1298828125,""y1"":283.19598388671875,""x2"":334.1414794921875,""y2"":312.15533447265625},{""class_id"":2,""class_name"":""robot"",""confidence"":0.8324314951896667,""x1"":460.4097900390625,""y1"":200.7333984375,""x2"":506.41754150390625,""y2"":289.3136291503906}]"
19,9.373715,1.117894000344677,43.591577999904985,0.7493630000681151,45.907785000000004,55.2815,2,"[{""class_id"":0,""class_name"":""ball"",""confidence"":0.9082320332527161,""x1"":308.0679931640625,""y1"":283.1798400878906,""x2"":334.109375,""y2"":312.0843811035156},{""class_id"":2,""class_name"":""robot"",""confidence"":0.8327037692070007,""x1"":460.33819580078125,""y1"":200.98583984375,""x2"":506.63018798828125,""y2"":288.98846435546875}]"
20,0.582643,1.0274369997205213,42.93483400033438,0.7841299993742723,45.17004,45.752683,2,"[{""class_id"":0,""class_name"":""ball"",""confidence"":0.9064823985099792,""x1"":308.03765869140625,""y1"":282.9635009765625,""x2"":334.1121826171875,""y2"":312.0888671875},{""class_id"":2,""class_name"":""robot"",""confidence"":0.8365817666053772,""x1"":460.5772399902344,""y1"":200.73773193359375,""x2"":506.4183044433594,""y2"":289.2940673828125}]"
21,8.137837,0.9471710000070743,43.54410099949746,0.7347630016738549,45.640884,53.778721,2,"[{""class_id"":0,""class_name"":""ball"",""confidence"":0.9102184772491455,""x1"":308.0396728515625,""y1"":283.26123046875,""x2"":334.19671630859375,""y2"":311.9853515625},{""class_id"":2,""class_name"":""robot"",""confidence"":0.8332374691963196,""x1"":455.5928955078125,""y1"":200.58111572265625,""x2"":507.33941650390625,""y2"":290.66815185546875}]"
22,0.601427,0.9968899994419189,43.19122699962463,0.7375990007858491,45.355301,45.956728,2,"[{""class_id"":0,""class_name"":""ball"",""confidence"":0.9099407196044922,""x1"":307.9939880371094,""y1"":283.01800537109375,""x2"":333.9839172363281,""y2"":312.051513671875},{""class_id"":2,""class_name"":""robot"",""confidence"":0.8352401256561279,""x1"":459.95465087890625,""y1"":200.95361328125,""x2"":506.44024658203125,""y2"":289.37152099609375}]"
23,8.437996,1.2012009992758976,43.58541600049648,0.7417800006805919,45.970834,54.40883,2,"[{""class_id"":0,""class_name"":""ball"",""confidence"":0.9112952947616577,""x1"":308.023681640625,""y1"":283.1932067871094,""x2"":334.161376953125,""y2"":312.0434265136719},{""class_id"":2,""class_name"":""robot"",""confidence"":0.8380223512649536,""x1"":460.0469055175781,""y1"":201.02386474609375,""x2"":506.8905334472656,""y2"":289.47039794921875}]"
24,0.581337,0.9570830006850883,42.86358900026244,0.7424409996019676,44.995656000000004,45.576993,2,"[{""class_id"":0,""class_name"":""ball"",""confidence"":0.9096657037734985,""x1"":308.12030029296875,""y1"":283.1741943359375,""x2"":334.22552490234375,""y2"":312.3260498046875},{""class_id"":2,""class_name"":""robot"",""confidence"":0.8283646106719971,""x1"":460.87567138671875,""y1"":200.76861572265625,""x2"":506.50115966796875,""y2"":289.27996826171875}]"
25,8.428394,0.994408999758889,42.85332899962668,0.7481619995814981,45.046397999999996,53.474792,2,"[{""class_id"":0,""class_name"":""ball"",""confidence"":0.9118931293487549,""x1"":308.2693786621094,""y1"":283.3052673339844,""x2"":334.2169494628906,""y2"":312.1376647949219},{""class_id"":2,""class_name"":""robot"",""confidence"":0.8348549008369446,""x1"":460.4990234375,""y1"":200.8209228515625,""x2"":506.5252685546875,""y2"":289.1693115234375}]"
26,0.582616,0.8475879985780921,41.578406999178696,0.7436020005116006,43.573434999999996,44.156051,2,"[{""class_id"":0,""class_name"":""ball"",""confidence"":0.907145082950592,""x1"":308.06036376953125,""y1"":283.1308898925781,""x2"":334.14154052734375,""y2"":311.9601745605469},{""class_id"":2,""class_name"":""robot"",""confidence"":0.8304863572120667,""x1"":460.5694885253906,""y1"":201.0625,""x2"":506.2323303222656,""y2"":288.96142578125}]"
27,10.702345,1.009565999993356,44.95272500025749,0.7638209990545874,47.20583,57.908175,2,"[{""class_id"":0,""class_name"":""ball"",""confidence"":0.9077681303024292,""x1"":307.9291076660156,""y1"":283.0400390625,""x2"":334.2503356933594,""y2"":312.0142822265625},{""class_id"":2,""class_name"":""robot"",""confidence"":0.8374155163764954,""x1"":457.7333984375,""y1"":200.78323364257812,""x2"":506.9859619140625,""y2"":289.5937194824219}]"
28,0.624355,0.8524579989170888,42.440656001417665,0.7509600000048522,44.451533999999995,45.075889,2,"[{""class_id"":0,""class_name"":""ball"",""confidence"":0.9091047048568726,""x1"":308.0576171875,""y1"":283.21728515625,""x2"":334.12646484375,""y2"":311.98114013671875},{""class_id"":2,""class_name"":""robot"",""confidence"":0.8287889957427979,""x1"":460.88677978515625,""y1"":200.89761352539062,""x2"":506.34100341796875,""y2"":288.8313903808594}]"
29,11.722047,0.9777699997357558,41.91728700061503,0.8402200001000892,44.178933,55.90098,2,"[{""class_id"":0,""class_name"":""ball"",""confidence"":0.903682291507721,""x1"":307.8799133300781,""y1"":283.1813049316406,""x2"":334.2135925292969,""y2"":311.8381652832031},{""class_id"":2,""class_name"":""robot"",""confidence"":0.823497474193573,""x1"":461.34521484375,""y1"":200.94680786132812,""x2"":505.80804443359375,""y2"":288.3406066894531}]"
30,19.550394,1.1101410000264877,44.473533000200405,0.7360549989243736,46.773610000000005,66.324004,2,"[{""class_id"":0,""class_name"":""ball"",""confidence"":0.9069322347640991,""x1"":308.1120300292969,""y1"":283.11865234375,""x2"":334.0808410644531,""y2"":311.904052734375},{""class_id"":2,""class_name"":""robot"",""confidence"":0.8327196836471558,""x1"":460.2138671875,""y1"":200.85665893554688,""x2"":506.9305419921875,""y2"":289.3617858886719}]"
31,0.572023,0.8581729998695664,43.55240299992147,0.7911240008979803,45.629517,46.20154,2,"[{""class_id"":0,""class_name"":""ball"",""confidence"":0.9061440825462341,""x1"":308.18487548828125,""y1"":283.0831298828125,""x2"":334.15240478515625,""y2"":311.893310546875},{""class_id"":2,""class_name"":""robot"",""confidence"":0.8369184136390686,""x1"":460.37860107421875,""y1"":201.01211547851562,""x2"":506.43927001953125,""y2"":289.7831726074219}]"
32,6.981694,1.013933999274741,41.22707599890418,0.7463940000889124,43.406244,50.387938,2,"[{""class_id"":0,""class_name"":""ball"",""confidence"":0.9095549583435059,""x1"":308.0443115234375,""y1"":283.0870361328125,""x2"":334.01470947265625,""y2"":311.9654541015625},{""class_id"":2,""class_name"":""robot"",""confidence"":0.8408275842666626,""x1"":460.22845458984375,""y1"":200.83041381835938,""x2"":506.54095458984375,""y2"":289.14422607421875}]"
33,0.758459,0.8824060005281353,41.65132999878551,0.7450809989677509,43.687346,44.445805,2,"[{""class_id"":0,""class_name"":""ball"",""confidence"":0.908231794834137,""x1"":307.96600341796875,""y1"":283.0986022949219,""x2"":334.07977294921875,""y2"":312.0778503417969},{""class_id"":2,""class_name"":""robot"",""confidence"":0.8400577306747437,""x1"":459.9700622558594,""y1"":200.73391723632812,""x2"":506.5325622558594,""y2"":289.64263916015625}]"
34,12.088504,1.0499559994059382,42.481559999941965,0.729540999600431,44.699296,56.7878,2,"[{""class_id"":0,""class_name"":""ball"",""confidence"":0.9121217727661133,""x1"":308.068603515625,""y1"":283.35528564453125,""x2"":334.25103759765625,""y2"":312.20440673828125},{""class_id"":2,""class_name"":""robot"",""confidence"":0.8285343647003174,""x1"":460.64288330078125,""y1"":201.06314086914062,""x2"":505.91339111328125,""y2"":289.0556335449219}]"
35,0.577499,0.849228999868501,41.04661600104009,0.7499509993067477,43.060472,43.637971,2,"[{""class_id"":0,""class_name"":""ball"",""confidence"":0.907664954662323,""x1"":308.0318603515625,""y1"":283.216064453125,""x2"":334.04833984375,""y2"":312.045166015625},{""class_id"":2,""class_name"":""robot"",""confidence"":0.8261340260505676,""x1"":456.05450439453125,""y1"":200.73214721679688,""x2"":507.39276123046875,""y2"":290.79876708984375}]"
36,11.578917,0.9886850002658321,42.883441999947536,1.2931679993926082,45.594074000000006,57.172991,2,"[{""class_id"":0,""class_name"":""ball"",""confidence"":0.907418429851532,""x1"":308.17816162109375,""y1"":283.2522277832031,""x2"":334.0440673828125,""y2"":312.0002746582031},{""class_id"":2,""class_name"":""robot"",""confidence"":0.8315859436988831,""x1"":460.6053466796875,""y1"":200.94583129882812,""x2"":505.9862060546875,""y2"":289.59783935546875}]"
37,0.569645,0.8356309990631416,46.70661099953577,0.7564600000478094,48.757151,49.326796,2,"[{""class_id"":0,""class_name"":""ball"",""confidence"":0.9067069888114929,""x1"":308.1070556640625,""y1"":283.02001953125,""x2"":334.0565185546875,""y2"":312.09027099609375},{""class_id"":2,""class_name"":""robot"",""confidence"":0.8308753967285156,""x1"":460.9056091308594,""y1"":201.11434936523438,""x2"":506.4741516113281,""y2"":289.2749328613281}]"
38,4.948732,1.1828809983853716,43.5041420005291,0.7514720000472153,45.869338,50.81807,2,"[{""class_id"":0,""class_name"":""ball"",""confidence"":0.9095566272735596,""x1"":308.025634765625,""y1"":283.1940612792969,""x2"":334.1844482421875,""y2"":312.0063781738281},{""class_id"":2,""class_name"":""robot"",""confidence"":0.8309702277183533,""x1"":455.8197021484375,""y1"":200.66323852539062,""x2"":507.2567138671875,""y2"":290.06707763671875}]"
39,0.572726,0.849610998557182,43.05521499918541,0.7253079984366195,45.047413,45.620139,2,"[{""class_id"":0,""class_name"":""ball"",""confidence"":0.9098538756370544,""x1"":308.00054931640625,""y1"":283.158935546875,""x2"":334.11260986328125,""y2"":312.044189453125},{""class_id"":2,""class_name"":""robot"",""confidence"":0.8222614526748657,""x1"":461.26434326171875,""y1"":200.90304565429688,""x2"":505.4505615234375,""y2"":288.1827697753906}]"
40,12.626443,1.004493999062106,44.21231200103648,0.7767520000925288,46.512359,59.138802,2,"[{""class_id"":0,""class_name"":""ball"",""confidence"":0.9106590747833252,""x1"":307.86883544921875,""y1"":283.08673095703125,""x2"":334.23333740234375,""y2"":312.21087646484375},{""class_id"":2,""class_name"":""robot"",""confidence"":0.8297256231307983,""x1"":460.87347412109375,""y1"":200.71853637695312,""x2"":506.55328369140625,""y2"":288.9097900390625}]"
41,17.518035,1.071349999619997,43.68154699841398,0.751694999053143,45.945978,63.464013,2,"[{""class_id"":0,""class_name"":""ball"",""confidence"":0.9120113849639893,""x1"":308.11566162109375,""y1"":283.2249450683594,""x2"":334.08856201171875,""y2"":312.0218200683594},{""class_id"":2,""class_name"":""robot"",""confidence"":0.83404541015625,""x1"":460.318359375,""y1"":200.86419677734375,""x2"":506.2232666015625,""y2"":288.91705322265625}]"
42,0.580124,0.8761320004850859,43.2457520000753,0.8752089997869916,45.403956,45.98408,2,"[{""class_id"":0,""class_name"":""ball"",""confidence"":0.9097794890403748,""x1"":308.14520263671875,""y1"":283.311279296875,""x2"":334.28570556640625,""y2"":312.171142578125},{""class_id"":2,""class_name"":""robot"",""confidence"":0.8258858919143677,""x1"":460.5592956542969,""y1"":201.05947875976562,""x2"":506.3156433105469,""y2"":289.26519775390625}]"
43,7.912259,0.9840840011747787,43.24687699954666,0.7365059991570888,45.411755,53.324014,2,"[{""class_id"":0,""class_name"":""ball"",""confidence"":0.9099225401878357,""x1"":307.89013671875,""y1"":283.1677551269531,""x2"":334.09027099609375,""y2"":312.0461730957031},{""class_id"":2,""class_name"":""robot"",""confidence"":0.8369160294532776,""x1"":460.0005798339844,""y1"":201.0029296875,""x2"":506.0003967285156,""y2"":289.1624755859375}]"
44,0.571151,0.8264250009233365,41.408099999898695,0.7311219997063745,43.371501,43.942652,2,"[{""class_id"":0,""class_name"":""ball"",""confidence"":0.9116436839103699,""x1"":307.9920654296875,""y1"":283.201904296875,""x2"":334.060546875,""y2"":312.18731689453125},{""class_id"":2,""class_name"":""robot"",""confidence"":0.8385106325149536,""x1"":460.26495361328125,""y1"":200.80633544921875,""x2"":506.37933349609375,""y2"":289.14593505859375}]"
45,10.544401,0.9843630014074733,44.79307899964624,0.7484609996026848,46.943924,57.488325,2,"[{""class_id"":0,""class_name"":""ball"",""confidence"":0.9058740139007568,""x1"":308.02325439453125,""y1"":283.23095703125,""x2"":334.15887451171875,""y2"":311.9644775390625},{""class_id"":2,""class_name"":""robot"",""confidence"":0.838159441947937,""x1"":460.3063049316406,""y1"":200.63473510742188,""x2"":506.5201721191406,""y2"":289.4242248535156}]"
46,0.580117,0.8695140004419954,43.79030100062664,0.7393799987767125,45.803003,46.38312,2,"[{""class_id"":0,""class_name"":""ball"",""confidence"":0.9066271185874939,""x1"":307.9561767578125,""y1"":283.1495361328125,""x2"":334.25048828125,""y2"":311.90032958984375},{""class_id"":2,""class_name"":""robot"",""confidence"":0.8266913294792175,""x1"":461.07379150390625,""y1"":200.8876953125,""x2"":505.99688720703125,""y2"":289.30877685546875}]"
47,6.606644,1.0124199998244876,42.721952000647434,0.7439569999405649,44.916000999999994,51.522645,2,"[{""class_id"":0,""class_name"":""ball"",""confidence"":0.9101116061210632,""x1"":308.1123046875,""y1"":283.16534423828125,""x2"":334.08740234375,""y2"":312.07061767578125},{""class_id"":2,""class_name"":""robot"",""confidence"":0.8340564966201782,""x1"":460.4561767578125,""y1"":200.98226928710938,""x2"":506.2835693359375,""y2"":289.180419921875}]"
48,0.580611,0.8341379998455523,43.36218500066025,0.784502999522374,45.423444,46.004055,2,"[{""class_id"":0,""class_name"":""ball"",""confidence"":0.9086313247680664,""x1"":307.8031921386719,""y1"":283.08441162109375,""x2"":334.1795349121094,""y2"":312.03265380859375},{""class_id"":2,""class_name"":""robot"",""confidence"":0.82826167345047,""x1"":460.82598876953125,""y1"":201.01345825195312,""x2"":506.11968994140625,""y2"":289.0486755371094}]"
49,8.992114,0.9624610011087498,45.226199999888195,0.7463780002581188,47.36221,56.354324,2,"[{""class_id"":0,""class_name"":""ball"",""confidence"":0.9080511927604675,""x1"":308.01690673828125,""y1"":283.316162109375,""x2"":334.13616943359375,""y2"":312.1651611328125},{""class_id"":2,""class_name"":""robot"",""confidence"":0.8235117197036743,""x1"":461.54217529296875,""y1"":200.75711059570312,""x2"":505.96380615234375,""y2"":288.7408752441406}]"
50,0.581731,1.0102520009240834,42.88447100043413,0.7468559997505508,45.045597,45.627328,2,"[{""class_id"":0,""class_name"":""ball"",""confidence"":0.9104374647140503,""x1"":308.04754638671875,""y1"":283.10186767578125,""x2"":334.10333251953125,""y2"":311.99298095703125},{""class_id"":2,""class_name"":""robot"",""confidence"":0.8258563876152039,""x1"":456.68487548828125,""y1"":200.76104736328125,""x2"":506.99749755859375,""y2"":290.4779357910156}]"
51,11.033283,0.9656530000938801,44.78688000017428,0.7479279993276577,46.986340999999996,58.019624,2,"[{""class_id"":0,""class_name"":""ball"",""confidence"":0.9093127250671387,""x1"":308.0620422363281,""y1"":283.1424255371094,""x2"":334.0676574707031,""y2"":311.9794006347656},{""class_id"":2,""class_name"":""robot"",""confidence"":0.8351197838783264,""x1"":460.3424072265625,""y1"":200.77349853515625,""x2"":505.9566650390625,""y2"":288.8145751953125}]"
52,16.978086,0.9585709995008074,39.4758959992032,0.4364220003481023,41.261644000000004,58.23973,2,"[{""class_id"":0,""class_name"":""ball"",""confidence"":0.9099622368812561,""x1"":308.04888916015625,""y1"":283.1192626953125,""x2"":334.07183837890625,""y2"":312.0047607421875},{""class_id"":2,""class_name"":""robot"",""confidence"":0.8312180042266846,""x1"":456.05523681640625,""y1"":200.720703125,""x2"":507.26141357421875,""y2"":290.28582763671875}]"
53,0.358163,0.673945000016829,36.19920799974352,0.4310849999455968,37.641689,37.999852,2,"[{""class_id"":0,""class_name"":""ball"",""confidence"":0.9123629331588745,""x1"":308.1727294921875,""y1"":283.21942138671875,""x2"":334.2125244140625,""y2"":312.16363525390625},{""class_id"":2,""class_name"":""robot"",""confidence"":0.8260006308555603,""x1"":456.5957946777344,""y1"":200.693603515625,""x2"":507.4805603027344,""y2"":290.4647521972656}]"
54,20.362499,0.8565779990021838,41.62416100007249,0.7813840002199868,43.67391000000001,64.036409,2,"[{""class_id"":0,""class_name"":""ball"",""confidence"":0.9099211096763611,""x1"":307.9814147949219,""y1"":283.17816162109375,""x2"":334.0991516113281,""y2"":312.02886962890625},{""class_id"":2,""class_name"":""robot"",""confidence"":0.8235775828361511,""x1"":456.664794921875,""y1"":200.8175048828125,""x2"":506.9154052734375,""y2"":290.17901611328125}]"
55,0.589135,0.8761570006754482,41.611152000768925,0.75836399992113,43.653914,44.243049,2,"[{""class_id"":0,""class_name"":""ball"",""confidence"":0.9066959023475647,""x1"":308.11480712890625,""y1"":283.2533264160156,""x2"":334.20574951171875,""y2"":312.0484313964844},{""class_id"":2,""class_name"":""robot"",""confidence"":0.8311445116996765,""x1"":460.3887634277344,""y1"":200.84674072265625,""x2"":506.2728576660156,""y2"":289.44482421875}]"
56,12.118822,0.9802530003071297,45.544068998424336,0.8073110002442263,47.779795,59.898617,2,"[{""class_id"":0,""class_name"":""ball"",""confidence"":0.9080114364624023,""x1"":307.9146423339844,""y1"":283.0987243652344,""x2"":333.9303894042969,""y2"":311.9523620605469},{""class_id"":2,""class_name"":""robot"",""confidence"":0.8325284123420715,""x1"":455.8174133300781,""y1"":200.62820434570312,""x2"":507.4139099121094,""y2"":290.3807678222656}]"
57,0.574676,0.8614289999968605,44.03895200084662,0.7399389996862737,46.076557,46.651233,2,"[{""class_id"":0,""class_name"":""ball"",""confidence"":0.9096911549568176,""x1"":308.02996826171875,""y1"":283.2271728515625,""x2"":333.99554443359375,""y2"":312.018798828125},{""class_id"":2,""class_name"":""robot"",""confidence"":0.8326660990715027,""x1"":460.4828186035156,""y1"":201.06951904296875,""x2"":506.2397155761719,""y2"":289.2785949707031}]"
58,5.354668,0.968119999015471,42.446673000085866,0.7892069988884032,44.619079,49.973747,2,"[{""class_id"":0,""class_name"":""ball"",""confidence"":0.9104333519935608,""x1"":308.09747314453125,""y1"":283.0783996582031,""x2"":334.11773681640625,""y2"":311.9096984863281},{""class_id"":2,""class_name"":""robot"",""confidence"":0.837116003036499,""x1"":460.36676025390625,""y1"":200.87237548828125,""x2"":506.08734130859375,""y2"":288.91888427734375}]"
59,0.573431,0.8287159998872085,43.3527810000669,0.7386760007648263,45.321739,45.89517,2,"[{""class_id"":0,""class_name"":""ball"",""confidence"":0.9076697826385498,""x1"":307.9903564453125,""y1"":283.34246826171875,""x2"":334.27777099609375,""y2"":312.0699462890625},{""class_id"":2,""class_name"":""robot"",""confidence"":0.8341211676597595,""x1"":460.35968017578125,""y1"":200.80099487304688,""x2"":506.18951416015625,""y2"":289.0549621582031}]"
60,9.645747,1.0291509988746839,41.682301000037114,0.6679310008621542,43.813166,53.458913,2,"[{""class_id"":0,""class_name"":""ball"",""confidence"":0.9094889760017395,""x1"":308.1048583984375,""y1"":283.205810546875,""x2"":334.1119384765625,""y2"":311.9365234375},{""class_id"":2,""class_name"":""robot"",""confidence"":0.8372403979301453,""x1"":460.51751708984375,""y1"":200.83615112304688,""x2"":506.44793701171875,""y2"":289.6409606933594}]"
61,0.359962,0.7534579999628477,37.71007700015616,0.669824999931734,39.533517999999994,39.89348,2,"[{""class_id"":0,""class_name"":""ball"",""confidence"":0.9033097624778748,""x1"":308.131103515625,""y1"":283.116455078125,""x2"":334.0548095703125,""y2"":311.9730224609375},{""class_id"":2,""class_name"":""robot"",""confidence"":0.8176802396774292,""x1"":456.78997802734375,""y1"":200.59841918945312,""x2"":506.73443603515625,""y2"":290.2463684082031}]"
62,16.118147,0.8288810004160041,37.08449799887603,0.4479690014704829,38.691195,54.809342,2,"[{""class_id"":0,""class_name"":""ball"",""confidence"":0.9098513126373291,""x1"":308.17926025390625,""y1"":283.25469970703125,""x2"":334.0718994140625,""y2"":311.98486328125},{""class_id"":2,""class_name"":""robot"",""confidence"":0.8258744478225708,""x1"":455.8420715332031,""y1"":200.69400024414062,""x2"":507.1194152832031,""y2"":290.57208251953125}]"
63,0.322454,0.6525230000988813,36.384321998411906,0.4947460001858417,37.868316,38.19077,2,"[{""class_id"":0,""class_name"":""ball"",""confidence"":0.9094568490982056,""x1"":307.8487548828125,""y1"":283.122314453125,""x2"":334.0865478515625,""y2"":312.08984375},{""class_id"":2,""class_name"":""robot"",""confidence"":0.8326368927955627,""x1"":456.0289611816406,""y1"":200.61636352539062,""x2"":507.6533508300781,""y2"":290.7513732910156}]"
64,0.323755,0.7138319997466169,38.82585900100821,0.828926999020041,40.746627000000004,41.070382,2,"[{""class_id"":0,""class_name"":""ball"",""confidence"":0.9082712531089783,""x1"":308.08953857421875,""y1"":283.20941162109375,""x2"":334.17376708984375,""y2"":311.97442626953125},{""class_id"":2,""class_name"":""robot"",""confidence"":0.8296213150024414,""x1"":456.3763427734375,""y1"":200.70452880859375,""x2"":506.701416015625,""y2"":291.0101318359375}]"
65,18.129581,1.0457669995957986,37.42473800048174,0.4268259999662405,39.285274,57.414855,2,"[{""class_id"":0,""class_name"":""ball"",""confidence"":0.9124072194099426,""x1"":307.87567138671875,""y1"":283.1553649902344,""x2"":333.93988037109375,""y2"":311.8911437988281},{""class_id"":2,""class_name"":""robot"",""confidence"":0.8332622647285461,""x1"":455.82696533203125,""y1"":200.8402099609375,""x2"":507.29425048828125,""y2"":290.5535888671875}]"
66,0.318181,0.6898350002302323,36.77496400086966,0.4491850013437215,38.243219999999994,38.561401,2,"[{""class_id"":0,""class_name"":""ball"",""confidence"":0.912757158279419,""x1"":308.2663879394531,""y1"":283.2235107421875,""x2"":334.2118835449219,""y2"":312.0599365234375},{""class_id"":2,""class_name"":""robot"",""confidence"":0.83565753698349,""x1"":460.17578125,""y1"":200.8748779296875,""x2"":506.314453125,""y2"":289.37799072265625}]"
67,21.808216,0.8829300004435936,40.45824600143533,0.4396010008349549,42.120725,63.928941,2,"[{""class_id"":0,""class_name"":""ball"",""confidence"":0.9091367125511169,""x1"":307.93780517578125,""y1"":283.2154846191406,""x2"":334.15594482421875,""y2"":312.2074279785156},{""class_id"":2,""class_name"":""robot"",""confidence"":0.8247454762458801,""x1"":460.53619384765625,""y1"":200.8939208984375,""x2"":506.69403076171875,""y2"":289.4617919921875}]"
68,0.325282,0.6663429994659964,35.29758500008029,0.9539340007904684,37.276055,37.601337,2,"[{""class_id"":0,""class_name"":""ball"",""confidence"":0.9077048301696777,""x1"":308.1247253417969,""y1"":283.0980529785156,""x2"":334.1447448730469,""y2"":312.0039367675781},{""class_id"":2,""class_name"":""robot"",""confidence"":0.8215537667274475,""x1"":460.99066162109375,""y1"":200.83514404296875,""x2"":505.8221435546875,""y2"":288.9836120605469}]"
69,20.206449,0.8460509998258203,37.40982300041651,0.4349570008344017,39.025898,59.232347,2,"[{""class_id"":0,""class_name"":""ball"",""confidence"":0.912774920463562,""x1"":307.98126220703125,""y1"":283.2084655761719,""x2"":334.02056884765625,""y2"":312.0791931152344},{""class_id"":2,""class_name"":""robot"",""confidence"":0.8390952348709106,""x1"":460.3363037109375,""y1"":200.76077270507812,""x2"":506.5308837890625,""y2"":289.6004333496094}]"
70,0.321071,0.6806080000387738,37.27537800114078,0.4515450000326382,38.736428999999994,39.0575,2,"[{""class_id"":0,""class_name"":""ball"",""confidence"":0.9094917178153992,""x1"":308.11431884765625,""y1"":283.1405029296875,""x2"":333.9615478515625,""y2"":312.000732421875},{""class_id"":2,""class_name"":""robot"",""confidence"":0.8299941420555115,""x1"":460.83807373046875,""y1"":200.77499389648438,""x2"":506.62225341796875,""y2"":288.9113464355469}]"
71,21.873481,0.8688449997862335,38.92362599981425,0.42921199928969145,40.565681999999995,62.439163,2,"[{""class_id"":0,""class_name"":""ball"",""confidence"":0.9087032675743103,""x1"":308.1431884765625,""y1"":283.1468505859375,""x2"":334.05126953125,""y2"":311.9390869140625},{""class_id"":2,""class_name"":""robot"",""confidence"":0.8363642692565918,""x1"":460.26611328125,""y1"":200.87158203125,""x2"":506.7247314453125,""y2"":289.2104797363281}]"
72,0.320929,0.697986999512068,37.96430500005954,0.49166500139108393,39.529453000000004,39.850382,2,"[{""class_id"":0,""class_name"":""ball"",""confidence"":0.9130216240882874,""x1"":307.94683837890625,""y1"":283.115478515625,""x2"":334.02508544921875,""y2"":312.133544921875},{""class_id"":2,""class_name"":""robot"",""confidence"":0.8324854373931885,""x1"":455.5495910644531,""y1"":200.6575927734375,""x2"":507.4568786621094,""y2"":290.5628662109375}]"
73,19.436994,0.8580929988966091,36.08342100051232,0.42616299833753146,37.716190000000005,57.153184,2,"[{""class_id"":0,""class_name"":""ball"",""confidence"":0.9089630246162415,""x1"":307.99737548828125,""y1"":283.2085876464844,""x2"":334.11187744140625,""y2"":312.0713195800781},{""class_id"":2,""class_name"":""robot"",""confidence"":0.8332785964012146,""x1"":460.30328369140625,""y1"":200.96414184570312,""x2"":505.96795654296875,""y2"":289.1950988769531}]"
74,0.462015,0.7613699999637902,34.71397000066645,0.42588300129864365,36.236071,36.698086,2,"[{""class_id"":0,""class_name"":""ball"",""confidence"":0.9083930253982544,""x1"":308.004638671875,""y1"":283.2020263671875,""x2"":334.0048828125,""y2"":312.0030517578125},{""class_id"":2,""class_name"":""robot"",""confidence"":0.8336540460586548,""x1"":460.9219970703125,""y1"":200.5692138671875,""x2"":506.4193115234375,""y2"":289.10064697265625}]"
75,25.550545,0.8386010013055056,40.84877300010703,0.4315269998187432,42.471316,68.021861,2,"[{""class_id"":0,""class_name"":""ball"",""confidence"":0.9112570881843567,""x1"":308.02880859375,""y1"":283.21429443359375,""x2"":334.19110107421875,""y2"":312.04522705078125},{""class_id"":2,""class_name"":""robot"",""confidence"":0.8342793583869934,""x1"":455.83392333984375,""y1"":200.68109130859375,""x2"":507.3135986328125,""y2"":290.88653564453125}]"
76,0.329317,0.6828040004620561,36.84315999998944,0.44696900113194715,38.331157999999995,38.660475,2,"[{""class_id"":0,""class_name"":""ball"",""confidence"":0.9060999155044556,""x1"":308.064208984375,""y1"":283.13323974609375,""x2"":334.0433349609375,""y2"":312.05242919921875},{""class_id"":2,""class_name"":""robot"",""confidence"":0.8302980065345764,""x1"":460.5309143066406,""y1"":200.9930419921875,""x2"":506.0882263183594,""y2"":289.1510009765625}]"
77,18.78555,0.8468390005873516,38.906675999896834,0.43650599945976865,40.525788,59.311338,2,"[{""class_id"":0,""class_name"":""ball"",""confidence"":0.906735360622406,""x1"":308.0511169433594,""y1"":283.0626220703125,""x2"":334.2744445800781,""y2"":312.265869140625},{""class_id"":2,""class_name"":""robot"",""confidence"":0.8313426971435547,""x1"":460.1697998046875,""y1"":200.95974731445312,""x2"":505.90240478515625,""y2"":289.32940673828125}]"
78,0.331953,0.7376749999821186,37.475927001651144,0.4741499997180654,39.020603,39.352556,2,"[{""class_id"":0,""class_name"":""ball"",""confidence"":0.906725287437439,""x1"":308.017822265625,""y1"":283.25732421875,""x2"":334.299072265625,""y2"":312.188720703125},{""class_id"":2,""class_name"":""robot"",""confidence"":0.8294634819030762,""x1"":460.9364318847656,""y1"":200.9381103515625,""x2"":506.2338562011719,""y2"":289.2553405761719}]"
79,20.083663,0.8836899996822467,38.131227000121726,0.4455819998838706,39.815779,59.899442,2,"[{""class_id"":0,""class_name"":""ball"",""confidence"":0.9080315828323364,""x1"":308.1580810546875,""y1"":283.251953125,""x2"":334.06707763671875,""y2"":312.1318359375},{""class_id"":2,""class_name"":""robot"",""confidence"":0.8403627872467041,""x1"":459.9166259765625,""y1"":201.00436401367188,""x2"":506.393798828125,""y2"":289.11669921875}]"
80,0.319989,0.6936680001672357,39.235410000401316,0.44147399967187084,40.693872,41.013861,2,"[{""class_id"":0,""class_name"":""ball"",""confidence"":0.9034294486045837,""x1"":308.0611267089844,""y1"":283.03265380859375,""x2"":334.1600036621094,""y2"":311.98980712890625},{""class_id"":2,""class_name"":""robot"",""confidence"":0.832960844039917,""x1"":460.7585144042969,""y1"":200.86279296875,""x2"":506.3093566894531,""y2"":289.4832458496094}]"
81,19.098188,0.8697379998920951,39.16733599908184,0.43549699876166414,40.812371999999996,59.91056,2,"[{""class_id"":0,""class_name"":""ball"",""confidence"":0.9048342704772949,""x1"":308.12689208984375,""y1"":283.12744140625,""x2"":334.03302001953125,""y2"":311.9268798828125},{""class_id"":2,""class_name"":""robot"",""confidence"":0.8324601054191589,""x1"":460.5794677734375,""y1"":200.76864624023438,""x2"":506.2830810546875,""y2"":289.37164306640625}]"
82,0.337983,0.6737050007359358,40.194624998548534,0.45607399988512043,41.649892,41.987875,2,"[{""class_id"":0,""class_name"":""ball"",""confidence"":0.9131361246109009,""x1"":308.07476806640625,""y1"":283.16131591796875,""x2"":334.10711669921875,""y2"":312.06121826171875},{""class_id"":2,""class_name"":""robot"",""confidence"":0.8321359157562256,""x1"":460.5285339355469,""y1"":201.00656127929688,""x2"":506.3514099121094,""y2"":288.7746887207031}]"
83,17.293119,0.8727360000193585,40.743587000179105,0.43910199929086957,42.390066000000004,59.683185,2,"[{""class_id"":0,""class_name"":""ball"",""confidence"":0.9097052812576294,""x1"":308.0784912109375,""y1"":283.27825927734375,""x2"":334.14208984375,""y2"":311.97735595703125},{""class_id"":2,""class_name"":""robot"",""confidence"":0.8379459977149963,""x1"":460.4312744140625,""y1"":200.921630859375,""x2"":506.07763671875,""y2"":288.903564453125}]"
84,0.345471,0.8176850005838787,40.87818399966636,0.4250999991199933,42.444198,42.789669,2,"[{""class_id"":0,""class_name"":""ball"",""confidence"":0.9123371243476868,""x1"":308.1259765625,""y1"":283.2120666503906,""x2"":334.3060302734375,""y2"":312.3611755371094},{""class_id"":2,""class_name"":""robot"",""confidence"":0.8337072134017944,""x1"":460.389404296875,""y1"":200.8896484375,""x2"":506.36083984375,""y2"":289.21270751953125}]"
85,14.689153,0.8749690005060984,36.85357999893313,0.42625199967005756,38.484053,53.173206,2,"[{""class_id"":0,""class_name"":""ball"",""confidence"":0.9085026383399963,""x1"":308.16064453125,""y1"":283.26312255859375,""x2"":334.293701171875,""y2"":312.20513916015625},{""class_id"":2,""class_name"":""robot"",""confidence"":0.8305914402008057,""x1"":460.85980224609375,""y1"":200.8931884765625,""x2"":506.02862548828125,""y2"":288.9751892089844}]"
86,0.32725,0.6390959988493705,38.969291001194506,0.8292229995277012,40.823215,41.150465,2,"[{""class_id"":0,""class_name"":""ball"",""confidence"":0.9081780314445496,""x1"":308.05609130859375,""y1"":283.3152770996094,""x2"":334.15606689453125,""y2"":311.9546203613281},{""class_id"":2,""class_name"":""robot"",""confidence"":0.8365696668624878,""x1"":460.63330078125,""y1"":200.93878173828125,""x2"":506.551025390625,""y2"":289.23553466796875}]"
87,0.568786,0.9211239994328935,43.5480619998998,0.7557919998362195,45.633109999999995,46.201896,2,"[{""class_id"":0,""class_name"":""ball"",""confidence"":0.912173867225647,""x1"":308.09002685546875,""y1"":283.31951904296875,""x2"":333.94171142578125,""y2"":312.09246826171875},{""class_id"":2,""class_name"":""robot"",""confidence"":0.8286625146865845,""x1"":456.3955078125,""y1"":200.739501953125,""x2"":507.25732421875,""y2"":290.5273742675781}]"
88,10.162475,0.9732440012157895,41.694577999805915,0.7756400009384379,43.865114,54.027589,2,"[{""class_id"":0,""class_name"":""ball"",""confidence"":0.9068040251731873,""x1"":308.1686706542969,""y1"":283.12286376953125,""x2"":334.0647277832031,""y2"":312.02081298828125},{""class_id"":2,""class_name"":""robot"",""confidence"":0.8341127634048462,""x1"":456.0197448730469,""y1"":200.63873291015625,""x2"":507.5706481933594,""y2"":290.70843505859375}]"
89,0.577852,0.9323440008301986,42.961008999554906,0.7327110015467042,45.040142,45.617994,2,"[{""class_id"":0,""class_name"":""ball"",""confidence"":0.9125094413757324,""x1"":308.13653564453125,""y1"":283.28692626953125,""x2"":334.1942138671875,""y2"":312.1539306640625},{""class_id"":2,""class_name"":""robot"",""confidence"":0.8338015675544739,""x1"":460.68194580078125,""y1"":200.86557006835938,""x2"":506.61309814453125,""y2"":289.2566223144531}]"
90,10.432938,0.9854309992078925,40.689232999284286,0.44464700113167055,42.562682,52.99562,2,"[{""class_id"":0,""class_name"":""ball"",""confidence"":0.908864438533783,""x1"":308.0458984375,""y1"":283.32501220703125,""x2"":334.22161865234375,""y2"":312.11358642578125},{""class_id"":2,""class_name"":""robot"",""confidence"":0.829052746295929,""x1"":455.9834289550781,""y1"":200.7545166015625,""x2"":507.2356872558594,""y2"":290.4481201171875}]"
91,0.385623,0.7799650011293124,36.270050000894116,0.46350599950528704,37.85698,38.242603,2,"[{""class_id"":0,""class_name"":""ball"",""confidence"":0.907495379447937,""x1"":308.0478515625,""y1"":283.12908935546875,""x2"":334.1361083984375,""y2"":311.98028564453125},{""class_id"":2,""class_name"":""robot"",""confidence"":0.8332334756851196,""x1"":460.62091064453125,""y1"":200.98504638671875,""x2"":506.3282470703125,""y2"":289.20245361328125}]"
92,18.957024,0.848275998578174,35.453002999929595,0.4420549994392786,37.08447099999999,56.041495,2,"[{""class_id"":0,""class_name"":""ball"",""confidence"":0.91131192445755,""x1"":308.00457763671875,""y1"":283.16412353515625,""x2"":334.03094482421875,""y2"":312.10382080078125},{""class_id"":2,""class_name"":""robot"",""confidence"":0.8279000520706177,""x1"":460.79461669921875,""y1"":200.87106323242188,""x2"":506.55743408203125,""y2"":289.2182922363281}]"
93,0.32704,0.6643010001425864,36.95693800000299,0.4395969990582671,38.393625,38.720665,2,"[{""class_id"":0,""class_name"":""ball"",""confidence"":0.907060980796814,""x1"":308.0750732421875,""y1"":283.123291015625,""x2"":334.1712646484375,""y2"":312.07366943359375},{""class_id"":2,""class_name"":""robot"",""confidence"":0.8236345052719116,""x1"":461.1251525878906,""y1"":201.08349609375,""x2"":506.0450134277344,""y2"":289.1011657714844}]"
94,24.108484,0.8800369996606605,40.75252800066664,0.4278820015315432,42.403926999999996,66.512411,2,"[{""class_id"":0,""class_name"":""ball"",""confidence"":0.906507670879364,""x1"":308.14788818359375,""y1"":283.2066955566406,""x2"":334.13214111328125,""y2"":311.9466247558594},{""class_id"":2,""class_name"":""robot"",""confidence"":0.8328384757041931,""x1"":460.3536376953125,""y1"":201.060546875,""x2"":506.1739501953125,""y2"":288.87567138671875}]"
95,0.441582,0.7522979994973866,38.39633499956108,0.4354520006017992,39.925032,40.366614,2,"[{""class_id"":0,""class_name"":""ball"",""confidence"":0.9069415330886841,""x1"":308.0247802734375,""y1"":283.0482177734375,""x2"":334.05029296875,""y2"":311.8975830078125},{""class_id"":2,""class_name"":""robot"",""confidence"":0.8307367563247681,""x1"":460.8779296875,""y1"":200.88299560546875,""x2"":506.3037109375,""y2"":288.7370300292969}]"
96,17.204308,0.8970630005933344,38.4359100007714,0.4415359999256907,40.118072,57.32238,2,"[{""class_id"":0,""class_name"":""ball"",""confidence"":0.9125401973724365,""x1"":307.77679443359375,""y1"":283.2314453125,""x2"":334.14495849609375,""y2"":312.011474609375},{""class_id"":2,""class_name"":""robot"",""confidence"":0.8276294469833374,""x1"":455.9516296386719,""y1"":200.73446655273438,""x2"":507.2583312988281,""y2"":290.4043273925781}]"
97,0.318238,0.6790919997001765,36.53927699997439,0.4286639996280428,37.985724,38.303962,2,"[{""class_id"":0,""class_name"":""ball"",""confidence"":0.9093851447105408,""x1"":308.28021240234375,""y1"":283.29443359375,""x2"":334.07501220703125,""y2"":312.1341552734375},{""class_id"":2,""class_name"":""robot"",""confidence"":0.8287179470062256,""x1"":456.3287353515625,""y1"":200.66961669921875,""x2"":506.951416015625,""y2"":290.3260498046875}]"
98,21.619058,0.9386679994349834,40.20320699964941,0.4366960001789266,41.938537,63.557595,2,"[{""class_id"":0,""class_name"":""ball"",""confidence"":0.9073918461799622,""x1"":307.9617614746094,""y1"":283.1645202636719,""x2"":334.1828918457031,""y2"":311.9013977050781},{""class_id"":2,""class_name"":""robot"",""confidence"":0.8378859758377075,""x1"":460.2892150878906,""y1"":200.7955322265625,""x2"":506.2549133300781,""y2"":289.40106201171875}]"
99,0.348232,0.9906849991239142,39.104303999920376,0.4363329990155762,40.882619999999996,41.230852,2,"[{""class_id"":0,""class_name"":""ball"",""confidence"":0.9076014161109924,""x1"":308.02886962890625,""y1"":283.07977294921875,""x2"":333.99090576171875,""y2"":311.90570068359375},{""class_id"":2,""class_name"":""robot"",""confidence"":0.8249656558036804,""x1"":456.5145263671875,""y1"":200.81704711914062,""x2"":507.3778076171875,""y2"":290.33978271484375}]"
100,16.755164,0.9203050012729364,39.21687100046256,0.4351419993326999,40.904904,57.660068,2,"[{""class_id"":0,""class_name"":""ball"",""confidence"":0.9115685224533081,""x1"":307.95428466796875,""y1"":283.1328125,""x2"":334.2587890625,""y2"":312.2508544921875},{""class_id"":2,""class_name"":""robot"",""confidence"":0.8321646451950073,""x1"":460.43115234375,""y1"":200.841796875,""x2"":506.49969482421875,""y2"":289.1063232421875}]"
101,0.320719,0.7683220010221703,40.49193600076251,0.43293199996696785,42.023239000000004,42.343958,2,"[{""class_id"":0,""class_name"":""ball"",""confidence"":0.9082298278808594,""x1"":308.12353515625,""y1"":283.1090087890625,""x2"":333.99578857421875,""y2"":312.0714111328125},{""class_id"":2,""class_name"":""robot"",""confidence"":0.8225129246711731,""x1"":460.97906494140625,""y1"":200.85211181640625,""x2"":506.44451904296875,""y2"":289.21270751953125}]"
102,16.546049,0.8755139988352312,37.69599600127549,0.43334299880370963,39.339889,55.885938,2,"[{""class_id"":0,""class_name"":""ball"",""confidence"":0.9105300903320312,""x1"":308.001953125,""y1"":283.08367919921875,""x2"":334.1031494140625,""y2"":312.04693603515625},{""class_id"":2,""class_name"":""robot"",""confidence"":0.8340693116188049,""x1"":460.38751220703125,""y1"":200.86505126953125,""x2"":506.30426025390625,""y2"":289.4571838378906}]"
103,0.328537,0.6657590001850622,40.22660500049824,0.44885500028613023,41.682084,42.010621,2,"[{""class_id"":0,""class_name"":""ball"",""confidence"":0.9113681316375732,""x1"":308.03704833984375,""y1"":283.2218017578125,""x2"":334.08917236328125,""y2"":312.0364990234375},{""class_id"":2,""class_name"":""robot"",""confidence"":0.8390265703201294,""x1"":460.11328125,""y1"":200.77682495117188,""x2"":506.67669677734375,""y2"":289.4920959472656}]"
104,18.739999,0.8954580007412005,35.96995000043535,0.4330610008764779,37.637353000000004,56.377352,2,"[{""class_id"":0,""class_name"":""ball"",""confidence"":0.9127336144447327,""x1"":308.0377502441406,""y1"":283.1133117675781,""x2"":334.1131286621094,""y2"":312.0953063964844},{""class_id"":2,""class_name"":""robot"",""confidence"":0.8297598361968994,""x1"":460.89849853515625,""y1"":200.86383056640625,""x2"":506.22674560546875,""y2"":289.2457275390625}]"
105,0.315534,0.6399419999070233,37.715168999056914,0.43166800060134847,39.117265,39.432799,2,"[{""class_id"":0,""class_name"":""ball"",""confidence"":0.9085224866867065,""x1"":308.003662109375,""y1"":283.2169189453125,""x2"":334.10986328125,""y2"":312.1036376953125},{""class_id"":2,""class_name"":""robot"",""confidence"":0.831001877784729,""x1"":460.92218017578125,""y1"":200.71249389648438,""x2"":506.20220947265625,""y2"":289.02288818359375}]"
106,22.867351,0.8416630007559434,38.861151000674,0.4303400000935653,40.480912000000004,63.348263,2,"[{""class_id"":0,""class_name"":""ball"",""confidence"":0.9107815623283386,""x1"":308.0998840332031,""y1"":283.09979248046875,""x2"":334.0400695800781,""y2"":312.07196044921875},{""class_id"":2,""class_name"":""robot"",""confidence"":0.8350982069969177,""x1"":455.35931396484375,""y1"":200.675537109375,""x2"":507.27398681640625,""y2"":290.682373046875}]"
107,0.319496,0.679988001138554,44.17245600052411,0.749348999306676,45.980156,46.299652,2,"[{""class_id"":0,""class_name"":""ball"",""confidence"":0.9055559039115906,""x1"":308.15911865234375,""y1"":283.2330322265625,""x2"":334.20037841796875,""y2"":311.98974609375},{""class_id"":2,""class_name"":""robot"",""confidence"":0.8272913098335266,""x1"":460.51385498046875,""y1"":200.76358032226562,""x2"":505.91436767578125,""y2"":288.794677734375}]"
108,13.221459,1.0262840005452745,43.91113300152938,0.8438389995717444,46.205123,59.426582,2,"[{""class_id"":0,""class_name"":""ball"",""confidence"":0.9109880924224854,""x1"":308.02923583984375,""y1"":283.17822265625,""x2"":334.18206787109375,""y2"":312.05572509765625},{""class_id"":2,""class_name"":""robot"",""confidence"":0.830022394657135,""x1"":460.8963623046875,""y1"":200.9190673828125,""x2"":505.9324951171875,""y2"":288.989990234375}]"
109,0.577042,0.8701410006324295,45.4334829992149,0.7463260008080397,47.451572,48.028614,2,"[{""class_id"":0,""class_name"":""ball"",""confidence"":0.9076507687568665,""x1"":307.99310302734375,""y1"":283.3168029785156,""x2"":334.15460205078125,""y2"":312.0162658691406},{""class_id"":2,""class_name"":""robot"",""confidence"":0.8311712145805359,""x1"":460.6498718261719,""y1"":200.77337646484375,""x2"":506.0104675292969,""y2"":289.067138671875}]"
110,9.71155,0.9533360007480951,41.40358299991931,0.7605920000059996,43.544356,53.255906,2,"[{""class_id"":0,""class_name"":""ball"",""confidence"":0.9107588529586792,""x1"":308.15924072265625,""y1"":283.14520263671875,""x2"":334.00225830078125,""y2"":312.05206298828125},{""class_id"":2,""class_name"":""robot"",""confidence"":0.8373667597770691,""x1"":460.3095703125,""y1"":200.56234741210938,""x2"":506.4703369140625,""y2"":289.5202331542969}]"
111,20.481758,1.0438900008011842,37.8268050008046,0.4391589991428191,39.694,60.175758,2,"[{""class_id"":0,""class_name"":""ball"",""confidence"":0.9119085073471069,""x1"":307.9647216796875,""y1"":283.2828369140625,""x2"":334.1326904296875,""y2"":311.866455078125},{""class_id"":2,""class_name"":""robot"",""confidence"":0.8286109566688538,""x1"":460.8062744140625,""y1"":200.75341796875,""x2"":505.907958984375,""y2"":289.02252197265625}]"
112,0.321827,0.6862800000817515,39.2308509999566,0.4396470012579812,40.68665,41.008477,2,"[{""class_id"":0,""class_name"":""ball"",""confidence"":0.9095712304115295,""x1"":308.18341064453125,""y1"":283.17022705078125,""x2"":334.07183837890625,""y2"":311.91436767578125},{""class_id"":2,""class_name"":""robot"",""confidence"":0.8355819582939148,""x1"":455.81884765625,""y1"":200.76803588867188,""x2"":507.33251953125,""y2"":290.778564453125}]"
113,18.929303,0.844231999508338,36.2256320004235,0.43106199882458895,37.839864000000006,56.769167,2,"[{""class_id"":0,""class_name"":""ball"",""confidence"":0.9074438810348511,""x1"":308.26568603515625,""y1"":283.21331787109375,""x2"":334.05340576171875,""y2"":312.08660888671875},{""class_id"":2,""class_name"":""robot"",""confidence"":0.8258382678031921,""x1"":456.16351318359375,""y1"":200.750244140625,""x2"":507.21307373046875,""y2"":290.0520324707031}]"
114,0.326489,0.649749001240707,39.01604099883116,0.6063589989935281,40.606984,40.933473,2,"[{""class_id"":0,""class_name"":""ball"",""confidence"":0.9105852246284485,""x1"":308.07489013671875,""y1"":283.1751403808594,""x2"":334.08770751953125,""y2"":312.0112609863281},{""class_id"":2,""class_name"":""robot"",""confidence"":0.8356606960296631,""x1"":460.47137451171875,""y1"":200.81524658203125,""x2"":506.43267822265625,""y2"":289.2440185546875}]"
115,21.242854,0.8761409990256652,39.09469599966542,0.4323209996073274,40.754227,61.997081,2,"[{""class_id"":0,""class_name"":""ball"",""confidence"":0.9061841368675232,""x1"":308.11053466796875,""y1"":283.022705078125,""x2"":333.96209716796875,""y2"":311.96392822265625},{""class_id"":2,""class_name"":""robot"",""confidence"":0.8330535888671875,""x1"":460.55712890625,""y1"":200.844482421875,""x2"":506.6827392578125,""y2"":289.671875}]"
116,0.326799,0.6747939987690188,38.96171500127821,0.7443610011250712,40.760487,41.087286,2,"[{""class_id"":0,""class_name"":""ball"",""confidence"":0.9084464311599731,""x1"":307.99664306640625,""y1"":283.09686279296875,""x2"":334.134033203125,""y2"":312.05755615234375},{""class_id"":2,""class_name"":""robot"",""confidence"":0.8252522945404053,""x1"":456.44195556640625,""y1"":200.698486328125,""x2"":507.57525634765625,""y2"":290.47998046875}]"
117,18.154312,0.84183299986762,36.43683600057557,0.4518929999903776,38.070575000000005,56.224887,2,"[{""class_id"":0,""class_name"":""ball"",""confidence"":0.9068455696105957,""x1"":307.97314453125,""y1"":283.23095703125,""x2"":334.0562744140625,""y2"":311.9556884765625},{""class_id"":2,""class_name"":""robot"",""confidence"":0.8322389125823975,""x1"":455.97698974609375,""y1"":200.60794067382812,""x2"":506.95172119140625,""y2"":290.3088073730469}]"
118,0.325884,0.7087270005285973,39.58015299940598,0.7439450000674697,41.430623999999995,41.756508,2,"[{""class_id"":0,""class_name"":""ball"",""confidence"":0.9106455445289612,""x1"":308.0316467285156,""y1"":283.19342041015625,""x2"":334.1944885253906,""y2"":312.11199951171875},{""class_id"":2,""class_name"":""robot"",""confidence"":0.8313226103782654,""x1"":460.48388671875,""y1"":200.86038208007812,""x2"":506.5948486328125,""y2"":289.1672058105469}]"
119,20.14725,0.8261350012617186,38.67968099984864,0.7417350007017376,40.629238,60.776488,2,"[{""class_id"":0,""class_name"":""ball"",""confidence"":0.9118553400039673,""x1"":307.83160400390625,""y1"":283.10321044921875,""x2"":334.15643310546875,""y2"":312.01715087890625},{""class_id"":2,""class_name"":""robot"",""confidence"":0.8297697305679321,""x1"":460.3009033203125,""y1"":200.95257568359375,""x2"":505.92236328125,""y2"":289.34405517578125}]"
120,0.571051,0.8147799999278504,43.12436500003969,0.7699440011492698,45.136750000000006,45.707801,2,"[{""class_id"":0,""class_name"":""ball"",""confidence"":0.9083419442176819,""x1"":307.95306396484375,""y1"":283.2566223144531,""x2"":334.24835205078125,""y2"":312.1634216308594},{""class_id"":2,""class_name"":""robot"",""confidence"":0.8329238891601562,""x1"":460.67242431640625,""y1"":200.90966796875,""x2"":505.68365478515625,""y2"":289.1242980957031}]"
121,17.566606,1.0253379987261724,42.75811800107476,0.749214999814285,44.970966,62.537572,2,"[{""class_id"":0,""class_name"":""ball"",""confidence"":0.910275936126709,""x1"":308.1683349609375,""y1"":283.1345520019531,""x2"":334.1484375,""y2"":311.9581604003906},{""class_id"":2,""class_name"":""robot"",""confidence"":0.825382649898529,""x1"":460.4208984375,""y1"":201.068603515625,""x2"":506.1005859375,""y2"":289.1859130859375}]"
122,19.122693,1.2358009989839047,41.635782001321786,0.7468410003639292,44.058295,63.180988,2,"[{""class_id"":0,""class_name"":""ball"",""confidence"":0.9088776707649231,""x1"":308.27386474609375,""y1"":283.29058837890625,""x2"":334.15460205078125,""y2"":312.21502685546875},{""class_id"":2,""class_name"":""robot"",""confidence"":0.8354909420013428,""x1"":460.7649230957031,""y1"":200.69058227539062,""x2"":506.2446594238281,""y2"":288.8951721191406}]"
123,0.637543,0.8755889994063182,43.389471000409685,0.7617549999849871,45.441595,46.079138,2,"[{""class_id"":0,""class_name"":""ball"",""confidence"":0.9079350233078003,""x1"":307.9622802734375,""y1"":283.0895080566406,""x2"":334.17138671875,""y2"":311.9577331542969},{""class_id"":2,""class_name"":""robot"",""confidence"":0.8367100358009338,""x1"":460.123291015625,""y1"":200.79672241210938,""x2"":505.7913818359375,""y2"":289.2613830566406}]"
124,9.724878,0.9574779996910365,41.21308499998122,0.7352709999395302,43.335781999999995,53.06066,2,"[{""class_id"":0,""class_name"":""ball"",""confidence"":0.907415509223938,""x1"":308.072509765625,""y1"":283.184814453125,""x2"":334.06201171875,""y2"":312.0548095703125},{""class_id"":2,""class_name"":""robot"",""confidence"":0.8343223333358765,""x1"":460.62493896484375,""y1"":200.92129516601562,""x2"":506.71002197265625,""y2"":289.7911682128906}]"
125,0.573484,0.971127999946475,43.52603400002408,0.7889009993959917,45.708601,46.282085,2,"[{""class_id"":0,""class_name"":""ball"",""confidence"":0.9081815481185913,""x1"":308.04132080078125,""y1"":283.0517578125,""x2"":334.19256591796875,""y2"":312.02191162109375},{""class_id"":2,""class_name"":""robot"",""confidence"":0.8307095170021057,""x1"":460.7347717285156,""y1"":200.79034423828125,""x2"":506.4790344238281,""y2"":289.4162902832031}]"
126,10.281947,0.9735380008351058,43.4035540001787,0.7973430001584347,45.596778,55.878725,2,"[{""class_id"":0,""class_name"":""ball"",""confidence"":0.911180853843689,""x1"":308.0018310546875,""y1"":283.23193359375,""x2"":334.1834716796875,""y2"":312.1595458984375},{""class_id"":2,""class_name"":""robot"",""confidence"":0.8314070105552673,""x1"":460.518798828125,""y1"":200.9766845703125,""x2"":505.945068359375,""y2"":289.0677490234375}]"
127,0.60174,0.9045410006365273,42.900747001112904,0.7469769989256747,44.963876,45.565616,2,"[{""class_id"":0,""class_name"":""ball"",""confidence"":0.9080329537391663,""x1"":307.9205017089844,""y1"":283.0928039550781,""x2"":334.0683898925781,""y2"":311.9183044433594},{""class_id"":2,""class_name"":""robot"",""confidence"":0.831637442111969,""x1"":460.4334716796875,""y1"":201.04513549804688,""x2"":506.10540771484375,""y2"":289.0579833984375}]"
128,8.77029,1.1526410016813315,42.1678829989105,0.7499900002585491,44.506309,53.276599,2,"[{""class_id"":0,""class_name"":""ball"",""confidence"":0.9080637097358704,""x1"":308.0037841796875,""y1"":283.2160949707031,""x2"":334.2027587890625,""y2"":312.1687316894531},{""class_id"":2,""class_name"":""robot"",""confidence"":0.8349533677101135,""x1"":460.654052734375,""y1"":200.8480224609375,""x2"":506.0567626953125,""y2"":289.1208190917969}]"
129,0.621244,0.8317819992953446,42.713468999863835,0.7764099991618423,44.749366,45.37061,2,"[{""class_id"":0,""class_name"":""ball"",""confidence"":0.9120444059371948,""x1"":308.04669189453125,""y1"":283.26434326171875,""x2"":334.11883544921875,""y2"":312.04583740234375},{""class_id"":2,""class_name"":""robot"",""confidence"":0.8324375748634338,""x1"":460.75433349609375,""y1"":200.76913452148438,""x2"":506.4085693359375,""y2"":289.03533935546875}]"
130,10.013542,0.9689279995654942,42.5560530002258,0.775409000198124,44.723501,54.737043,2,"[{""class_id"":0,""class_name"":""ball"",""confidence"":0.9096074104309082,""x1"":308.06500244140625,""y1"":283.21124267578125,""x2"":334.07183837890625,""y2"":311.88848876953125},{""class_id"":2,""class_name"":""robot"",""confidence"":0.8282198309898376,""x1"":456.0624084472656,""y1"":200.679931640625,""x2"":507.3955383300781,""y2"":290.52337646484375}]"
131,0.642115,0.8784219990047859,44.49429899977986,0.74438900082896,46.528150000000004,47.170265,2,"[{""class_id"":0,""class_name"":""ball"",""confidence"":0.9074530005455017,""x1"":308.09429931640625,""y1"":283.19775390625,""x2"":334.25335693359375,""y2"":311.95709228515625},{""class_id"":2,""class_name"":""robot"",""confidence"":0.8327056169509888,""x1"":460.531494140625,""y1"":200.92779541015625,""x2"":506.2918701171875,""y2"":289.56787109375}]"
132,12.11255,1.0146230015379842,43.580317998930695,0.7438889988407027,45.770184,57.882734,2,"[{""class_id"":0,""class_name"":""ball"",""confidence"":0.910167396068573,""x1"":308.3333740234375,""y1"":283.2471008300781,""x2"":334.267822265625,""y2"":312.2593688964844},{""class_id"":2,""class_name"":""robot"",""confidence"":0.8268021941184998,""x1"":456.3340148925781,""y1"":200.64138793945312,""x2"":507.1523742675781,""y2"":290.96759033203125}]"
133,17.996097,0.8855599990056362,36.157765998723335,0.44819100003223866,37.833255,55.829352,2,"[{""class_id"":0,""class_name"":""ball"",""confidence"":0.9097768068313599,""x1"":308.0274658203125,""y1"":283.17132568359375,""x2"":334.15765380859375,""y2"":311.94189453125},{""class_id"":2,""class_name"":""robot"",""confidence"":0.8386651277542114,""x1"":460.0599670410156,""y1"":200.86550903320312,""x2"":506.4748840332031,""y2"":289.7277526855469}]"
134,0.33396,0.9081690004677512,38.444867999714916,0.4401540008984739,40.125582,40.459542,2,"[{""class_id"":0,""class_name"":""ball"",""confidence"":0.9083231687545776,""x1"":307.9830322265625,""y1"":283.1587829589844,""x2"":334.09576416015625,""y2"":312.1918640136719},{""class_id"":2,""class_name"":""robot"",""confidence"":0.8316847085952759,""x1"":460.863037109375,""y1"":200.77664184570312,""x2"":506.339111328125,""y2"":289.5367126464844}]"
135,21.54845,0.8631269993202295,37.99082900150097,0.6308470001386013,39.843391,61.391841,2,"[{""class_id"":0,""class_name"":""ball"",""confidence"":0.9108748435974121,""x1"":308.0712890625,""y1"":283.2763671875,""x2"":334.081298828125,""y2"":312.008544921875},{""class_id"":2,""class_name"":""robot"",""confidence"":0.8360992670059204,""x1"":460.7936706542969,""y1"":200.82183837890625,""x2"":506.7425842285156,""y2"":289.5633544921875}]"
136,0.320105,0.7125060001271777,43.62740500073414,0.7342440003412776,45.467012000000004,45.787117,2,"[{""class_id"":0,""class_name"":""ball"",""confidence"":0.909278392791748,""x1"":308.15576171875,""y1"":283.15716552734375,""x2"":334.19195556640625,""y2"":312.10186767578125},{""class_id"":2,""class_name"":""robot"",""confidence"":0.842631995677948,""x1"":457.3707580566406,""y1"":200.93576049804688,""x2"":507.2212219238281,""y2"":289.4588928222656}]"
137,14.53946,1.0302719983883435,41.346473999510636,0.7454630012944108,43.577077,58.116537,2,"[{""class_id"":0,""class_name"":""ball"",""confidence"":0.9096621870994568,""x1"":307.95355224609375,""y1"":283.11627197265625,""x2"":334.18048095703125,""y2"":312.15557861328125},{""class_id"":2,""class_name"":""robot"",""confidence"":0.8347883820533752,""x1"":455.6766662597656,""y1"":200.79043579101562,""x2"":507.3345642089844,""y2"":290.4574890136719}]"
138,0.580559,0.8769640007812995,41.72572400057106,0.8248590002040146,43.84775,44.428309,2,"[{""class_id"":0,""class_name"":""ball"",""confidence"":0.90830397605896,""x1"":307.98272705078125,""y1"":283.14544677734375,""x2"":334.11676025390625,""y2"":312.01104736328125},{""class_id"":2,""class_name"":""robot"",""confidence"":0.8303674459457397,""x1"":456.09832763671875,""y1"":200.5145263671875,""x2"":507.254150390625,""y2"":290.62237548828125}]"
139,11.745131,0.9621030003472697,40.635507999468246,0.6054189998394577,42.603518,54.348649,2,"[{""class_id"":0,""class_name"":""ball"",""confidence"":0.911780834197998,""x1"":308.1382751464844,""y1"":283.213134765625,""x2"":334.1361999511719,""y2"":311.9637451171875},{""class_id"":2,""class_name"":""robot"",""confidence"":0.838413655757904,""x1"":460.4296875,""y1"":200.84112548828125,""x2"":506.759521484375,""y2"":289.09912109375}]"
140,0.316164,0.7409800000459654,37.53744099958567,0.43091800034744665,39.036902,39.353066,2,"[{""class_id"":0,""class_name"":""ball"",""confidence"":0.9131951332092285,""x1"":308.18939208984375,""y1"":283.27874755859375,""x2"":334.17547607421875,""y2"":312.27130126953125},{""class_id"":2,""class_name"":""robot"",""confidence"":0.8313167691230774,""x1"":460.599853515625,""y1"":200.8211669921875,""x2"":505.998779296875,""y2"":289.5987548828125}]"
141,18.075184,0.8960459999798331,37.569583000731654,0.6187700000737095,39.475254,57.550438,2,"[{""class_id"":0,""class_name"":""ball"",""confidence"":0.9078913927078247,""x1"":307.94879150390625,""y1"":283.21612548828125,""x2"":334.21783447265625,""y2"":312.01019287109375},{""class_id"":2,""class_name"":""robot"",""confidence"":0.8324257135391235,""x1"":460.5622253417969,""y1"":200.74700927734375,""x2"":506.6568298339844,""y2"":289.420166015625}]"
142,0.337164,0.7890039996709675,39.68619300030696,0.4283239995857002,41.234665,41.571829,2,"[{""class_id"":0,""class_name"":""ball"",""confidence"":0.9065014719963074,""x1"":308.00848388671875,""y1"":283.131103515625,""x2"":334.11065673828125,""y2"":312.0748291015625},{""class_id"":2,""class_name"":""robot"",""confidence"":0.827965259552002,""x1"":460.92529296875,""y1"":200.87106323242188,""x2"":506.33740234375,""y2"":289.2734375}]"
143,18.59952,0.8940560001065023,36.748643000464654,0.42611800017766654,38.411724,57.011244,2,"[{""class_id"":0,""class_name"":""ball"",""confidence"":0.9097495675086975,""x1"":308.060546875,""y1"":283.13446044921875,""x2"":334.0927734375,""y2"":312.12127685546875},{""class_id"":2,""class_name"":""robot"",""confidence"":0.8228870630264282,""x1"":456.2637023925781,""y1"":200.61532592773438,""x2"":507.3409729003906,""y2"":290.24505615234375}]"
144,0.419896,0.9938380007952219,37.502336999750696,0.43708799967134837,39.331069,39.750965,2,"[{""class_id"":0,""class_name"":""ball"",""confidence"":0.9083418846130371,""x1"":308.05487060546875,""y1"":283.1961669921875,""x2"":334.232666015625,""y2"":312.11224365234375},{""class_id"":2,""class_name"":""robot"",""confidence"":0.8343213200569153,""x1"":460.16357421875,""y1"":200.86477661132812,""x2"":506.2138671875,""y2"":289.10186767578125}]"
145,0.320106,0.6671629998891149,37.58090699921013,0.4266639989509713,39.012392,39.332498,2,"[{""class_id"":0,""class_name"":""ball"",""confidence"":0.9104330539703369,""x1"":307.8662109375,""y1"":283.2393798828125,""x2"":334.06268310546875,""y2"":311.9129638671875},{""class_id"":2,""class_name"":""robot"",""confidence"":0.8377249240875244,""x1"":460.37176513671875,""y1"":200.931396484375,""x2"":506.21551513671875,""y2"":289.54949951171875}]"
146,18.585231,0.880648000020301,37.492630999622634,0.4369569996924838,39.138109,57.72334,2,"[{""class_id"":0,""class_name"":""ball"",""confidence"":0.9100078344345093,""x1"":308.09637451171875,""y1"":283.20703125,""x2"":334.14422607421875,""y2"":311.9779052734375},{""class_id"":2,""class_name"":""robot"",""confidence"":0.8246479630470276,""x1"":456.1011962890625,""y1"":200.79208374023438,""x2"":506.6973876953125,""y2"":290.5399475097656}]"
147,0.324711,0.6696459986414993,37.09465999963868,0.43555400043260306,38.536778,38.861489,2,"[{""class_id"":0,""class_name"":""ball"",""confidence"":0.9081249237060547,""x1"":308.0474853515625,""y1"":283.0046691894531,""x2"":334.0107421875,""y2"":311.9615173339844},{""class_id"":2,""class_name"":""robot"",""confidence"":0.8286113739013672,""x1"":460.39544677734375,""y1"":200.93417358398438,""x2"":505.83062744140625,""y2"":289.3608093261719}]"
148,21.948158,0.8676369998283917,37.07482500067272,0.4343639993749093,38.718294,60.666452,2,"[{""class_id"":0,""class_name"":""ball"",""confidence"":0.9103472828865051,""x1"":308.046875,""y1"":283.0786437988281,""x2"":334.241943359375,""y2"":311.9937438964844},{""class_id"":2,""class_name"":""robot"",""confidence"":0.8279902935028076,""x1"":461.140380859375,""y1"":200.7724609375,""x2"":506.0103759765625,""y2"":289.0069274902344}]"
149,0.32329,0.7212600012280745,34.727012000075774,0.4206140001770109,36.833731,37.157021,2,"[{""class_id"":0,""class_name"":""ball"",""confidence"":0.9090039134025574,""x1"":308.0250244140625,""y1"":283.23797607421875,""x2"":334.1868896484375,""y2"":312.0782470703125},{""class_id"":2,""class_name"":""robot"",""confidence"":0.839262068271637,""x1"":459.97625732421875,""y1"":200.8302001953125,""x2"":506.30279541015625,""y2"":289.24322509765625}]"
150,24.002936,0.8925769998313626,37.96207699997467,0.43023900070693344,39.631904,63.63484,2,"[{""class_id"":0,""class_name"":""ball"",""confidence"":0.9036576747894287,""x1"":308.0690002441406,""y1"":283.08294677734375,""x2"":334.0930480957031,""y2"":312.04400634765625},{""class_id"":2,""class_name"":""robot"",""confidence"":0.8359342217445374,""x1"":460.90472412109375,""y1"":200.71185302734375,""x2"":506.75640869140625,""y2"":289.23236083984375}]"
151,0.319066,0.695048000125098,36.42844800015155,0.43808400005218573,37.889215,38.208281,2,"[{""class_id"":0,""class_name"":""ball"",""confidence"":0.9082778692245483,""x1"":308.0167541503906,""y1"":283.10284423828125,""x2"":334.1964416503906,""y2"":312.12103271484375},{""class_id"":2,""class_name"":""robot"",""confidence"":0.8267788290977478,""x1"":460.25958251953125,""y1"":200.9808349609375,""x2"":505.68609619140625,""y2"":289.00189208984375}]"
152,22.125096,0.8490640011586947,38.835584000480594,0.4322759996284731,40.470309,62.595405,2,"[{""class_id"":0,""class_name"":""ball"",""confidence"":0.9046071171760559,""x1"":308.165771484375,""y1"":283.1698913574219,""x2"":334.1060791015625,""y2"":311.8944396972656},{""class_id"":2,""class_name"":""robot"",""confidence"":0.8305347561836243,""x1"":460.4288330078125,""y1"":200.82333374023438,""x2"":505.7706298828125,""y2"":288.94830322265625}]"
153,0.36762,0.7230299997900147,37.50416199909523,0.45238900020194706,39.01726,39.38488,2,"[{""class_id"":0,""class_name"":""ball"",""confidence"":0.9107041358947754,""x1"":308.02783203125,""y1"":283.2550354003906,""x2"":334.11322021484375,""y2"":312.0102844238281},{""class_id"":2,""class_name"":""robot"",""confidence"":0.8273893594741821,""x1"":455.7857666015625,""y1"":200.60354614257812,""x2"":507.0604248046875,""y2"":290.4058532714844}]"
154,20.077099,0.8629229996586218,38.31134899883182,0.4394609986775322,39.966164000000006,60.043263,2,"[{""class_id"":0,""class_name"":""ball"",""confidence"":0.9091337323188782,""x1"":308.1738586425781,""y1"":283.25457763671875,""x2"":334.3489074707031,""y2"":312.10089111328125},{""class_id"":2,""class_name"":""robot"",""confidence"":0.8295876979827881,""x1"":461.06591796875,""y1"":200.956298828125,""x2"":506.0614013671875,""y2"":289.17840576171875}]"
155,0.333399,0.7050429994706064,37.06286499982525,0.44161400001030415,38.558988,38.892387,2,"[{""class_id"":0,""class_name"":""ball"",""confidence"":0.905560314655304,""x1"":307.94366455078125,""y1"":283.1815185546875,""x2"":333.95050048828125,""y2"":312.0474853515625},{""class_id"":2,""class_name"":""robot"",""confidence"":0.8289552927017212,""x1"":460.9579772949219,""y1"":200.968994140625,""x2"":506.3631896972656,""y2"":289.3885498046875}]"
156,21.092287,0.8437390006292844,40.37686799892981,0.45091199899616186,42.01223,63.104517,2,"[{""class_id"":0,""class_name"":""ball"",""confidence"":0.9089078903198242,""x1"":308.0298767089844,""y1"":283.050537109375,""x2"":334.1062927246094,""y2"":312.066650390625},{""class_id"":2,""class_name"":""robot"",""confidence"":0.8370023965835571,""x1"":460.045166015625,""y1"":200.77481079101562,""x2"":506.41595458984375,""y2"":289.5976257324219}]"
157,0.314192,0.7212019991129637,45.553711999673396,0.7361049993050983,47.406066,47.720258,2,"[{""class_id"":0,""class_name"":""ball"",""confidence"":0.9072335362434387,""x1"":308.1139831542969,""y1"":283.17510986328125,""x2"":334.1468811035156,""y2"":312.0299072265625},{""class_id"":2,""class_name"":""robot"",""confidence"":0.8290830850601196,""x1"":460.7638854980469,""y1"":200.87051391601562,""x2"":505.7872619628906,""y2"":288.8321838378906}]"
158,10.380301,0.9459569992031902,45.33034700034477,0.7387789992208127,47.442508000000004,57.822809,2,"[{""class_id"":0,""class_name"":""ball"",""confidence"":0.9096932411193848,""x1"":307.9147033691406,""y1"":283.1563415527344,""x2"":334.2155456542969,""y2"":312.2540588378906},{""class_id"":2,""class_name"":""robot"",""confidence"":0.8288648724555969,""x1"":460.97161865234375,""y1"":200.78472900390625,""x2"":506.31939697265625,""y2"":289.084228515625}]"
159,0.576208,0.9317359999840846,43.06894699948316,0.7762249988445546,45.190453999999995,45.766662,2,"[{""class_id"":0,""class_name"":""ball"",""confidence"":0.9076900482177734,""x1"":307.96929931640625,""y1"":283.34320068359375,""x2"":334.24444580078125,""y2"":312.31585693359375},{""class_id"":2,""class_name"":""robot"",""confidence"":0.831541895866394,""x1"":460.251953125,""y1"":201.0159912109375,""x2"":506.01849365234375,""y2"":289.26568603515625}]"
160,6.738814,1.010288000543369,42.34658799941826,0.7375929999398068,44.528872,51.267686,2,"[{""class_id"":0,""class_name"":""ball"",""confidence"":0.9083800315856934,""x1"":308.01629638671875,""y1"":283.1596374511719,""x2"":334.03717041015625,""y2"":312.0752258300781},{""class_id"":2,""class_name"":""robot"",""confidence"":0.8295696377754211,""x1"":461.34149169921875,""y1"":200.91424560546875,""x2"":505.86663818359375,""y2"":288.9464111328125}]"
161,0.568829,0.8317419997183606,45.63877800137561,0.7467710001947125,47.629711,48.19854,2,"[{""class_id"":0,""class_name"":""ball"",""confidence"":0.9087852835655212,""x1"":307.98773193359375,""y1"":283.214599609375,""x2"":334.1534423828125,""y2"":312.1444091796875},{""class_id"":2,""class_name"":""robot"",""confidence"":0.8239878416061401,""x1"":461.05889892578125,""y1"":200.91781616210938,""x2"":505.7786865234375,""y2"":288.954345703125}]"
162,7.176866,1.0117789988726145,42.29059099998267,0.7362140004261164,44.477498999999995,51.654365,2,"[{""class_id"":0,""class_name"":""ball"",""confidence"":0.9110084772109985,""x1"":307.9688720703125,""y1"":283.23388671875,""x2"":334.1290283203125,""y2"":311.915283203125},{""class_id"":2,""class_name"":""robot"",""confidence"":0.8315132856369019,""x1"":460.181640625,""y1"":200.94183349609375,""x2"":506.02618408203125,""y2"":288.88433837890625}]"
163,0.570459,0.837772999148001,47.750119998454466,0.774452000769088,49.771879,50.342338,2,"[{""class_id"":0,""class_name"":""ball"",""confidence"":0.9093808531761169,""x1"":308.0345458984375,""y1"":283.11956787109375,""x2"":333.98016357421875,""y2"":311.96392822265625},{""class_id"":2,""class_name"":""robot"",""confidence"":0.8312346935272217,""x1"":460.2405090332031,""y1"":201.04241943359375,""x2"":505.9249572753906,""y2"":289.00592041015625}]"
164,4.849411,0.8975459986686474,46.501921000526636,0.7369680006377166,48.551148999999995,53.40056,2,"[{""class_id"":0,""class_name"":""ball"",""confidence"":0.9091492891311646,""x1"":307.99114990234375,""y1"":283.1151428222656,""x2"":334.06573486328125,""y2"":311.9840393066406},{""class_id"":2,""class_name"":""robot"",""confidence"":0.8374269604682922,""x1"":460.4225769042969,""y1"":201.00637817382812,""x2"":506.4308166503906,""y2"":289.1327209472656}]"
165,0.575518,0.9080160016310401,44.378221999068046,0.7290559988177847,46.442251,47.017769,2,"[{""class_id"":0,""class_name"":""ball"",""confidence"":0.909267246723175,""x1"":308.147705078125,""y1"":283.2062072753906,""x2"":334.1573486328125,""y2"":311.9481506347656},{""class_id"":2,""class_name"":""robot"",""confidence"":0.831547737121582,""x1"":460.4659729003906,""y1"":200.84869384765625,""x2"":506.8276672363281,""y2"":289.6972961425781}]"
166,4.356073,0.8892149999155663,42.05703499974334,0.738405999072711,44.099163,48.455236,2,"[{""class_id"":0,""class_name"":""ball"",""confidence"":0.9070676565170288,""x1"":308.0084228515625,""y1"":283.24072265625,""x2"":334.0989990234375,""y2"":312.115234375},{""class_id"":2,""class_name"":""robot"",""confidence"":0.8322457671165466,""x1"":460.5986022949219,""y1"":200.81744384765625,""x2"":506.0873107910156,""y2"":289.8402099609375}]"
167,0.57874,0.8429350000369595,43.32786299892177,0.743283000701922,45.321118999999996,45.899859,2,"[{""class_id"":0,""class_name"":""ball"",""confidence"":0.905042290687561,""x1"":308.1478271484375,""y1"":283.0908203125,""x2"":334.28955078125,""y2"":311.911865234375},{""class_id"":2,""class_name"":""robot"",""confidence"":0.8299391865730286,""x1"":460.8448486328125,""y1"":200.77197265625,""x2"":505.9130859375,""y2"":289.05303955078125}]"
168,10.218851,0.9813520009629428,44.40525500103831,0.7491079995816108,46.56838,56.787231,2,"[{""class_id"":0,""class_name"":""ball"",""confidence"":0.910286009311676,""x1"":308.07379150390625,""y1"":283.05548095703125,""x2"":334.08416748046875,""y2"":311.93951416015625},{""class_id"":2,""class_name"":""robot"",""confidence"":0.8244088888168335,""x1"":461.35693359375,""y1"":201.05819702148438,""x2"":506.3350830078125,""y2"":289.10260009765625}]"
169,0.582474,0.8462530004180735,42.528849000518676,0.8174809991032816,44.615263,45.197737,2,"[{""class_id"":0,""class_name"":""ball"",""confidence"":0.9107293486595154,""x1"":308.08673095703125,""y1"":283.1736755371094,""x2"":334.084228515625,""y2"":312.0647888183594},{""class_id"":2,""class_name"":""robot"",""confidence"":0.8376202583312988,""x1"":458.0889892578125,""y1"":200.96749877929688,""x2"":506.71893310546875,""y2"":289.4039001464844}]"
170,8.161654,1.0032840000349097,45.88831100045354,0.7476829996448942,48.075624000000005,56.237278,2,"[{""class_id"":0,""class_name"":""ball"",""confidence"":0.907261312007904,""x1"":308.04962158203125,""y1"":283.173095703125,""x2"":334.29461669921875,""y2"":312.0521240234375},{""class_id"":2,""class_name"":""robot"",""confidence"":0.8302491307258606,""x1"":460.5699768066406,""y1"":200.93011474609375,""x2"":505.8023376464844,""y2"":289.1009521484375}]"
171,0.581764,0.882496000485844,44.69993800012162,0.7453360012732446,46.740449,47.322213,2,"[{""class_id"":0,""class_name"":""ball"",""confidence"":0.908981442451477,""x1"":308.0162048339844,""y1"":283.25384521484375,""x2"":334.0503845214844,""y2"":311.92962646484375},{""class_id"":2,""class_name"":""robot"",""confidence"":0.8325961828231812,""x1"":460.6104431152344,""y1"":200.89981079101562,""x2"":506.4489440917969,""y2"":289.31256103515625}]"
172,8.364872,0.9942670003511012,41.86972100069397,0.7634099983988563,44.071121000000005,52.435993,2,"[{""class_id"":0,""class_name"":""ball"",""confidence"":0.907949686050415,""x1"":308.069091796875,""y1"":283.06048583984375,""x2"":334.0635986328125,""y2"":312.03070068359375},{""class_id"":2,""class_name"":""robot"",""confidence"":0.8352869153022766,""x1"":460.793701171875,""y1"":200.84329223632812,""x2"":506.7574462890625,""y2"":289.9660339355469}]"
173,20.074766,1.0289629990438698,40.0751159995707,0.42638800005079247,41.94734699999999,62.022113,2,"[{""class_id"":0,""class_name"":""ball"",""confidence"":0.9131535887718201,""x1"":308.0614013671875,""y1"":283.1940612792969,""x2"":334.1314697265625,""y2"":311.9717712402344},{""class_id"":2,""class_name"":""robot"",""confidence"":0.8386691808700562,""x1"":460.2247314453125,""y1"":200.80300903320312,""x2"":506.8326416015625,""y2"":289.6737060546875}]"
174,0.357578,0.9681030005594948,36.67071699965163,0.44022399924870115,38.435513,38.793091,2,"[{""class_id"":0,""class_name"":""ball"",""confidence"":0.910252571105957,""x1"":308.07928466796875,""y1"":283.14678955078125,""x2"":334.07562255859375,""y2"":312.06341552734375},{""class_id"":2,""class_name"":""robot"",""confidence"":0.8304029703140259,""x1"":456.432373046875,""y1"":200.71609497070312,""x2"":507.46435546875,""y2"":290.36541748046875}]"
175,18.890939,0.8597289997851476,37.775315999169834,0.426309999966179,39.398362000000006,58.289301,2,"[{""class_id"":0,""class_name"":""ball"",""confidence"":0.9122105836868286,""x1"":308.0826721191406,""y1"":283.21148681640625,""x2"":334.1695861816406,""y2"":312.18389892578125},{""class_id"":2,""class_name"":""robot"",""confidence"":0.8331405520439148,""x1"":460.4768981933594,""y1"":200.93209838867188,""x2"":506.1474914550781,""y2"":288.98150634765625}]"
176,0.322216,0.6940009989193641,39.17729600107123,0.42789899998751935,40.630602,40.952818,2,"[{""class_id"":0,""class_name"":""ball"",""confidence"":0.9074429869651794,""x1"":307.9962158203125,""y1"":283.1802062988281,""x2"":334.13671875,""y2"":311.9817810058594},{""class_id"":2,""class_name"":""robot"",""confidence"":0.8301628232002258,""x1"":461.13775634765625,""y1"":200.85260009765625,""x2"":506.61102294921875,""y2"":288.7548828125}]"
177,19.58767,0.8520310002495535,38.12314700007846,0.49064400081988424,39.803737999999996,59.391408,2,"[{""class_id"":0,""class_name"":""ball"",""confidence"":0.9089743494987488,""x1"":307.963623046875,""y1"":283.09942626953125,""x2"":334.11834716796875,""y2"":312.00262451171875},{""class_id"":2,""class_name"":""robot"",""confidence"":0.8297533988952637,""x1"":460.3646240234375,""y1"":200.86749267578125,""x2"":506.2620849609375,""y2"":288.96038818359375}]"
178,0.312801,0.6996640004217625,39.089993999368744,0.44997400073043536,40.566531,40.879332,2,"[{""class_id"":0,""class_name"":""ball"",""confidence"":0.9089497327804565,""x1"":307.9444580078125,""y1"":283.2358703613281,""x2"":334.1163330078125,""y2"":312.0816345214844},{""class_id"":2,""class_name"":""robot"",""confidence"":0.828782320022583,""x1"":460.6188049316406,""y1"":200.89541625976562,""x2"":506.8246765136719,""y2"":289.180419921875}]"
179,19.417618,0.8532589999958873,38.102665999758756,0.4405920008139219,39.73841899999999,59.156037,2,"[{""class_id"":0,""class_name"":""ball"",""confidence"":0.9113394618034363,""x1"":308.08917236328125,""y1"":283.17657470703125,""x2"":334.099365234375,""y2"":312.10247802734375},{""class_id"":2,""class_name"":""robot"",""confidence"":0.8331807851791382,""x1"":460.4359130859375,""y1"":200.87774658203125,""x2"":506.5306396484375,""y2"":289.4747009277344}]"
180,0.314015,0.6783429998904467,36.161773999992874,0.4378710000310093,37.606884,37.920899,2,"[{""class_id"":0,""class_name"":""ball"",""confidence"":0.9092286229133606,""x1"":308.0357666015625,""y1"":283.2308349609375,""x2"":334.23028564453125,""y2"":312.25048828125},{""class_id"":2,""class_name"":""robot"",""confidence"":0.8271951675415039,""x1"":455.765869140625,""y1"":200.66082763671875,""x2"":507.02471923828125,""y2"":290.712158203125}]"
181,22.137713,0.8585420000599697,38.02356800042617,0.4300189993955428,39.659779,61.797492,2,"[{""class_id"":0,""class_name"":""ball"",""confidence"":0.9101060628890991,""x1"":308.02813720703125,""y1"":283.1737060546875,""x2"":334.10028076171875,""y2"":312.05670166015625},{""class_id"":2,""class_name"":""robot"",""confidence"":0.8240312337875366,""x1"":461.2169494628906,""y1"":200.90072631835938,""x2"":506.4971618652344,""y2"":288.7232666015625}]"
182,0.313759,0.6951799987291452,37.714930998845375,0.4381039998406777,39.177150000000005,39.490909,2,"[{""class_id"":0,""class_name"":""ball"",""confidence"":0.9088391661643982,""x1"":308.23602294921875,""y1"":283.29156494140625,""x2"":334.18414306640625,""y2"":312.12249755859375},{""class_id"":2,""class_name"":""robot"",""confidence"":0.8428824543952942,""x1"":459.85345458984375,""y1"":200.932373046875,""x2"":506.09637451171875,""y2"":289.26226806640625}]"
183,24.597721,0.8250470000348287,41.976333001002786,0.7823420000931947,43.97336000000001,68.571081,2,"[{""class_id"":0,""class_name"":""ball"",""confidence"":0.9115971326828003,""x1"":308.0771484375,""y1"":283.1348876953125,""x2"":334.197265625,""y2"":312.075927734375},{""class_id"":2,""class_name"":""robot"",""confidence"":0.8356592059135437,""x1"":460.30694580078125,""y1"":200.90737915039062,""x2"":506.72589111328125,""y2"":289.39813232421875}]"
184,20.128949,0.8703799994691508,43.08325199963292,0.7771710006636567,45.133029,65.261978,2,"[{""class_id"":0,""class_name"":""ball"",""confidence"":0.9125743508338928,""x1"":308.0996398925781,""y1"":283.1734924316406,""x2"":334.2601623535156,""y2"":312.1299133300781},{""class_id"":2,""class_name"":""robot"",""confidence"":0.8356336951255798,""x1"":460.5212097167969,""y1"":200.881103515625,""x2"":506.3859558105469,""y2"":289.4179382324219}]"
185,0.611979,0.9715730011521373,45.68597699835664,0.7402379997074604,47.823704,48.435683,2,"[{""class_id"":0,""class_name"":""ball"",""confidence"":0.9112238883972168,""x1"":308.1136779785156,""y1"":283.2239990234375,""x2"":334.0110168457031,""y2"":312.0733642578125},{""class_id"":2,""class_name"":""robot"",""confidence"":0.8390620946884155,""x1"":460.1532287597656,""y1"":200.98147583007812,""x2"":506.5541076660156,""y2"":289.4153137207031}]"
186,6.605824,0.9947830003511626,43.3548110013362,0.7462310004484607,45.535445,52.141269,2,"[{""class_id"":0,""class_name"":""ball"",""confidence"":0.9112377762794495,""x1"":308.0450744628906,""y1"":283.18194580078125,""x2"":334.1371154785156,""y2"":311.97357177734375},{""class_id"":2,""class_name"":""robot"",""confidence"":0.8347863554954529,""x1"":460.16357421875,""y1"":200.845947265625,""x2"":506.43817138671875,""y2"":289.1876525878906}]"
187,0.574973,0.8440500005235663,41.385029999219114,0.7393199994112365,43.388324,43.963297,2,"[{""class_id"":0,""class_name"":""ball"",""confidence"":0.9093385338783264,""x1"":308.1672058105469,""y1"":283.2425537109375,""x2"":334.0751037597656,""y2"":311.921875},{""class_id"":2,""class_name"":""robot"",""confidence"":0.8302793502807617,""x1"":460.58917236328125,""y1"":200.9937744140625,""x2"":506.4541015625,""y2"":289.2225036621094}]"
188,10.424662,0.9778869989531813,44.98486699958448,0.7468530002370244,47.141635,57.566297,2,"[{""class_id"":0,""class_name"":""ball"",""confidence"":0.9103994369506836,""x1"":308.1310729980469,""y1"":283.20684814453125,""x2"":334.1133117675781,""y2"":312.07135009765625},{""class_id"":2,""class_name"":""robot"",""confidence"":0.8435103893280029,""x1"":457.4180908203125,""y1"":201.05987548828125,""x2"":507.3050537109375,""y2"":289.16748046875}]"
189,0.591586,0.9510859999863897,42.87592599939671,0.7414329993480351,44.990457,45.582043,2,"[{""class_id"":0,""class_name"":""ball"",""confidence"":0.9097606539726257,""x1"":308.08245849609375,""y1"":283.17144775390625,""x2"":334.00189208984375,""y2"":312.05364990234375},{""class_id"":2,""class_name"":""robot"",""confidence"":0.8327698111534119,""x1"":460.6158447265625,""y1"":200.86767578125,""x2"":506.3203125,""y2"":289.28680419921875}]"
190,7.226285,0.9553259988024365,40.66312999930233,0.742750000426895,42.778559,50.004844,2,"[{""class_id"":0,""class_name"":""ball"",""confidence"":0.9105483889579773,""x1"":308.001708984375,""y1"":283.05072021484375,""x2"":334.029541015625,""y2"":311.97247314453125},{""class_id"":2,""class_name"":""robot"",""confidence"":0.8335499167442322,""x1"":455.2695007324219,""y1"":200.70281982421875,""x2"":507.5990905761719,""y2"":290.5729064941406}]"
191,0.630491,1.0742380000010598,41.487965998385334,0.7379339986073319,43.72759,44.358081,2,"[{""class_id"":0,""class_name"":""ball"",""confidence"":0.9120240211486816,""x1"":307.9594421386719,""y1"":283.265380859375,""x2"":334.0558776855469,""y2"":312.000732421875},{""class_id"":2,""class_name"":""robot"",""confidence"":0.823697030544281,""x1"":460.98870849609375,""y1"":200.73110961914062,""x2"":506.36346435546875,""y2"":288.9018859863281}]"
192,12.808013,1.0054069989564596,43.2761499996559,0.7473349996871548,45.488884999999996,58.296898,2,"[{""class_id"":0,""class_name"":""ball"",""confidence"":0.9084764122962952,""x1"":307.90777587890625,""y1"":283.1748046875,""x2"":334.05206298828125,""y2"":311.9833984375},{""class_id"":2,""class_name"":""robot"",""confidence"":0.8332083821296692,""x1"":460.404296875,""y1"":200.77426147460938,""x2"":505.691650390625,""y2"":288.8963317871094}]"
193,0.574516,0.920435000807629,43.27616499904252,0.7389699985651532,45.373445999999994,45.947962,2,"[{""class_id"":0,""class_name"":""ball"",""confidence"":0.9117653965950012,""x1"":307.9330749511719,""y1"":283.17962646484375,""x2"":334.1362609863281,""y2"":312.03936767578125},{""class_id"":2,""class_name"":""robot"",""confidence"":0.8320631980895996,""x1"":460.53802490234375,""y1"":201.05450439453125,""x2"":506.28765869140625,""y2"":288.8878173828125}]"
194,12.501926,1.0095530014950782,41.39741900144145,0.7954819993756246,43.629365,56.131291,2,"[{""class_id"":0,""class_name"":""ball"",""confidence"":0.9070829749107361,""x1"":308.01763916015625,""y1"":283.1166687011719,""x2"":334.17315673828125,""y2"":311.9169006347656},{""class_id"":2,""class_name"":""robot"",""confidence"":0.8324722647666931,""x1"":456.2338562011719,""y1"":200.6951904296875,""x2"":508.0025939941406,""y2"":290.57305908203125}]"
195,20.023688,0.8641230015200563,43.220357001700904,0.7488020000891993,45.230298999999995,65.253987,2,"[{""class_id"":0,""class_name"":""ball"",""confidence"":0.9077059626579285,""x1"":307.96124267578125,""y1"":283.1825256347656,""x2"":333.97137451171875,""y2"":312.0627136230469},{""class_id"":2,""class_name"":""robot"",""confidence"":0.8253338932991028,""x1"":461.18548583984375,""y1"":200.75119018554688,""x2"":506.0904541015625,""y2"":288.9436950683594}]"
196,0.630964,0.9388220005348558,42.22222399948805,0.7345750000240514,44.314643000000004,44.945607,2,"[{""class_id"":0,""class_name"":""ball"",""confidence"":0.9129263162612915,""x1"":308.0987548828125,""y1"":283.233642578125,""x2"":334.098876953125,""y2"":311.990966796875},{""class_id"":2,""class_name"":""robot"",""confidence"":0.8292198777198792,""x1"":460.61505126953125,""y1"":200.89505004882812,""x2"":506.23516845703125,""y2"":288.7477722167969}]"
197,9.896243,0.9883239999908255,42.50406900064263,0.7681670012971153,44.700587,54.59683,2,"[{""class_id"":0,""class_name"":""ball"",""confidence"":0.909824550151825,""x1"":308.12359619140625,""y1"":283.157958984375,""x2"":334.11737060546875,""y2"":311.996337890625},{""class_id"":2,""class_name"":""robot"",""confidence"":0.8337504267692566,""x1"":460.5064392089844,""y1"":200.86090087890625,""x2"":506.3046569824219,""y2"":289.086669921875}]"
198,0.639548,0.8772649998718407,44.62883099949977,0.7460340002580779,46.663941,47.303489,2,"[{""class_id"":0,""class_name"":""ball"",""confidence"":0.913484513759613,""x1"":308.0687255859375,""y1"":283.1917724609375,""x2"":334.015380859375,""y2"":312.0604248046875},{""class_id"":2,""class_name"":""robot"",""confidence"":0.8348809480667114,""x1"":460.36700439453125,""y1"":200.85549926757812,""x2"":506.09661865234375,""y2"":289.2820739746094}]"
199,7.942064,1.0389559993200237,44.96490299970901,0.4514440006460063,46.867747,54.809811,2,"[{""class_id"":0,""class_name"":""ball"",""confidence"":0.9082174897193909,""x1"":308.0833740234375,""y1"":283.18115234375,""x2"":334.3143310546875,""y2"":312.2943115234375},{""class_id"":2,""class_name"":""robot"",""confidence"":0.8307516574859619,""x1"":456.201904296875,""y1"":200.66131591796875,""x2"":507.6285400390625,""y2"":290.3171081542969}]"
200,0.408416,0.7669000005989801,37.73119399920688,0.43001999983971473,39.310237,39.718653,2,"[{""class_id"":0,""class_name"":""ball"",""confidence"":0.9090522527694702,""x1"":308.067626953125,""y1"":283.19647216796875,""x2"":334.0845947265625,""y2"":311.93927001953125},{""class_id"":2,""class_name"":""robot"",""confidence"":0.8247736692428589,""x1"":460.4754333496094,""y1"":201.03317260742188,""x2"":506.6416931152344,""y2"":288.8723449707031}]"
201,13.116768,0.8848060006130254,39.743027000440634,0.43690500024240464,41.420673,54.537441,2,"[{""class_id"":0,""class_name"":""ball"",""confidence"":0.9121538400650024,""x1"":308.17767333984375,""y1"":283.14337158203125,""x2"":334.10943603515625,""y2"":312.10430908203125},{""class_id"":2,""class_name"":""robot"",""confidence"":0.8396213054656982,""x1"":460.27587890625,""y1"":201.00466918945312,""x2"":506.3746337890625,""y2"":289.4386901855469}]"
202,0.377957,0.7163789996411651,36.2398100005521,0.5937719997746171,37.910157,38.288114,2,"[{""class_id"":0,""class_name"":""ball"",""confidence"":0.9146366119384766,""x1"":308.05023193359375,""y1"":283.2928466796875,""x2"":334.09661865234375,""y2"":312.052734375},{""class_id"":2,""class_name"":""robot"",""confidence"":0.8336584568023682,""x1"":460.3797607421875,""y1"":200.92752075195312,""x2"":506.5113525390625,""y2"":289.2332763671875}]"
203,20.196579,0.8618520005256869,39.960932999747456,0.4345860015746439,41.583892,61.780471,2,"[{""class_id"":0,""class_name"":""ball"",""confidence"":0.9073300361633301,""x1"":308.04901123046875,""y1"":283.179443359375,""x2"":334.12774658203125,""y2"":312.065185546875},{""class_id"":2,""class_name"":""robot"",""confidence"":0.8333173394203186,""x1"":460.8805236816406,""y1"":200.85711669921875,""x2"":506.5340270996094,""y2"":288.90631103515625}]"
204,0.362327,0.67045300056634,40.86414700032037,0.42615500024112407,42.292915,42.655242,2,"[{""class_id"":0,""class_name"":""ball"",""confidence"":0.9098240733146667,""x1"":307.9873962402344,""y1"":283.25885009765625,""x2"":334.1545104980469,""y2"":312.01806640625},{""class_id"":2,""class_name"":""robot"",""confidence"":0.828295886516571,""x1"":460.80615234375,""y1"":200.76773071289062,""x2"":505.9853515625,""y2"":289.3001403808594}]"
205,19.957193,0.8879469987732591,37.943069999528234,0.46089500028756447,39.62593,59.583123,2,"[{""class_id"":0,""class_name"":""ball"",""confidence"":0.9110808968544006,""x1"":308.14263916015625,""y1"":283.2128601074219,""x2"":334.09954833984375,""y2"":312.0245666503906},{""class_id"":2,""class_name"":""robot"",""confidence"":0.8324556350708008,""x1"":460.4747314453125,""y1"":200.8572998046875,""x2"":505.947998046875,""y2"":289.0398254394531}]"
206,24.029758,0.854243999128812,40.28520500105515,0.43958199967164546,41.919758,65.949516,2,"[{""class_id"":0,""class_name"":""ball"",""confidence"":0.909849226474762,""x1"":308.07525634765625,""y1"":283.192138671875,""x2"":334.0009765625,""y2"":312.1072998046875},{""class_id"":2,""class_name"":""robot"",""confidence"":0.8250009417533875,""x1"":460.74920654296875,""y1"":200.82302856445312,""x2"":506.3551025390625,""y2"":288.9739685058594}]"
207,0.31162,0.7260880011017434,37.068462999741314,0.4768859998875996,38.61507,38.92669,2,"[{""class_id"":0,""class_name"":""ball"",""confidence"":0.9086155891418457,""x1"":307.9461364746094,""y1"":283.13275146484375,""x2"":334.1211242675781,""y2"":311.96380615234375},{""class_id"":2,""class_name"":""robot"",""confidence"":0.8342297673225403,""x1"":460.6826171875,""y1"":200.9085693359375,""x2"":506.23486328125,""y2"":288.81890869140625}]"
208,19.159242,0.885051000295789,40.42296700026782,0.4283380003471393,42.09329,61.252532,2,"[{""class_id"":0,""class_name"":""ball"",""confidence"":0.9072532653808594,""x1"":308.1474304199219,""y1"":283.28564453125,""x2"":334.1689147949219,""y2"":312.0767822265625},{""class_id"":2,""class_name"":""robot"",""confidence"":0.8276713490486145,""x1"":455.975341796875,""y1"":200.73690795898438,""x2"":507.0933837890625,""y2"":290.2756652832031}]"
209,0.319271,0.6930889994691825,36.87699300098757,0.4820590002054814,38.401472,38.720743,2,"[{""class_id"":0,""class_name"":""ball"",""confidence"":0.9076762795448303,""x1"":308.08697509765625,""y1"":283.13348388671875,""x2"":334.22698974609375,""y2"":312.00567626953125},{""class_id"":2,""class_name"":""robot"",""confidence"":0.8312391042709351,""x1"":460.4141845703125,""y1"":200.82699584960938,""x2"":506.0885009765625,""y2"":289.1235046386719}]"
210,19.128411,0.8670709994476056,39.24994400040305,0.43572899994615,40.89812,60.026531,2,"[{""class_id"":0,""class_name"":""ball"",""confidence"":0.9068820476531982,""x1"":308.0328063964844,""y1"":283.17291259765625,""x2"":334.1222229003906,""y2"":312.22613525390625},{""class_id"":2,""class_name"":""robot"",""confidence"":0.8223528265953064,""x1"":461.028076171875,""y1"":200.89254760742188,""x2"":505.5279541015625,""y2"":288.5234375}]"
211,0.313032,0.7328960000450024,39.344605000223964,0.4361810006230371,40.840536,41.153568,2,"[{""class_id"":0,""class_name"":""ball"",""confidence"":0.9051767587661743,""x1"":307.966796875,""y1"":283.155029296875,""x2"":334.1351318359375,""y2"":311.9901123046875},{""class_id"":2,""class_name"":""robot"",""confidence"":0.8294222950935364,""x1"":460.3967590332031,""y1"":200.85595703125,""x2"":505.3579406738281,""y2"":289.022705078125}]"
212,17.937694,0.8593620004830882,38.504813999679754,0.4476409994822461,40.145828,58.083522,2,"[{""class_id"":0,""class_name"":""ball"",""confidence"":0.9079618453979492,""x1"":308.0201416015625,""y1"":283.13226318359375,""x2"":334.0633544921875,""y2"":312.0106201171875},{""class_id"":2,""class_name"":""robot"",""confidence"":0.8307273983955383,""x1"":460.5982666015625,""y1"":200.98776245117188,""x2"":506.0526123046875,""y2"":289.0213623046875}]"
213,0.316852,0.7009139990259428,38.150256001245,0.6087359997763997,39.828879,40.145731,2,"[{""class_id"":0,""class_name"":""ball"",""confidence"":0.9105103015899658,""x1"":308.161376953125,""y1"":283.1858825683594,""x2"":334.1187744140625,""y2"":311.9952697753906},{""class_id"":2,""class_name"":""robot"",""confidence"":0.8423991203308105,""x1"":459.82537841796875,""y1"":200.90670776367188,""x2"":506.38739013671875,""y2"":289.1083984375}]"
214,19.678281,0.8643429991934681,37.606437001159065,0.45544400018115994,39.276397,58.954678,2,"[{""class_id"":0,""class_name"":""ball"",""confidence"":0.9089075922966003,""x1"":308.0702819824219,""y1"":283.2406005859375,""x2"":334.0841979980469,""y2"":312.1204833984375},{""class_id"":2,""class_name"":""robot"",""confidence"":0.8305477499961853,""x1"":460.54718017578125,""y1"":201.109130859375,""x2"":505.68231201171875,""y2"":289.5586853027344}]"
215,0.358287,0.7617569990543416,38.428683999882196,0.4994290011381963,40.029978,40.388265,2,"[{""class_id"":0,""class_name"":""ball"",""confidence"":0.9104865193367004,""x1"":308.07757568359375,""y1"":283.2760009765625,""x2"":334.13653564453125,""y2"":311.98828125},{""class_id"":2,""class_name"":""robot"",""confidence"":0.8293762803077698,""x1"":455.7772216796875,""y1"":200.70806884765625,""x2"":507.4825439453125,""y2"":290.35223388671875}]"
216,20.185676,0.8620869994047098,37.17430300093838,0.44570099998963997,38.835226,59.020902,2,"[{""class_id"":0,""class_name"":""ball"",""confidence"":0.9118632078170776,""x1"":308.20526123046875,""y1"":283.27313232421875,""x2"":334.12982177734375,""y2"":311.97479248046875},{""class_id"":2,""class_name"":""robot"",""confidence"":0.8278371691703796,""x1"":461.1624755859375,""y1"":200.9217529296875,""x2"":506.1395263671875,""y2"":289.03619384765625}]"
217,0.403295,0.8437119995505782,39.85580800144817,0.5887450006412109,41.67628,42.079575,2,"[{""class_id"":0,""class_name"":""ball"",""confidence"":0.9123030304908752,""x1"":308.1029052734375,""y1"":283.22113037109375,""x2"":334.0262451171875,""y2"":311.990234375},{""class_id"":2,""class_name"":""robot"",""confidence"":0.8298379778862,""x1"":460.765380859375,""y1"":200.59988403320312,""x2"":506.119140625,""y2"":289.04345703125}]"
218,0.364524,0.7641929987585172,40.32479399938893,0.4328539998823544,41.874362999999995,42.238887,2,"[{""class_id"":0,""class_name"":""ball"",""confidence"":0.9071782231330872,""x1"":307.9622802734375,""y1"":283.082275390625,""x2"":334.0245361328125,""y2"":312.03955078125},{""class_id"":2,""class_name"":""robot"",""confidence"":0.8266968727111816,""x1"":461.10369873046875,""y1"":200.87350463867188,""x2"":505.8629150390625,""y2"":289.4092712402344}]"
219,13.059529,1.0549250000622123,43.62955099895771,0.7996710010047536,45.912988000000006,58.972517,2,"[{""class_id"":0,""class_name"":""ball"",""confidence"":0.9086458683013916,""x1"":308.095947265625,""y1"":283.1391296386719,""x2"":333.9742431640625,""y2"":312.0575866699219},{""class_id"":2,""class_name"":""robot"",""confidence"":0.8333356380462646,""x1"":459.8062438964844,""y1"":200.91583251953125,""x2"":506.3455505371094,""y2"":289.655029296875}]"
220,0.592767,1.018220998957986,42.61960899930273,0.7319579999602865,44.811499,45.404266,2,"[{""class_id"":0,""class_name"":""ball"",""confidence"":0.9078297019004822,""x1"":307.97918701171875,""y1"":283.1234436035156,""x2"":334.11358642578125,""y2"":312.0121765136719},{""class_id"":2,""class_name"":""robot"",""confidence"":0.8362444639205933,""x1"":460.520751953125,""y1"":200.85580444335938,""x2"":506.11236572265625,""y2"":289.7337646484375}]"
221,8.60595,0.9804780002014013,41.164621001371415,0.8434930005023489,43.433632,52.039582,2,"[{""class_id"":0,""class_name"":""ball"",""confidence"":0.9103902578353882,""x1"":308.08758544921875,""y1"":283.18280029296875,""x2"":334.21185302734375,""y2"":312.14276123046875},{""class_id"":2,""class_name"":""robot"",""confidence"":0.832621157169342,""x1"":460.43231201171875,""y1"":200.91162109375,""x2"":506.2645263671875,""y2"":289.24658203125}]"
222,0.621926,0.9528099999442929,40.33600599905185,0.7334020010603126,42.465882,43.087808,2,"[{""class_id"":0,""class_name"":""ball"",""confidence"":0.9076966047286987,""x1"":308.1385192871094,""y1"":283.207275390625,""x2"":334.0783386230469,""y2"":311.9285888671875},{""class_id"":2,""class_name"":""robot"",""confidence"":0.8272318840026855,""x1"":461.06109619140625,""y1"":200.72653198242188,""x2"":506.1502685546875,""y2"":288.74090576171875}]"
223,13.347548,1.0229989984509302,39.960063999387785,0.7508199996664189,43.299653000000006,56.647201,2,"[{""class_id"":0,""class_name"":""ball"",""confidence"":0.9105838537216187,""x1"":308.03631591796875,""y1"":283.01177978515625,""x2"":334.11285400390625,""y2"":312.01708984375},{""class_id"":2,""class_name"":""robot"",""confidence"":0.8287702202796936,""x1"":460.6873779296875,""y1"":201.10263061523438,""x2"":506.32928466796875,""y2"":289.4433288574219}]"
224,0.61226,0.9424519994354341,43.131304999405984,0.7876599993323907,45.306142,45.918402,2,"[{""class_id"":0,""class_name"":""ball"",""confidence"":0.9076312184333801,""x1"":307.98291015625,""y1"":283.1675720214844,""x2"":334.1490478515625,""y2"":312.0514221191406},{""class_id"":2,""class_name"":""robot"",""confidence"":0.8278229236602783,""x1"":461.022216796875,""y1"":201.05352783203125,""x2"":506.44146728515625,""y2"":289.1656494140625}]"
225,10.632738,0.972404001004179,41.710675999638624,0.8910880005714716,44.010525,54.643263,2,"[{""class_id"":0,""class_name"":""ball"",""confidence"":0.9097984433174133,""x1"":307.9914855957031,""y1"":283.16162109375,""x2"":334.1176452636719,""y2"":312.0340576171875},{""class_id"":2,""class_name"":""robot"",""confidence"":0.8333488702774048,""x1"":455.62811279296875,""y1"":200.7005615234375,""x2"":507.73858642578125,""y2"":290.6640319824219}]"
226,0.626753,0.9027860014612088,44.71545399974275,0.7241240000439575,46.774829,47.401582,2,"[{""class_id"":0,""class_name"":""ball"",""confidence"":0.9125380516052246,""x1"":307.9874267578125,""y1"":283.26263427734375,""x2"":334.0833740234375,""y2"":312.0576171875},{""class_id"":2,""class_name"":""robot"",""confidence"":0.8297457695007324,""x1"":460.3061828613281,""y1"":200.982421875,""x2"":506.2906799316406,""y2"":289.16827392578125}]"
227,8.607256,0.9663180007919436,42.786608000824344,0.8425699998042546,45.02272,53.629976,2,"[{""class_id"":0,""class_name"":""ball"",""confidence"":0.9073843955993652,""x1"":308.06573486328125,""y1"":283.2779541015625,""x2"":334.40093994140625,""y2"":312.2672119140625},{""class_id"":2,""class_name"":""robot"",""confidence"":0.8387120366096497,""x1"":459.97283935546875,""y1"":200.83883666992188,""x2"":506.50970458984375,""y2"":289.5475769042969}]"
228,0.60949,0.8824739998090081,41.26238199933141,0.7443649992637802,43.313548,43.923038,2,"[{""class_id"":0,""class_name"":""ball"",""confidence"":0.9085985422134399,""x1"":308.0284118652344,""y1"":283.25286865234375,""x2"":334.3078308105469,""y2"":312.11712646484375},{""class_id"":2,""class_name"":""robot"",""confidence"":0.8368731141090393,""x1"":460.0295715332031,""y1"":200.97564697265625,""x2"":506.5245056152344,""y2"":289.6690368652344}]"
229,10.983367,0.9713990002637729,45.59519400027057,0.8749970002099872,47.873073999999995,58.856441,2,"[{""class_id"":0,""class_name"":""ball"",""confidence"":0.9077037572860718,""x1"":308.1044921875,""y1"":283.048828125,""x2"":334.0404052734375,""y2"":311.9967041015625},{""class_id"":2,""class_name"":""robot"",""confidence"":0.8427452445030212,""x1"":459.86810302734375,""y1"":200.82058715820312,""x2"":506.63616943359375,""y2"":289.3584289550781}]"
230,0.581367,0.8625999998912448,41.25469999962661,0.7428869994328124,43.265782,43.847149,2,"[{""class_id"":0,""class_name"":""ball"",""confidence"":0.9119306206703186,""x1"":308.0189208984375,""y1"":283.1603088378906,""x2"":334.0975341796875,""y2"":311.9591979980469},{""class_id"":2,""class_name"":""robot"",""confidence"":0.8327463865280151,""x1"":460.3145751953125,""y1"":200.89202880859375,""x2"":506.7003173828125,""y2"":289.20635986328125}]"
231,8.22416,0.9714400002849288,41.34427100143512,0.8522529988113092,43.604949000000005,51.829109,2,"[{""class_id"":0,""class_name"":""ball"",""confidence"":0.9057373404502869,""x1"":308.2567138671875,""y1"":283.1512451171875,""x2"":334.0155029296875,""y2"":312.04473876953125},{""class_id"":2,""class_name"":""robot"",""confidence"":0.8401891589164734,""x1"":459.88482666015625,""y1"":200.86199951171875,""x2"":506.35418701171875,""y2"":289.6861877441406}]"
232,0.648612,0.855938000313472,45.35366900017834,0.7541360009781783,47.40995,48.058562,2,"[{""class_id"":0,""class_name"":""ball"",""confidence"":0.9119372367858887,""x1"":307.96209716796875,""y1"":283.2500915527344,""x2"":334.10150146484375,""y2"":312.0401916503906},{""class_id"":2,""class_name"":""robot"",""confidence"":0.8335214853286743,""x1"":460.57672119140625,""y1"":200.84475708007812,""x2"":506.28997802734375,""y2"":289.2115478515625}]"
233,8.261453,0.9770020005817059,44.63036000015563,0.7494469991797814,46.772227,55.03368,2,"[{""class_id"":0,""class_name"":""ball"",""confidence"":0.9099761843681335,""x1"":308.193115234375,""y1"":283.20648193359375,""x2"":334.1376953125,""y2"":311.98504638671875},{""class_id"":2,""class_name"":""robot"",""confidence"":0.8286058306694031,""x1"":460.799072265625,""y1"":200.84591674804688,""x2"":506.50775146484375,""y2"":289.3879089355469}]"
234,0.593691,0.8223099994211225,40.80685799999628,0.7384179989458062,42.772098,43.365789,2,"[{""class_id"":0,""class_name"":""ball"",""confidence"":0.9123451113700867,""x1"":308.19427490234375,""y1"":283.23602294921875,""x2"":334.07037353515625,""y2"":311.98614501953125},{""class_id"":2,""class_name"":""robot"",""confidence"":0.8280240893363953,""x1"":460.69287109375,""y1"":200.8211669921875,""x2"":506.04534912109375,""y2"":289.21380615234375}]"
235,9.773433,0.9947929993359139,43.17202499987616,0.7999199988262262,45.394515,55.167948,2,"[{""class_id"":0,""class_name"":""ball"",""confidence"":0.907941997051239,""x1"":308.083740234375,""y1"":283.3197326660156,""x2"":334.1551513671875,""y2"":311.9239196777344},{""class_id"":2,""class_name"":""robot"",""confidence"":0.8334304094314575,""x1"":460.7895202636719,""y1"":200.92074584960938,""x2"":506.7064514160156,""y2"":288.85552978515625}]"
236,0.566192,0.860190999446786,43.05703399950289,0.7419640005537076,45.067641,45.633833,2,"[{""class_id"":0,""class_name"":""ball"",""confidence"":0.9076212644577026,""x1"":308.20257568359375,""y1"":283.19464111328125,""x2"":334.05670166015625,""y2"":312.003173828125},{""class_id"":2,""class_name"":""robot"",""confidence"":0.8357238173484802,""x1"":460.5023193359375,""y1"":201.0150146484375,""x2"":506.33502197265625,""y2"":289.3486328125}]"
237,8.774143,0.8861530004651286,37.00549799941655,0.4515060008998262,38.688050999999994,47.462194,2,"[{""class_id"":0,""class_name"":""ball"",""confidence"":0.9091812372207642,""x1"":308.09356689453125,""y1"":283.1915283203125,""x2"":334.13238525390625,""y2"":312.18115234375},{""class_id"":2,""class_name"":""robot"",""confidence"":0.833733856678009,""x1"":455.56060791015625,""y1"":200.55023193359375,""x2"":507.58477783203125,""y2"":290.4730529785156}]"
238,0.324534,0.718806999429944,35.68659700067656,0.42916500024148263,37.167561,37.492095,2,"[{""class_id"":0,""class_name"":""ball"",""confidence"":0.9085854887962341,""x1"":308.05377197265625,""y1"":283.16510009765625,""x2"":334.21063232421875,""y2"":311.9661865234375},{""class_id"":2,""class_name"":""robot"",""confidence"":0.8348300457000732,""x1"":460.2597961425781,""y1"":200.96401977539062,""x2"":506.2828063964844,""y2"":289.30352783203125}]"
239,0.334143,0.7041499993647449,37.65104100057215,0.44966600034967996,39.137465000000006,39.471608,2,"[{""class_id"":0,""class_name"":""ball"",""confidence"":0.9070298075675964,""x1"":308.08685302734375,""y1"":283.2115478515625,""x2"":334.07647705078125,""y2"":311.99407958984375},{""class_id"":2,""class_name"":""robot"",""confidence"":0.8300630450248718,""x1"":460.31072998046875,""y1"":200.92001342773438,""x2"":506.14324951171875,""y2"":288.8522033691406}]"
240,20.353148,0.8580020003137179,39.35659899980237,0.4618939983629389,41.015707000000006,61.368855,2,"[{""class_id"":0,""class_name"":""ball"",""confidence"":0.9094135761260986,""x1"":308.0599060058594,""y1"":283.14947509765625,""x2"":334.0596618652344,""y2"":311.9049072265625},{""class_id"":2,""class_name"":""robot"",""confidence"":0.8332026600837708,""x1"":460.51220703125,""y1"":200.99697875976562,""x2"":505.835205078125,""y2"":289.3121643066406}]"
241,0.341704,0.6987449996813666,39.21651400014525,0.4362350009614602,40.686042,41.027746,2,"[{""class_id"":0,""class_name"":""ball"",""confidence"":0.9091198444366455,""x1"":307.8692626953125,""y1"":283.06988525390625,""x2"":334.0694580078125,""y2"":312.09429931640625},{""class_id"":2,""class_name"":""robot"",""confidence"":0.8323054909706116,""x1"":460.35888671875,""y1"":200.83114624023438,""x2"":506.29541015625,""y2"":289.3161315917969}]"
242,17.752394,0.8848270008456893,37.99725899989426,0.435100999311544,39.648557,57.400951,2,"[{""class_id"":0,""class_name"":""ball"",""confidence"":0.9077182412147522,""x1"":307.9333190917969,""y1"":283.15509033203125,""x2"":334.2184143066406,""y2"":311.99957275390625},{""class_id"":2,""class_name"":""robot"",""confidence"":0.8300352096557617,""x1"":460.84930419921875,""y1"":200.90689086914062,""x2"":506.14971923828125,""y2"":289.1170959472656}]"
243,0.32542,0.7227030000649393,39.5157000002655,0.44960299965168815,41.018727999999996,41.344148,2,"[{""class_id"":0,""class_name"":""ball"",""confidence"":0.9084494113922119,""x1"":307.885009765625,""y1"":283.26702880859375,""x2"":334.26617431640625,""y2"":312.29522705078125},{""class_id"":2,""class_name"":""robot"",""confidence"":0.8265447020530701,""x1"":456.1573486328125,""y1"":200.5869140625,""x2"":507.30126953125,""y2"":290.48773193359375}]"
244,18.95897,0.8320039996760897,38.24543399969116,0.4418259995873086,39.850583,58.809553,2,"[{""class_id"":0,""class_name"":""ball"",""confidence"":0.9132831692695618,""x1"":308.06671142578125,""y1"":283.20880126953125,""x2"":334.06622314453125,""y2"":312.03582763671875},{""class_id"":2,""class_name"":""robot"",""confidence"":0.8289887309074402,""x1"":460.5606689453125,""y1"":200.80624389648438,""x2"":505.8779296875,""y2"":289.3618469238281}]"
245,0.324962,0.7777480004733661,41.25203700095881,0.7369660015683621,43.154973,43.479935,2,"[{""class_id"":0,""class_name"":""ball"",""confidence"":0.9096709489822388,""x1"":307.9995422363281,""y1"":283.30804443359375,""x2"":334.2092590332031,""y2"":312.28387451171875},{""class_id"":2,""class_name"":""robot"",""confidence"":0.8290824890136719,""x1"":461.1154479980469,""y1"":200.82342529296875,""x2"":506.1744079589844,""y2"":289.0043640136719}]"
246,16.634216,0.9855640000751009,46.546341000066604,0.7393550004053395,48.712171,65.346387,2,"[{""class_id"":0,""class_name"":""ball"",""confidence"":0.9110051393508911,""x1"":308.24652099609375,""y1"":283.3965759277344,""x2"":334.22686767578125,""y2"":312.0570373535156},{""class_id"":2,""class_name"":""robot"",""confidence"":0.8266506791114807,""x1"":456.66131591796875,""y1"":200.53863525390625,""x2"":507.62762451171875,""y2"":290.3681335449219}]"
247,0.570877,0.8289580000564456,43.53196000010939,0.7549820002168417,45.527730999999996,46.098608,2,"[{""class_id"":0,""class_name"":""ball"",""confidence"":0.9096881151199341,""x1"":307.947998046875,""y1"":282.9996337890625,""x2"":334.05657958984375,""y2"":312.061279296875},{""class_id"":2,""class_name"":""robot"",""confidence"":0.8315416574478149,""x1"":460.6846618652344,""y1"":200.84042358398438,""x2"":506.0478820800781,""y2"":288.8886413574219}]"
248,5.023226,0.9779490010259906,43.42036799971538,0.753542999518686,45.582202,50.605428,2,"[{""class_id"":0,""class_name"":""ball"",""confidence"":0.909194827079773,""x1"":308.1261291503906,""y1"":283.28179931640625,""x2"":334.0643615722656,""y2"":311.97540283203125},{""class_id"":2,""class_name"":""robot"",""confidence"":0.8325307965278625,""x1"":460.4330139160156,""y1"":200.8712158203125,""x2"":506.3357238769531,""y2"":289.05499267578125}]"
249,0.572255,0.9649009989516344,42.49258600066241,0.7448939995811088,44.60739,45.179645,2,"[{""class_id"":0,""class_name"":""ball"",""confidence"":0.9072934985160828,""x1"":307.8219299316406,""y1"":283.1332092285156,""x2"":334.0191955566406,""y2"":312.0553894042969},{""class_id"":2,""class_name"":""robot"",""confidence"":0.8312061429023743,""x1"":460.7052001953125,""y1"":200.79977416992188,""x2"":506.5833740234375,""y2"":289.1943664550781}]"
250,9.398502,1.0207729992544046,41.33976899902336,0.7934730001579737,43.597026,52.995528,2,"[{""class_id"":0,""class_name"":""ball"",""confidence"":0.9044089913368225,""x1"":308.12506103515625,""y1"":283.2201843261719,""x2"":334.22161865234375,""y2"":311.9354553222656},{""class_id"":2,""class_name"":""robot"",""confidence"":0.8331472277641296,""x1"":460.4896240234375,""y1"":200.84539794921875,""x2"":506.4034423828125,""y2"":289.1832275390625}]"
251,0.571629,0.8589060016674921,42.43827699974645,0.7475399997929344,44.459396,45.031025,2,"[{""class_id"":0,""class_name"":""ball"",""confidence"":0.9105622172355652,""x1"":308.0499572753906,""y1"":283.1748046875,""x2"":334.1382751464844,""y2"":312.01025390625},{""class_id"":2,""class_name"":""robot"",""confidence"":0.831234872341156,""x1"":461.00286865234375,""y1"":200.85586547851562,""x2"":506.56427001953125,""y2"":289.7518310546875}]"
252,11.226637,0.9917830011545448,41.22570199979236,0.7849310004530707,43.470189000000005,54.696826,2,"[{""class_id"":0,""class_name"":""ball"",""confidence"":0.9091429114341736,""x1"":308.1539306640625,""y1"":283.2894287109375,""x2"":334.3160400390625,""y2"":312.1611328125},{""class_id"":2,""class_name"":""robot"",""confidence"":0.8320901393890381,""x1"":460.37353515625,""y1"":200.90478515625,""x2"":506.1771240234375,""y2"":289.33978271484375}]"
253,0.5777,0.8713799998076865,41.125430001557106,0.8137550012179418,43.240387,43.818087,2,"[{""class_id"":0,""class_name"":""ball"",""confidence"":0.9104650616645813,""x1"":307.94940185546875,""y1"":283.28753662109375,""x2"":334.22943115234375,""y2"":312.15789794921875},{""class_id"":2,""class_name"":""robot"",""confidence"":0.8275439739227295,""x1"":460.5643615722656,""y1"":200.92532348632812,""x2"":505.9096984863281,""y2"":289.1892395019531}]"
254,12.666874,0.982169998678728,42.17069500009529,0.7800409985065926,44.372062,57.038936,2,"[{""class_id"":0,""class_name"":""ball"",""confidence"":0.9072401523590088,""x1"":308.03009033203125,""y1"":283.143798828125,""x2"":334.11773681640625,""y2"":311.972900390625},{""class_id"":2,""class_name"":""robot"",""confidence"":0.827222466468811,""x1"":456.10601806640625,""y1"":200.70681762695312,""x2"":507.3671875,""y2"":290.4413757324219}]"
255,0.593301,0.8969810005510226,44.289241999649676,0.7343199995375471,46.343650000000004,46.936951,2,"[{""class_id"":0,""class_name"":""ball"",""confidence"":0.9092604517936707,""x1"":308.0550537109375,""y1"":283.284912109375,""x2"":334.2991943359375,""y2"":312.14306640625},{""class_id"":2,""class_name"":""robot"",""confidence"":0.8324023485183716,""x1"":460.44415283203125,""y1"":200.91091918945312,""x2"":505.98602294921875,""y2"":289.2273254394531}]"
256,8.54274,0.9443300004932098,42.52962300051877,0.7492679997085361,44.638369999999995,53.18111,2,"[{""class_id"":0,""class_name"":""ball"",""confidence"":0.9070271849632263,""x1"":307.9586181640625,""y1"":283.22381591796875,""x2"":334.14373779296875,""y2"":311.97088623046875},{""class_id"":2,""class_name"":""robot"",""confidence"":0.8309097290039062,""x1"":461.009765625,""y1"":200.77017211914062,""x2"":505.9405517578125,""y2"":289.271484375}]"
257,0.570492,0.8217100003093947,40.46002100039914,0.8341440006915946,42.531278,43.10177,2,"[{""class_id"":0,""class_name"":""ball"",""confidence"":0.9110743999481201,""x1"":307.97662353515625,""y1"":283.28814697265625,""x2"":334.051025390625,""y2"":312.01629638671875},{""class_id"":2,""class_name"":""robot"",""confidence"":0.8353873491287231,""x1"":460.44427490234375,""y1"":200.77474975585938,""x2"":506.08282470703125,""y2"":289.4501953125}]"
258,12.263426,0.9865050014923327,42.66957399886451,0.7813390002411325,44.878327,57.141753,2,"[{""class_id"":0,""class_name"":""ball"",""confidence"":0.9094666838645935,""x1"":307.874267578125,""y1"":283.11895751953125,""x2"":334.1121826171875,""y2"":311.98345947265625},{""class_id"":2,""class_name"":""robot"",""confidence"":0.8283559083938599,""x1"":461.20361328125,""y1"":200.89999389648438,""x2"":506.1075439453125,""y2"":288.8507385253906}]"
259,0.590215,0.8614449998276541,40.632835998621886,0.813236998510547,42.717745,43.30796,2,"[{""class_id"":0,""class_name"":""ball"",""confidence"":0.910416841506958,""x1"":308.0545654296875,""y1"":283.1447448730469,""x2"":334.11737060546875,""y2"":312.0440979003906},{""class_id"":2,""class_name"":""robot"",""confidence"":0.8276920318603516,""x1"":456.0763854980469,""y1"":200.82009887695312,""x2"":507.2323303222656,""y2"":290.32470703125}]"
260,11.97405,0.9896080009639263,43.189357998926425,0.7500299998355331,45.359026,57.333076,2,"[{""class_id"":0,""class_name"":""ball"",""confidence"":0.9072225689888,""x1"":308.08740234375,""y1"":283.21221923828125,""x2"":334.17919921875,""y2"":312.03070068359375},{""class_id"":2,""class_name"":""robot"",""confidence"":0.8337215781211853,""x1"":455.5570068359375,""y1"":200.58377075195312,""x2"":507.635986328125,""y2"":290.9327087402344}]"
261,0.572451,1.0109230006491998,45.10377500082541,0.7202270007837797,47.254771,47.827222,2,"[{""class_id"":0,""class_name"":""ball"",""confidence"":0.9074709415435791,""x1"":308.0851745605469,""y1"":283.20562744140625,""x2"":334.2868347167969,""y2"":312.20404052734375},{""class_id"":2,""class_name"":""robot"",""confidence"":0.8317262530326843,""x1"":460.84600830078125,""y1"":201.00601196289062,""x2"":506.13385009765625,""y2"":288.9607849121094}]"
262,6.536449,0.9915910013660323,42.17134800092026,0.7313049991353182,44.338622,50.875071,2,"[{""class_id"":0,""class_name"":""ball"",""confidence"":0.911315381526947,""x1"":308.05499267578125,""y1"":283.1429748535156,""x2"":334.07635498046875,""y2"":311.9886779785156},{""class_id"":2,""class_name"":""robot"",""confidence"":0.8292174339294434,""x1"":460.90283203125,""y1"":201.01516723632812,""x2"":506.12939453125,""y2"":289.3019104003906}]"
263,0.59874,0.8720549994905014,40.880881000703084,0.8372009997401619,42.99437,43.59311,2,"[{""class_id"":0,""class_name"":""ball"",""confidence"":0.9107421040534973,""x1"":307.98065185546875,""y1"":283.1866760253906,""x2"":334.14385986328125,""y2"":311.9497985839844},{""class_id"":2,""class_name"":""robot"",""confidence"":0.8344616293907166,""x1"":460.28857421875,""y1"":200.78329467773438,""x2"":506.4482421875,""y2"":289.4551086425781}]"
264,16.209162,0.8868459990480915,37.20455800066702,0.42809600017790217,39.059289,55.268451,2,"[{""class_id"":0,""class_name"":""ball"",""confidence"":0.9080493450164795,""x1"":307.92755126953125,""y1"":283.1481628417969,""x2"":334.23193359375,""y2"":312.0153503417969},{""class_id"":2,""class_name"":""robot"",""confidence"":0.8305557370185852,""x1"":460.5939025878906,""y1"":200.87112426757812,""x2"":505.9621887207031,""y2"":288.8743591308594}]"
265,24.394749,0.8575129995733732,39.7697540010995,0.4253049992257729,41.394876999999994,65.789626,2,"[{""class_id"":0,""class_name"":""ball"",""confidence"":0.910352885723114,""x1"":307.986083984375,""y1"":283.19451904296875,""x2"":334.18017578125,""y2"":312.103271484375},{""class_id"":2,""class_name"":""robot"",""confidence"":0.833463191986084,""x1"":460.0238037109375,""y1"":201.01885986328125,""x2"":505.9384765625,""y2"":289.0151062011719}]"
266,0.325705,0.7184709993452998,38.370999000107986,0.4256590000295546,39.853452,40.179157,2,"[{""class_id"":0,""class_name"":""ball"",""confidence"":0.9074013829231262,""x1"":308.18170166015625,""y1"":283.2158203125,""x2"":334.13348388671875,""y2"":311.94952392578125},{""class_id"":2,""class_name"":""robot"",""confidence"":0.8357692956924438,""x1"":460.4431457519531,""y1"":200.77267456054688,""x2"":506.5110168457031,""y2"":289.0489807128906}]"
267,18.390093,0.8856120002747048,37.29119900162914,0.44214900117367506,38.961976,57.352069,2,"[{""class_id"":0,""class_name"":""ball"",""confidence"":0.9095088243484497,""x1"":307.85491943359375,""y1"":283.1778259277344,""x2"":334.10382080078125,""y2"":312.0564270019531},{""class_id"":2,""class_name"":""robot"",""confidence"":0.8366764187812805,""x1"":460.123779296875,""y1"":200.88699340820312,""x2"":506.5594482421875,""y2"":289.35687255859375}]"
268,0.418428,0.7997310003702296,35.80618599880836,0.4337399986980017,37.402762,37.82119,2,"[{""class_id"":0,""class_name"":""ball"",""confidence"":0.9091091156005859,""x1"":307.80889892578125,""y1"":283.13104248046875,""x2"":334.24603271484375,""y2"":311.9990234375},{""class_id"":2,""class_name"":""robot"",""confidence"":0.8325059413909912,""x1"":460.6632080078125,""y1"":200.94354248046875,""x2"":506.777099609375,""y2"":289.2743225097656}]"
269,23.135993,0.85601799946744,40.162051998777315,0.44849299956695177,41.804497999999995,64.940491,2,"[{""class_id"":0,""class_name"":""ball"",""confidence"":0.912230372428894,""x1"":308.15386962890625,""y1"":283.31488037109375,""x2"":334.05963134765625,""y2"":312.01751708984375},{""class_id"":2,""class_name"":""robot"",""confidence"":0.8415058255195618,""x1"":460.23223876953125,""y1"":200.73959350585938,""x2"":505.9261474609375,""y2"":289.1227722167969}]"
270,0.314358,0.7159020005929051,38.71512099976826,0.4292579997127177,40.19168,40.506038,2,"[{""class_id"":0,""class_name"":""ball"",""confidence"":0.9131754040718079,""x1"":307.998291015625,""y1"":283.32464599609375,""x2"":334.05718994140625,""y2"":312.1131591796875},{""class_id"":2,""class_name"":""robot"",""confidence"":0.8355735540390015,""x1"":456.0556640625,""y1"":200.66506958007812,""x2"":507.366455078125,""y2"":290.7001037597656}]"
271,17.711636,0.8692450010130415,37.10188399963954,0.43956100125797093,38.756579,56.468215,2,"[{""class_id"":0,""class_name"":""ball"",""confidence"":0.9121044278144836,""x1"":308.18646240234375,""y1"":283.1702575683594,""x2"":334.12603759765625,""y2"":311.9512634277344},{""class_id"":2,""class_name"":""robot"",""confidence"":0.8373159766197205,""x1"":460.3277587890625,""y1"":200.91116333007812,""x2"":506.64349365234375,""y2"":289.8329162597656}]"
272,0.415537,0.7749550004518824,38.71919700031867,0.5234400014160201,40.3916,40.807137,2,"[{""class_id"":0,""class_name"":""ball"",""confidence"":0.9110966324806213,""x1"":307.971435546875,""y1"":283.1372985839844,""x2"":334.1669921875,""y2"":312.0144958496094},{""class_id"":2,""class_name"":""robot"",""confidence"":0.8341800570487976,""x1"":460.3086853027344,""y1"":201.005615234375,""x2"":506.7759094238281,""y2"":289.49810791015625}]"
273,0.334982,0.7470719992852537,36.84437400079332,0.4382150000310503,38.364642,38.699624,2,"[{""class_id"":0,""class_name"":""ball"",""confidence"":0.9075447916984558,""x1"":308.2510986328125,""y1"":283.17950439453125,""x2"":334.2611083984375,""y2"":312.17169189453125},{""class_id"":2,""class_name"":""robot"",""confidence"":0.8206677436828613,""x1"":461.09100341796875,""y1"":200.95343017578125,""x2"":505.80816650390625,""y2"":288.9879150390625}]"
274,17.763785,0.853896000990062,39.62062800019339,0.4465510010049911,41.271373000000004,59.035158,2,"[{""class_id"":0,""class_name"":""ball"",""confidence"":0.9137367010116577,""x1"":308.080322265625,""y1"":283.2185974121094,""x2"":334.03192138671875,""y2"":312.0716857910156},{""class_id"":2,""class_name"":""robot"",""confidence"":0.83269202709198,""x1"":456.2535400390625,""y1"":200.68780517578125,""x2"":507.26434326171875,""y2"":290.14227294921875}]"
275,0.345962,0.7185790000221459,35.3713290005544,0.43983899922750425,36.868934,37.214896,2,"[{""class_id"":0,""class_name"":""ball"",""confidence"":0.9089743494987488,""x1"":308.15704345703125,""y1"":283.231201171875,""x2"":334.18780517578125,""y2"":311.994873046875},{""class_id"":2,""class_name"":""robot"",""confidence"":0.8289408683776855,""x1"":460.66351318359375,""y1"":200.9317626953125,""x2"":506.0140380859375,""y2"":288.8995361328125}]"
276,21.190654,0.906596998902387,38.18732599938812,0.46340699918800965,39.896467,61.087121,2,"[{""class_id"":0,""class_name"":""ball"",""confidence"":0.9087640047073364,""x1"":308.0649108886719,""y1"":283.2544250488281,""x2"":334.2131652832031,""y2"":312.0473937988281},{""class_id"":2,""class_name"":""robot"",""confidence"":0.8296254277229309,""x1"":456.22760009765625,""y1"":200.64309692382812,""x2"":507.59075927734375,""y2"":290.1045837402344}]"
277,0.322876,0.673754999297671,36.61315600038506,0.4290769993531285,38.04795,38.370826,2,"[{""class_id"":0,""class_name"":""ball"",""confidence"":0.9075076580047607,""x1"":308.1455078125,""y1"":283.2647705078125,""x2"":333.97784423828125,""y2"":311.9454345703125},{""class_id"":2,""class_name"":""robot"",""confidence"":0.83338862657547,""x1"":460.5004577636719,""y1"":200.815185546875,""x2"":506.7793273925781,""y2"":289.1744384765625}]"
278,21.897844,0.8489339998050127,44.56760300126916,0.7428919998346828,46.553746,68.45159,2,"[{""class_id"":0,""class_name"":""ball"",""confidence"":0.9073546528816223,""x1"":307.9368896484375,""y1"":283.2687683105469,""x2"":334.210205078125,""y2"":312.1160583496094},{""class_id"":2,""class_name"":""robot"",""confidence"":0.8412328362464905,""x1"":460.1650390625,""y1"":200.84857177734375,""x2"":506.518310546875,""y2"":289.50567626953125}]"
279,0.572029,0.8325609996973071,43.78626700054156,0.8032200003071921,45.851062999999996,46.423092,2,"[{""class_id"":0,""class_name"":""ball"",""confidence"":0.9120460152626038,""x1"":307.9947509765625,""y1"":283.1880187988281,""x2"":334.0970458984375,""y2"":312.1757507324219},{""class_id"":2,""class_name"":""robot"",""confidence"":0.835701584815979,""x1"":456.25750732421875,""y1"":200.59124755859375,""x2"":507.02532958984375,""y2"":290.55999755859375}]"
280,7.188356,1.0071270007756539,42.673694999393774,0.7392919997073477,44.843123,52.031479,2,"[{""class_id"":0,""class_name"":""ball"",""confidence"":0.9070421457290649,""x1"":308.25323486328125,""y1"":283.159912109375,""x2"":334.0499267578125,""y2"":311.99151611328125},{""class_id"":2,""class_name"":""robot"",""confidence"":0.8355220556259155,""x1"":460.0963134765625,""y1"":200.7877197265625,""x2"":506.3006591796875,""y2"":289.39678955078125}]"
281,0.575075,0.8521979998477036,42.36122499969497,0.7449389995599631,44.357835,44.93291,2,"[{""class_id"":0,""class_name"":""ball"",""confidence"":0.9102045297622681,""x1"":308.00555419921875,""y1"":283.1668701171875,""x2"":334.3189697265625,""y2"":312.12738037109375},{""class_id"":2,""class_name"":""robot"",""confidence"":0.8290773630142212,""x1"":460.91204833984375,""y1"":201.05572509765625,""x2"":506.50286865234375,""y2"":289.30133056640625}]"
282,9.99936,0.9820029990805779,43.29876699921442,0.7245570013765246,45.431658,55.431018,2,"[{""class_id"":0,""class_name"":""ball"",""confidence"":0.9102904796600342,""x1"":308.012451171875,""y1"":283.2460021972656,""x2"":334.3587646484375,""y2"":312.1459655761719},{""class_id"":2,""class_name"":""robot"",""confidence"":0.8378238081932068,""x1"":460.550537109375,""y1"":200.8836669921875,""x2"":507.17041015625,""y2"":289.3013000488281}]"
283,0.567077,0.8513419998052996,44.29489699941769,0.7557230001111748,46.330511,46.897588,2,"[{""class_id"":0,""class_name"":""ball"",""confidence"":0.9088621735572815,""x1"":308.07659912109375,""y1"":283.108154296875,""x2"":334.07763671875,""y2"":311.99658203125},{""class_id"":2,""class_name"":""robot"",""confidence"":0.8332183957099915,""x1"":460.37982177734375,""y1"":200.91024780273438,""x2"":506.6683349609375,""y2"":289.24725341796875}]"
284,7.610241,1.2414259999786736,44.31699300039327,0.738612001441652,46.728186,54.338427,2,"[{""class_id"":0,""class_name"":""ball"",""confidence"":0.9101880788803101,""x1"":308.093994140625,""y1"":283.1224365234375,""x2"":334.0933837890625,""y2"":312.01458740234375},{""class_id"":2,""class_name"":""robot"",""confidence"":0.8286107778549194,""x1"":460.8243408203125,""y1"":200.72540283203125,""x2"":505.9093017578125,""y2"":289.29931640625}]"
285,0.600986,0.8010049987206003,44.45914500138315,0.8002350004971959,46.48529,47.086276,2,"[{""class_id"":0,""class_name"":""ball"",""confidence"":0.9088138341903687,""x1"":308.0205078125,""y1"":283.20391845703125,""x2"":333.9984130859375,""y2"":311.94598388671875},{""class_id"":2,""class_name"":""robot"",""confidence"":0.8346845507621765,""x1"":460.32794189453125,""y1"":200.876708984375,""x2"":506.66680908203125,""y2"":289.6131591796875}]"
286,6.002057,0.965027000347618,43.13019300025189,0.7377829988399753,45.274329,51.276386,2,"[{""class_id"":0,""class_name"":""ball"",""confidence"":0.9103114008903503,""x1"":308.088623046875,""y1"":283.10137939453125,""x2"":334.051513671875,""y2"":312.04400634765625},{""class_id"":2,""class_name"":""robot"",""confidence"":0.8226650953292847,""x1"":461.46649169921875,""y1"":200.88275146484375,""x2"":505.46905517578125,""y2"":288.6499938964844}]"
287,0.574327,1.0561330000200542,44.894900000144844,0.8058890016400255,47.167357,47.741684,2,"[{""class_id"":0,""class_name"":""ball"",""confidence"":0.9147700667381287,""x1"":308.0466003417969,""y1"":283.2171630859375,""x2"":334.1045837402344,""y2"":312.102783203125},{""class_id"":2,""class_name"":""robot"",""confidence"":0.8290191888809204,""x1"":460.65753173828125,""y1"":200.80294799804688,""x2"":505.4815673828125,""y2"":289.3885498046875}]"
288,7.021067,0.9867360004136572,42.441276000317885,0.7414990013785427,44.599782999999995,51.62085,2,"[{""class_id"":0,""class_name"":""ball"",""confidence"":0.9080846309661865,""x1"":307.8904113769531,""y1"":283.3267822265625,""x2"":334.0484313964844,""y2"":311.9776611328125},{""class_id"":2,""class_name"":""robot"",""confidence"":0.8278552889823914,""x1"":460.58673095703125,""y1"":200.8719482421875,""x2"":506.08367919921875,""y2"":288.9006652832031}]"
289,0.569005,0.8541829993191641,42.374124999696505,0.43800099956570193,44.037462000000005,44.606467,2,"[{""class_id"":0,""class_name"":""ball"",""confidence"":0.9088547229766846,""x1"":308.03509521484375,""y1"":283.1950378417969,""x2"":334.06341552734375,""y2"":312.0182189941406},{""class_id"":2,""class_name"":""robot"",""confidence"":0.8299590945243835,""x1"":456.06292724609375,""y1"":200.6649169921875,""x2"":507.16033935546875,""y2"":290.6951599121094}]"
290,10.71743,1.0497449984541163,43.926952999754576,0.7441630004905164,46.150342,56.867772,2,"[{""class_id"":0,""class_name"":""ball"",""confidence"":0.913395345211029,""x1"":308.06231689453125,""y1"":283.16058349609375,""x2"":334.09759521484375,""y2"":312.03680419921875},{""class_id"":2,""class_name"":""robot"",""confidence"":0.8320315480232239,""x1"":461.0965576171875,""y1"":201.001220703125,""x2"":506.6593017578125,""y2"":289.51300048828125}]"
291,0.57488,0.841031000163639,39.287358998990385,0.4517050001595635,40.947051,41.521931,2,"[{""class_id"":0,""class_name"":""ball"",""confidence"":0.9101242423057556,""x1"":308.0909423828125,""y1"":283.212158203125,""x2"":334.0684814453125,""y2"":312.038330078125},{""class_id"":2,""class_name"":""robot"",""confidence"":0.8328588604927063,""x1"":460.681640625,""y1"":200.807861328125,""x2"":506.2841796875,""y2"":289.27996826171875}]"
292,12.061671,0.822879999759607,37.31365400017239,0.45699600013904274,38.938067000000004,50.999738,2,"[{""class_id"":0,""class_name"":""ball"",""confidence"":0.9115980267524719,""x1"":308.20831298828125,""y1"":283.2288818359375,""x2"":334.06024169921875,""y2"":312.0986328125},{""class_id"":2,""class_name"":""robot"",""confidence"":0.8343706130981445,""x1"":460.2342224121094,""y1"":200.94589233398438,""x2"":506.6119079589844,""y2"":289.71661376953125}]"
293,0.316215,0.7697110013396014,37.23222100052226,0.43924499914282933,38.782337,39.098552,2,"[{""class_id"":0,""class_name"":""ball"",""confidence"":0.9075188636779785,""x1"":308.03106689453125,""y1"":283.09808349609375,""x2"":334.00848388671875,""y2"":311.99249267578125},{""class_id"":2,""class_name"":""robot"",""confidence"":0.8317712545394897,""x1"":460.6696472167969,""y1"":200.92633056640625,""x2"":506.2670593261719,""y2"":289.42352294921875}]"
294,0.32366,0.6812299998273375,37.62539399940579,0.43564699990383815,39.098032,39.421692,2,"[{""class_id"":0,""class_name"":""ball"",""confidence"":0.912085771560669,""x1"":308.04473876953125,""y1"":283.1426086425781,""x2"":334.10430908203125,""y2"":312.0719909667969},{""class_id"":2,""class_name"":""robot"",""confidence"":0.82724529504776,""x1"":456.16583251953125,""y1"":200.79534912109375,""x2"":507.05694580078125,""y2"":290.2166442871094}]"
295,18.469683,0.8477379997202661,37.703451000197674,0.42874600148934405,39.311323,57.781006,2,"[{""class_id"":0,""class_name"":""ball"",""confidence"":0.9077572226524353,""x1"":308.06463623046875,""y1"":283.0550537109375,""x2"":334.04046630859375,""y2"":311.8804931640625},{""class_id"":2,""class_name"":""robot"",""confidence"":0.8300302624702454,""x1"":460.83856201171875,""y1"":200.97097778320312,""x2"":506.70550537109375,""y2"":289.59283447265625}]"
296,0.341716,0.697224999385071,36.35985099936079,0.42398500045237597,37.825709,38.167425,2,"[{""class_id"":0,""class_name"":""ball"",""confidence"":0.9112643003463745,""x1"":308.02862548828125,""y1"":283.2138366699219,""x2"":334.13067626953125,""y2"":311.9944763183594},{""class_id"":2,""class_name"":""robot"",""confidence"":0.8218635320663452,""x1"":461.09228515625,""y1"":200.84259033203125,""x2"":505.73876953125,""y2"":289.526611328125}]"
297,22.394324,0.9022590002132347,38.34617600114143,0.4481349988054717,40.025707999999995,62.420032,2,"[{""class_id"":0,""class_name"":""ball"",""confidence"":0.9105350375175476,""x1"":308.08367919921875,""y1"":283.1826171875,""x2"":334.3021240234375,""y2"":312.22015380859375},{""class_id"":2,""class_name"":""robot"",""confidence"":0.8378597497940063,""x1"":460.6014404296875,""y1"":200.81280517578125,""x2"":506.265869140625,""y2"":289.00177001953125}]"
298,0.32409,0.6402220005838899,37.90698900047573,0.4453149995242711,39.328018,39.652108,2,"[{""class_id"":0,""class_name"":""ball"",""confidence"":0.9102739691734314,""x1"":308.19757080078125,""y1"":283.27935791015625,""x2"":334.12713623046875,""y2"":311.97906494140625},{""class_id"":2,""class_name"":""robot"",""confidence"":0.8242937922477722,""x1"":456.1800537109375,""y1"":200.78195190429688,""x2"":507.1678466796875,""y2"":289.96826171875}]"
299,20.4523,0.8839759993861662,38.50049799984845,0.43937299960816745,40.160243,60.612543,2,"[{""class_id"":0,""class_name"":""ball"",""confidence"":0.9076772332191467,""x1"":307.993896484375,""y1"":283.09295654296875,""x2"":334.0322265625,""y2"":311.96295166015625},{""class_id"":2,""class_name"":""robot"",""confidence"":0.8381078243255615,""x1"":460.359619140625,""y1"":200.79461669921875,""x2"":506.2301025390625,""y2"":289.39483642578125}]"
300,0.32998,0.7080589984980179,38.61650799990457,0.4521310002019163,40.108215,40.438195,2,"[{""class_id"":0,""class_name"":""ball"",""confidence"":0.9097663760185242,""x1"":307.99249267578125,""y1"":283.15631103515625,""x2"":334.10577392578125,""y2"":311.94927978515625},{""class_id"":2,""class_name"":""robot"",""confidence"":0.8295310735702515,""x1"":455.6969909667969,""y1"":200.80026245117188,""x2"":507.1585388183594,""y2"":290.70526123046875}]"
301,19.170291,1.0359850002714666,38.016892000086955,0.4412620000948664,39.82878,58.999071,2,"[{""class_id"":0,""class_name"":""ball"",""confidence"":0.9107058644294739,""x1"":308.0516052246094,""y1"":283.245361328125,""x2"":334.1858825683594,""y2"":312.26959228515625},{""class_id"":2,""class_name"":""robot"",""confidence"":0.8346831202507019,""x1"":460.7322998046875,""y1"":201.123291015625,""x2"":506.5909423828125,""y2"":289.29022216796875}]"
302,0.323873,0.6638380000367761,37.601632000587415,0.42640600076992996,39.024126,39.347999,2,"[{""class_id"":0,""class_name"":""ball"",""confidence"":0.9105685353279114,""x1"":308.14227294921875,""y1"":283.1260986328125,""x2"":334.065673828125,""y2"":311.9989013671875},{""class_id"":2,""class_name"":""robot"",""confidence"":0.827038049697876,""x1"":456.4395751953125,""y1"":200.80783081054688,""x2"":507.5928955078125,""y2"":290.2735595703125}]"
303,20.873721,0.8618709998700069,43.2279609995021,0.7483190001948969,45.22050399999999,66.094225,2,"[{""class_id"":0,""class_name"":""ball"",""confidence"":0.9109195470809937,""x1"":308.0660095214844,""y1"":283.1353759765625,""x2"":334.0376892089844,""y2"":312.017822265625},{""class_id"":2,""class_name"":""robot"",""confidence"":0.8266382217407227,""x1"":456.22271728515625,""y1"":200.75808715820312,""x2"":507.18609619140625,""y2"":290.5058898925781}]"
304,0.587825,0.8984610012703342,43.29346099984832,0.75089199890499,45.351811,45.939636,2,"[{""class_id"":0,""class_name"":""ball"",""confidence"":0.9065778255462646,""x1"":307.9649658203125,""y1"":283.2384948730469,""x2"":334.11041259765625,""y2"":312.0848693847656},{""class_id"":2,""class_name"":""robot"",""confidence"":0.8349063396453857,""x1"":460.4835205078125,""y1"":200.89227294921875,""x2"":506.41558837890625,""y2"":289.57696533203125}]"
305,8.864115,1.0363640012656106,42.4828310005978,0.7517510002799099,44.718151,53.582266,2,"[{""class_id"":0,""class_name"":""ball"",""confidence"":0.9103358387947083,""x1"":308.09442138671875,""y1"":283.3677673339844,""x2"":334.04754638671875,""y2"":311.9412536621094},{""class_id"":2,""class_name"":""robot"",""confidence"":0.8253492712974548,""x1"":461.0135498046875,""y1"":200.87124633789062,""x2"":506.2327880859375,""y2"":288.98297119140625}]"
306,0.565959,0.8509919989592163,43.62651700103015,0.7432570000673877,45.623814,46.189773,2,"[{""class_id"":0,""class_name"":""ball"",""confidence"":0.9103960990905762,""x1"":308.09783935546875,""y1"":283.208740234375,""x2"":334.103759765625,""y2"":312.14501953125},{""class_id"":2,""class_name"":""robot"",""confidence"":0.8284527063369751,""x1"":460.48822021484375,""y1"":200.98660278320312,""x2"":506.14520263671875,""y2"":289.1819152832031}]"
307,9.032783,0.9427420009160414,43.74452600131917,0.759225998990587,45.886894999999996,54.919678,2,"[{""class_id"":0,""class_name"":""ball"",""confidence"":0.9098701477050781,""x1"":308.0491027832031,""y1"":283.1803283691406,""x2"":334.3302917480469,""y2"":312.1872253417969},{""class_id"":2,""class_name"":""robot"",""confidence"":0.8360098600387573,""x1"":460.28271484375,""y1"":201.01687622070312,""x2"":506.8695068359375,""y2"":289.8402099609375}]"
308,0.586729,1.0156170010304777,44.061098000383936,0.791976000982686,46.302205,46.888934,2,"[{""class_id"":0,""class_name"":""ball"",""confidence"":0.9094886183738708,""x1"":308.01068115234375,""y1"":282.9945068359375,""x2"":334.14361572265625,""y2"":312.061767578125},{""class_id"":2,""class_name"":""robot"",""confidence"":0.8346115350723267,""x1"":460.140869140625,""y1"":201.10073852539062,""x2"":506.299560546875,""y2"":289.3774719238281}]"
309,7.170853,1.0144940006284742,41.613199000494205,0.746296000215807,43.828899,50.999752,2,"[{""class_id"":0,""class_name"":""ball"",""confidence"":0.9083760976791382,""x1"":308.09954833984375,""y1"":283.2080078125,""x2"":334.1103515625,""y2"":311.9521484375},{""class_id"":2,""class_name"":""robot"",""confidence"":0.8303645253181458,""x1"":460.66766357421875,""y1"":200.87176513671875,""x2"":505.62115478515625,""y2"":289.29705810546875}]"
310,0.582477,0.8651020016259281,43.470558999615605,0.74155000038445,45.496361,46.078838,2,"[{""class_id"":0,""class_name"":""ball"",""confidence"":0.9119629263877869,""x1"":308.03863525390625,""y1"":283.249755859375,""x2"":334.14312744140625,""y2"":312.05267333984375},{""class_id"":2,""class_name"":""robot"",""confidence"":0.8314819931983948,""x1"":460.301025390625,""y1"":200.91867065429688,""x2"":506.1495361328125,""y2"":289.2137451171875}]"
311,9.975934,0.955454001086764,44.56117399968207,0.739641000109259,46.671053,56.646987,2,"[{""class_id"":0,""class_name"":""ball"",""confidence"":0.9108144044876099,""x1"":308.144287109375,""y1"":283.1617431640625,""x2"":334.192138671875,""y2"":312.031005859375},{""class_id"":2,""class_name"":""robot"",""confidence"":0.833612322807312,""x1"":460.5069885253906,""y1"":200.9342041015625,""x2"":506.6063537597656,""y2"":289.1024475097656}]"
312,0.638402,0.8670940005686134,41.45446999973501,0.7636740010639187,43.501256,44.139658,2,"[{""class_id"":0,""class_name"":""ball"",""confidence"":0.9101746082305908,""x1"":307.935302734375,""y1"":283.1485595703125,""x2"":334.088623046875,""y2"":312.0477294921875},{""class_id"":2,""class_name"":""robot"",""confidence"":0.8286702036857605,""x1"":460.27862548828125,""y1"":200.60214233398438,""x2"":506.04095458984375,""y2"":289.0580749511719}]"
313,9.121954,1.0015670013672207,43.08485899855441,0.7329380005103303,45.276993999999995,54.398948,2,"[{""class_id"":0,""class_name"":""ball"",""confidence"":0.9094917178153992,""x1"":307.97607421875,""y1"":283.2817077636719,""x2"":334.25152587890625,""y2"":312.1791076660156},{""class_id"":2,""class_name"":""robot"",""confidence"":0.8304764628410339,""x1"":460.2821044921875,""y1"":200.98501586914062,""x2"":506.44677734375,""y2"":289.1107482910156}]"
314,0.570114,0.9106460001930827,41.20146800050861,0.7905010006652446,43.309726000000005,43.87984,2,"[{""class_id"":0,""class_name"":""ball"",""confidence"":0.9108560681343079,""x1"":308.1636657714844,""y1"":283.22174072265625,""x2"":334.1979064941406,""y2"":312.03277587890625},{""class_id"":2,""class_name"":""robot"",""confidence"":0.8237273693084717,""x1"":455.9425354003906,""y1"":200.755126953125,""x2"":507.5410461425781,""y2"":290.4222717285156}]"
315,10.7292,0.9896310002659447,41.90977200050838,0.7554830008302815,44.096026,54.825226,2,"[{""class_id"":0,""class_name"":""ball"",""confidence"":0.9110627174377441,""x1"":308.0504150390625,""y1"":283.2364501953125,""x2"":334.0968017578125,""y2"":311.90704345703125},{""class_id"":2,""class_name"":""robot"",""confidence"":0.8261788487434387,""x1"":460.97198486328125,""y1"":200.8433837890625,""x2"":506.00384521484375,""y2"":288.9376220703125}]"
316,0.57862,0.8836340002744691,43.229771001279005,0.740860999940196,45.255229,45.833849,2,"[{""class_id"":0,""class_name"":""ball"",""confidence"":0.9109560251235962,""x1"":308.03411865234375,""y1"":283.1504821777344,""x2"":334.13995361328125,""y2"":312.0764465332031},{""class_id"":2,""class_name"":""robot"",""confidence"":0.8325251936912537,""x1"":460.5400695800781,""y1"":200.96926879882812,""x2"":506.3276062011719,""y2"":289.5306091308594}]"
317,10.00398,1.022395999825676,43.580995001320844,0.7528040005126968,45.80724,55.81122,2,"[{""class_id"":0,""class_name"":""ball"",""confidence"":0.9110904335975647,""x1"":308.11273193359375,""y1"":283.24530029296875,""x2"":334.14654541015625,""y2"":311.915771484375},{""class_id"":2,""class_name"":""robot"",""confidence"":0.8328949213027954,""x1"":455.8258056640625,""y1"":200.52218627929688,""x2"":507.2618408203125,""y2"":291.2466125488281}]"
318,0.582287,1.006249000056414,43.172189998585964,0.7468200001312653,45.347189,45.929476,2,"[{""class_id"":0,""class_name"":""ball"",""confidence"":0.9142964482307434,""x1"":308.04443359375,""y1"":283.02459716796875,""x2"":334.1427001953125,""y2"":311.95074462890625},{""class_id"":2,""class_name"":""robot"",""confidence"":0.8354642391204834,""x1"":460.4151611328125,""y1"":200.852783203125,""x2"":506.29638671875,""y2"":289.4001770019531}]"
319,8.241199,0.9844889991654782,42.40076200039766,0.744467999538756,44.584112,52.825311,2,"[{""class_id"":0,""class_name"":""ball"",""confidence"":0.9080886840820312,""x1"":308.1611328125,""y1"":283.2041931152344,""x2"":334.1219482421875,""y2"":312.0119934082031},{""class_id"":2,""class_name"":""robot"",""confidence"":0.83121657371521,""x1"":455.79205322265625,""y1"":200.62603759765625,""x2"":507.52166748046875,""y2"":290.64581298828125}]"
320,0.573848,0.89425999976811,45.68835399913951,0.7416459993692115,47.735867,48.309715,2,"[{""class_id"":0,""class_name"":""ball"",""confidence"":0.9084960222244263,""x1"":307.9365234375,""y1"":283.129638671875,""x2"":334.11181640625,""y2"":312.0186767578125},{""class_id"":2,""class_name"":""robot"",""confidence"":0.828235924243927,""x1"":455.9639892578125,""y1"":200.87924194335938,""x2"":507.4619140625,""y2"":290.59979248046875}]"
321,7.080531,0.9368700011691544,43.76593400047568,0.7368509996013017,45.890855,52.971386,2,"[{""class_id"":0,""class_name"":""ball"",""confidence"":0.9120088219642639,""x1"":307.9800720214844,""y1"":283.1502685546875,""x2"":334.0398864746094,""y2"":311.999755859375},{""class_id"":2,""class_name"":""robot"",""confidence"":0.8327876925468445,""x1"":460.6699523925781,""y1"":200.71063232421875,""x2"":506.0637512207031,""y2"":289.318115234375}]"
322,0.607154,1.0153550010727486,45.36408199965081,0.787899998613284,47.604921,48.212075,2,"[{""class_id"":0,""class_name"":""ball"",""confidence"":0.9070573449134827,""x1"":307.9765319824219,""y1"":283.1368408203125,""x2"":333.9612731933594,""y2"":312.0194091796875},{""class_id"":2,""class_name"":""robot"",""confidence"":0.8380144238471985,""x1"":460.268798828125,""y1"":200.83380126953125,""x2"":506.49981689453125,""y2"":289.5714111328125}]"
323,9.818383,1.0606659998302348,45.273865000126534,0.7566910007881233,47.55228699999999,57.37067,2,"[{""class_id"":0,""class_name"":""ball"",""confidence"":0.9078793525695801,""x1"":308.0547180175781,""y1"":283.1739196777344,""x2"":334.2849426269531,""y2"":312.1911315917969},{""class_id"":2,""class_name"":""robot"",""confidence"":0.8291684985160828,""x1"":456.16900634765625,""y1"":200.75265502929688,""x2"":507.4193115234375,""y2"":290.3621826171875}]"
324,16.284562,1.1094880010205088,43.42099399946164,0.7513000000471948,45.741808,62.02637,2,"[{""class_id"":0,""class_name"":""ball"",""confidence"":0.9109457731246948,""x1"":307.974365234375,""y1"":283.10052490234375,""x2"":334.0802001953125,""y2"":311.96234130859375},{""class_id"":2,""class_name"":""robot"",""confidence"":0.8332225680351257,""x1"":455.77410888671875,""y1"":200.67193603515625,""x2"":507.38714599609375,""y2"":290.34637451171875}]"
325,0.57763,0.8495489983033622,43.10482299842988,0.7241450002766214,45.105616,45.683246,2,"[{""class_id"":0,""class_name"":""ball"",""confidence"":0.9075319170951843,""x1"":308.07611083984375,""y1"":282.94757080078125,""x2"":334.05377197265625,""y2"":312.05010986328125},{""class_id"":2,""class_name"":""robot"",""confidence"":0.8383249640464783,""x1"":460.41815185546875,""y1"":200.92095947265625,""x2"":506.36724853515625,""y2"":289.5409851074219}]"
326,8.434639,1.0633660003804835,42.64753999996174,0.7649950002814876,44.92649,53.361129,2,"[{""class_id"":0,""class_name"":""ball"",""confidence"":0.908505380153656,""x1"":307.8743896484375,""y1"":283.1111145019531,""x2"":334.0250244140625,""y2"":311.9883728027344},{""class_id"":2,""class_name"":""robot"",""confidence"":0.8295110464096069,""x1"":456.3818054199219,""y1"":200.62814331054688,""x2"":507.1623840332031,""y2"":290.44989013671875}]"
327,0.577808,0.8337100007338449,45.981953999216785,0.7661469990125624,48.002827,48.580635,2,"[{""class_id"":0,""class_name"":""ball"",""confidence"":0.9074897170066833,""x1"":307.8812255859375,""y1"":283.1920166015625,""x2"":334.0196533203125,""y2"":312.01953125},{""class_id"":2,""class_name"":""robot"",""confidence"":0.8287801146507263,""x1"":461.1452331542969,""y1"":200.94473266601562,""x2"":506.0201721191406,""y2"":289.3464660644531}]"
328,6.417906,1.0524970002734335,45.363657000052626,0.7855160001781769,47.66178,54.079686,2,"[{""class_id"":0,""class_name"":""ball"",""confidence"":0.9109808802604675,""x1"":307.9898986816406,""y1"":283.24005126953125,""x2"":334.0330505371094,""y2"":311.98907470703125},{""class_id"":2,""class_name"":""robot"",""confidence"":0.8320106863975525,""x1"":460.408203125,""y1"":201.04330444335938,""x2"":506.423828125,""y2"":289.3114929199219}]"
329,0.602723,0.9199510004691547,43.60889200142992,0.745435001590522,45.69789,46.300613,2,"[{""class_id"":0,""class_name"":""ball"",""confidence"":0.9053915739059448,""x1"":307.88067626953125,""y1"":283.2268981933594,""x2"":334.27899169921875,""y2"":312.1498107910156},{""class_id"":2,""class_name"":""robot"",""confidence"":0.8345329165458679,""x1"":460.0282287597656,""y1"":200.83425903320312,""x2"":506.5719909667969,""y2"":289.2655944824219}]"
330,5.988022,1.0774219990707934,45.010632999037625,0.7529119993705535,47.299081,53.287103,2,"[{""class_id"":0,""class_name"":""ball"",""confidence"":0.9091943502426147,""x1"":308.0574035644531,""y1"":283.24700927734375,""x2"":334.1477966308594,""y2"":311.99932861328125},{""class_id"":2,""class_name"":""robot"",""confidence"":0.8345947861671448,""x1"":455.64501953125,""y1"":200.68289184570312,""x2"":507.36614990234375,""y2"":290.7580871582031}]"
331,0.578206,0.8287250002467772,43.612925001070835,0.7342240005527856,45.587676,46.165882,2,"[{""class_id"":0,""class_name"":""ball"",""confidence"":0.9119606614112854,""x1"":308.1165771484375,""y1"":283.28045654296875,""x2"":334.03558349609375,""y2"":312.14776611328125},{""class_id"":2,""class_name"":""robot"",""confidence"":0.8320561051368713,""x1"":455.65875244140625,""y1"":200.67922973632812,""x2"":506.87823486328125,""y2"":290.6637268066406}]"
332,6.451736,1.0587029992166208,46.00437299995974,0.7990939993760549,48.343149,54.794885,2,"[{""class_id"":0,""class_name"":""ball"",""confidence"":0.9098871350288391,""x1"":308.0374755859375,""y1"":283.3155517578125,""x2"":334.14202880859375,""y2"":312.2919921875},{""class_id"":2,""class_name"":""robot"",""confidence"":0.8344990611076355,""x1"":460.6429443359375,""y1"":201.07147216796875,""x2"":506.65673828125,""y2"":289.1446533203125}]"
333,0.595279,0.9323799986304948,46.95752000043285,0.7450569992215605,49.047148,49.642427,2,"[{""class_id"":0,""class_name"":""ball"",""confidence"":0.906205952167511,""x1"":308.0018615722656,""y1"":283.1400146484375,""x2"":334.1047058105469,""y2"":311.97576904296875},{""class_id"":2,""class_name"":""robot"",""confidence"":0.8378349542617798,""x1"":460.49639892578125,""y1"":200.80221557617188,""x2"":506.66204833984375,""y2"":289.5487060546875}]"
334,5.889044,1.012343000184046,40.098622999721556,0.4475510013435269,41.941814,47.830858,2,"[{""class_id"":0,""class_name"":""ball"",""confidence"":0.9095848202705383,""x1"":308.1103515625,""y1"":283.14593505859375,""x2"":334.0906982421875,""y2"":312.04742431640625},{""class_id"":2,""class_name"":""robot"",""confidence"":0.8359900712966919,""x1"":460.41522216796875,""y1"":200.82565307617188,""x2"":505.93792724609375,""y2"":289.5986022949219}]"
335,22.132808,0.8685430002515204,39.35145399918838,0.42942899926856626,40.983244,63.116052,2,"[{""class_id"":0,""class_name"":""ball"",""confidence"":0.9128297567367554,""x1"":307.9622802734375,""y1"":283.0169982910156,""x2"":334.126953125,""y2"":312.0038757324219},{""class_id"":2,""class_name"":""robot"",""confidence"":0.8384206295013428,""x1"":460.22869873046875,""y1"":200.80755615234375,""x2"":505.95538330078125,""y2"":289.171875}]"
336,0.348053,1.0464219994901214,40.28266800014535,0.7828210000297986,42.4918,42.839853,2,"[{""class_id"":0,""class_name"":""ball"",""confidence"":0.9061946868896484,""x1"":308.005859375,""y1"":283.28466796875,""x2"":334.0938720703125,""y2"":312.052490234375},{""class_id"":2,""class_name"":""robot"",""confidence"":0.8242826461791992,""x1"":460.576904296875,""y1"":200.72225952148438,""x2"":506.183349609375,""y2"":288.9941101074219}]"
337,16.291114,0.9260059996449854,39.9261269994895,0.4423179998411797,41.844252,58.135366,2,"[{""class_id"":0,""class_name"":""ball"",""confidence"":0.9111204147338867,""x1"":308.19940185546875,""y1"":283.17333984375,""x2"":334.05108642578125,""y2"":312.054931640625},{""class_id"":2,""class_name"":""robot"",""confidence"":0.8262932896614075,""x1"":460.59539794921875,""y1"":200.97195434570312,""x2"":506.12628173828125,""y2"":288.666259765625}]"
338,0.34797,0.830049000796862,37.701805000324384,0.4405750005389564,39.306696,39.654666,2,"[{""class_id"":0,""class_name"":""ball"",""confidence"":0.9064938426017761,""x1"":307.94573974609375,""y1"":283.137451171875,""x2"":334.126708984375,""y2"":312.03826904296875},{""class_id"":2,""class_name"":""robot"",""confidence"":0.831018328666687,""x1"":455.56591796875,""y1"":200.74111938476562,""x2"":507.419677734375,""y2"":290.5272521972656}]"
339,18.243007,0.8533969994459767,39.843190999818034,0.42488799954298884,41.463489,59.706496,2,"[{""class_id"":0,""class_name"":""ball"",""confidence"":0.9124852418899536,""x1"":308.26416015625,""y1"":283.24700927734375,""x2"":334.055908203125,""y2"":312.12933349609375},{""class_id"":2,""class_name"":""robot"",""confidence"":0.8287931084632874,""x1"":460.89111328125,""y1"":201.01797485351562,""x2"":506.2332763671875,""y2"":288.7617492675781}]"
340,0.317638,1.1862649989780039,37.632116000168025,0.434642999607604,39.591032999999996,39.908671,2,"[{""class_id"":0,""class_name"":""ball"",""confidence"":0.9093002080917358,""x1"":308.2310791015625,""y1"":283.12115478515625,""x2"":334.02545166015625,""y2"":312.08673095703125},{""class_id"":2,""class_name"":""robot"",""confidence"":0.8333278298377991,""x1"":460.7238464355469,""y1"":200.82998657226562,""x2"":506.8683166503906,""y2"":289.1057434082031}]"
341,18.595658,0.8685909997439012,37.37397599979886,0.4305649999878369,39.009059,57.604717,2,"[{""class_id"":0,""class_name"":""ball"",""confidence"":0.9112685322761536,""x1"":308.15557861328125,""y1"":283.26373291015625,""x2"":334.09771728515625,""y2"":311.94549560546875},{""class_id"":2,""class_name"":""robot"",""confidence"":0.8279100060462952,""x1"":460.5933837890625,""y1"":200.87789916992188,""x2"":505.6275634765625,""y2"":289.1131591796875}]"
342,0.328589,0.6688230005238438,37.53057100038859,0.43772200115199666,38.977294,39.305883,2,"[{""class_id"":0,""class_name"":""ball"",""confidence"":0.9085732698440552,""x1"":307.8921813964844,""y1"":283.23345947265625,""x2"":334.1065979003906,""y2"":311.99603271484375},{""class_id"":2,""class_name"":""robot"",""confidence"":0.8283129930496216,""x1"":460.67315673828125,""y1"":201.0264892578125,""x2"":505.41094970703125,""y2"":289.1230773925781}]"
343,21.631391,0.8692970004631206,41.86307700001635,1.3356999988900498,44.446743000000005,66.078134,2,"[{""class_id"":0,""class_name"":""ball"",""confidence"":0.9115452170372009,""x1"":307.9879455566406,""y1"":283.12408447265625,""x2"":334.1108703613281,""y2"":312.07171630859375},{""class_id"":2,""class_name"":""robot"",""confidence"":0.8280516862869263,""x1"":460.5626220703125,""y1"":200.9732666015625,""x2"":506.3802490234375,""y2"":289.31048583984375}]"
344,0.335414,0.7256930002768058,40.63617500105465,0.4356680001365021,42.118413,42.453827,2,"[{""class_id"":0,""class_name"":""ball"",""confidence"":0.9096567630767822,""x1"":308.1790771484375,""y1"":283.2868347167969,""x2"":334.0257568359375,""y2"":312.1454162597656},{""class_id"":2,""class_name"":""robot"",""confidence"":0.828643798828125,""x1"":456.1041259765625,""y1"":200.72744750976562,""x2"":507.211181640625,""y2"":290.38287353515625}]"
345,17.060117,0.8583180006098701,40.98892600086401,0.4427330004546093,42.619603,59.67972,2,"[{""class_id"":0,""class_name"":""ball"",""confidence"":0.9066612124443054,""x1"":307.9862060546875,""y1"":283.32586669921875,""x2"":334.4053955078125,""y2"":312.12640380859375},{""class_id"":2,""class_name"":""robot"",""confidence"":0.8318682909011841,""x1"":460.323486328125,""y1"":200.989013671875,""x2"":506.2515869140625,""y2"":289.30859375}]"
346,21.27195,0.9119180012930883,37.385964998975396,0.4329999992478406,39.05888,60.33083,2,"[{""class_id"":0,""class_name"":""ball"",""confidence"":0.9084629416465759,""x1"":308.1712341308594,""y1"":283.14556884765625,""x2"":334.0862731933594,""y2"":312.04632568359375},{""class_id"":2,""class_name"":""robot"",""confidence"":0.8279539942741394,""x1"":460.6400146484375,""y1"":200.89395141601562,""x2"":506.17169189453125,""y2"":288.8788757324219}]"
347,0.338111,0.7744660015305271,46.97229700104799,0.7479510004486656,48.87652,49.214631,2,"[{""class_id"":0,""class_name"":""ball"",""confidence"":0.9098958969116211,""x1"":307.9773254394531,""y1"":283.125732421875,""x2"":334.2400817871094,""y2"":312.04742431640625},{""class_id"":2,""class_name"":""robot"",""confidence"":0.8265493512153625,""x1"":461.0325012207031,""y1"":200.92758178710938,""x2"":506.4285583496094,""y2"":289.48699951171875}]"
348,11.745798,0.9408879996044561,43.56236599960539,0.7785059988236753,45.736497,57.482295,2,"[{""class_id"":0,""class_name"":""ball"",""confidence"":0.9135718941688538,""x1"":308.01165771484375,""y1"":283.14093017578125,""x2"":334.0787353515625,""y2"":311.97808837890625},{""class_id"":2,""class_name"":""robot"",""confidence"":0.8294645547866821,""x1"":460.4139404296875,""y1"":201.03683471679688,""x2"":506.50250244140625,""y2"":288.6996765136719}]"
349,0.607704,0.9505140005785506,45.18775900032779,0.753882000935846,47.320449,47.928153,2,"[{""class_id"":0,""class_name"":""ball"",""confidence"":0.9118735790252686,""x1"":308.02825927734375,""y1"":283.24334716796875,""x2"":334.11383056640625,""y2"":312.02545166015625},{""class_id"":2,""class_name"":""robot"",""confidence"":0.8277426958084106,""x1"":461.26458740234375,""y1"":200.958984375,""x2"":506.3594970703125,""y2"":288.9705810546875}]"
350,6.207635,1.0340909993828973,40.95830599908368,0.8475939994241344,43.339754,49.547389,2,"[{""class_id"":0,""class_name"":""ball"",""confidence"":0.9102461934089661,""x1"":308.093017578125,""y1"":283.2225341796875,""x2"":334.189208984375,""y2"":312.139404296875},{""class_id"":2,""class_name"":""robot"",""confidence"":0.8342837691307068,""x1"":460.05413818359375,""y1"":200.98919677734375,""x2"":506.09393310546875,""y2"":289.2144470214844}]"
351,0.597731,0.8568039993406273,40.64477300016733,0.7365460005530622,42.643812,43.241543,2,"[{""class_id"":0,""class_name"":""ball"",""confidence"":0.9114257097244263,""x1"":308.06402587890625,""y1"":283.2081298828125,""x2"":334.17645263671875,""y2"":312.1297607421875},{""class_id"":2,""class_name"":""robot"",""confidence"":0.8398396968841553,""x1"":460.2388610839844,""y1"":200.69357299804688,""x2"":506.6471252441406,""y2"":289.5242919921875}]"
352,13.422183,1.0937870010820916,36.8044809983985,0.4492549996939488,38.751850000000005,52.174033,2,"[{""class_id"":0,""class_name"":""ball"",""confidence"":0.9085146188735962,""x1"":308.032470703125,""y1"":283.22955322265625,""x2"":334.2803955078125,""y2"":312.14349365234375},{""class_id"":2,""class_name"":""robot"",""confidence"":0.8298790454864502,""x1"":461.15728759765625,""y1"":200.77899169921875,""x2"":507.04327392578125,""y2"":289.1842041015625}]"
353,0.325575,0.7955450000736164,36.275775000831345,0.4271689995221095,37.838966,38.164541,2,"[{""class_id"":0,""class_name"":""ball"",""confidence"":0.9078363180160522,""x1"":307.9365234375,""y1"":283.15728759765625,""x2"":334.17413330078125,""y2"":312.04010009765625},{""class_id"":2,""class_name"":""robot"",""confidence"":0.8268167972564697,""x1"":460.85638427734375,""y1"":200.91116333007812,""x2"":506.14202880859375,""y2"":288.8775329589844}]"
354,0.372796,0.7372389991360251,39.193197999338736,0.43819799975608476,40.698307,41.071103,2,"[{""class_id"":0,""class_name"":""ball"",""confidence"":0.9121571779251099,""x1"":308.08447265625,""y1"":283.233154296875,""x2"":334.19537353515625,""y2"":312.04949951171875},{""class_id"":2,""class_name"":""robot"",""confidence"":0.8310123085975647,""x1"":460.59918212890625,""y1"":200.95278930664062,""x2"":505.77972412109375,""y2"":289.1527099609375}]"
355,17.804945,1.016752999930759,36.34233599950676,0.4328680006437935,38.114084000000005,55.919029,2,"[{""class_id"":0,""class_name"":""ball"",""confidence"":0.9133644700050354,""x1"":308.027587890625,""y1"":283.152099609375,""x2"":334.131103515625,""y2"":312.14422607421875},{""class_id"":2,""class_name"":""robot"",""confidence"":0.8269970417022705,""x1"":455.80975341796875,""y1"":200.52792358398438,""x2"":507.68243408203125,""y2"":290.7262268066406}]"
356,0.334958,0.7235859993670601,38.30602599919075,0.43399599962867796,39.807771,40.142729,2,"[{""class_id"":0,""class_name"":""ball"",""confidence"":0.910287618637085,""x1"":308.01824951171875,""y1"":283.20513916015625,""x2"":334.21771240234375,""y2"":311.97259521484375},{""class_id"":2,""class_name"":""robot"",""confidence"":0.8282576203346252,""x1"":460.8331298828125,""y1"":200.850830078125,""x2"":506.2545166015625,""y2"":289.0802001953125}]"
357,21.473425,0.8498050010530278,37.49728500042693,0.4254240011505317,39.105324,60.578749,2,"[{""class_id"":0,""class_name"":""ball"",""confidence"":0.9106086492538452,""x1"":308.12664794921875,""y1"":283.21142578125,""x2"":334.13995361328125,""y2"":311.94683837890625},{""class_id"":2,""class_name"":""robot"",""confidence"":0.8381652235984802,""x1"":460.31622314453125,""y1"":200.8074951171875,""x2"":506.98968505859375,""y2"":289.2200927734375}]"
358,0.324372,0.7146579991967883,35.62802099986584,0.4330480005592108,37.132607,37.456979,2,"[{""class_id"":0,""class_name"":""ball"",""confidence"":0.9098007082939148,""x1"":308.1779479980469,""y1"":283.24285888671875,""x2"":333.9175109863281,""y2"":312.11376953125},{""class_id"":2,""class_name"":""robot"",""confidence"":0.8360618352890015,""x1"":460.248779296875,""y1"":201.0306396484375,""x2"":506.26348876953125,""y2"":289.51654052734375}]"
359,23.519056,0.865739999426296,38.74111200093466,0.41417400097998325,40.364648,63.883704,2,"[{""class_id"":0,""class_name"":""ball"",""confidence"":0.9077670574188232,""x1"":308.08551025390625,""y1"":283.15631103515625,""x2"":334.12994384765625,""y2"":312.00506591796875},{""class_id"":2,""class_name"":""robot"",""confidence"":0.8358041048049927,""x1"":460.1934509277344,""y1"":200.90328979492188,""x2"":506.3117370605469,""y2"":289.4970703125}]"
360,0.304558,0.7071220006764634,40.18739899947832,0.44449100096244365,41.670872,41.97543,2,"[{""class_id"":0,""class_name"":""ball"",""confidence"":0.908595085144043,""x1"":308.05419921875,""y1"":283.1933288574219,""x2"":334.13336181640625,""y2"":311.9990539550781},{""class_id"":2,""class_name"":""robot"",""confidence"":0.8307187557220459,""x1"":456.653076171875,""y1"":200.61083984375,""x2"":507.3118896484375,""y2"":290.6729736328125}]"
361,17.617609,0.8755199996812735,38.26723900056095,0.4330970004957635,39.912259999999996,57.529869,2,"[{""class_id"":0,""class_name"":""ball"",""confidence"":0.9122160077095032,""x1"":308.03900146484375,""y1"":283.1678466796875,""x2"":334.13409423828125,""y2"":312.2738037109375},{""class_id"":2,""class_name"":""robot"",""confidence"":0.8310825228691101,""x1"":460.51434326171875,""y1"":200.88778686523438,""x2"":506.02593994140625,""y2"":289.49053955078125}]"
362,0.318883,0.7130949998099823,39.50876899943978,0.4349940008978592,41.018227,41.33711,2,"[{""class_id"":0,""class_name"":""ball"",""confidence"":0.9105332493782043,""x1"":308.020751953125,""y1"":283.12652587890625,""x2"":334.1962890625,""y2"":311.91412353515625},{""class_id"":2,""class_name"":""robot"",""confidence"":0.8324928879737854,""x1"":460.7562255859375,""y1"":200.91806030273438,""x2"":506.3953857421875,""y2"":288.9941101074219}]"
363,18.731787,0.8453310001641512,42.29367399966577,1.4477590011665598,44.972837,63.704624,2,"[{""class_id"":0,""class_name"":""ball"",""confidence"":0.9098976850509644,""x1"":308.0411071777344,""y1"":283.2230224609375,""x2"":334.1623229980469,""y2"":312.03411865234375},{""class_id"":2,""class_name"":""robot"",""confidence"":0.8274969458580017,""x1"":460.68719482421875,""y1"":200.8773193359375,""x2"":506.12493896484375,""y2"":289.1655578613281}]"
364,0.59808,0.8864920000632992,42.52638800062414,0.7397549998131581,44.561577,45.159657,2,"[{""class_id"":0,""class_name"":""ball"",""confidence"":0.9106018543243408,""x1"":307.97198486328125,""y1"":283.2789306640625,""x2"":334.07269287109375,""y2"":311.9561767578125},{""class_id"":2,""class_name"":""robot"",""confidence"":0.8292328119277954,""x1"":460.8927001953125,""y1"":200.85089111328125,""x2"":506.0262451171875,""y2"":288.7102355957031}]"
365,9.848443,1.0230060015601339,42.71525100011786,0.8172750003723195,45.006699999999995,54.855143,2,"[{""class_id"":0,""class_name"":""ball"",""confidence"":0.9110572338104248,""x1"":307.998779296875,""y1"":283.1758117675781,""x2"":334.09765625,""y2"":312.0780334472656},{""class_id"":2,""class_name"":""robot"",""confidence"":0.8223956823348999,""x1"":456.16790771484375,""y1"":200.705810546875,""x2"":507.30938720703125,""y2"":290.085205078125}]"
366,0.581663,0.9174530005111592,40.395534999333904,0.6013249985699076,42.267521,42.849184,2,"[{""class_id"":0,""class_name"":""ball"",""confidence"":0.9095266461372375,""x1"":308.03729248046875,""y1"":283.1922302246094,""x2"":334.20355224609375,""y2"":312.0332946777344},{""class_id"":2,""class_name"":""robot"",""confidence"":0.8389285206794739,""x1"":460.2813720703125,""y1"":200.9063720703125,""x2"":506.4410400390625,""y2"":289.1261901855469}]"
367,12.050731,1.0230779989797156,45.14958400068281,0.8208759991248371,47.42343,59.474161,2,"[{""class_id"":0,""class_name"":""ball"",""confidence"":0.9101759791374207,""x1"":308.20855712890625,""y1"":283.134033203125,""x2"":333.97064208984375,""y2"":312.044921875},{""class_id"":2,""class_name"":""robot"",""confidence"":0.8338102698326111,""x1"":460.3813171386719,""y1"":200.9193115234375,""x2"":506.1732482910156,""y2"":289.50634765625}]"
368,0.567918,0.9026040006574476,42.668915000831475,0.7347030004893895,44.705614000000004,45.273532,2,"[{""class_id"":0,""class_name"":""ball"",""confidence"":0.91189044713974,""x1"":308.0376281738281,""y1"":283.29034423828125,""x2"":334.2198791503906,""y2"":312.142333984375},{""class_id"":2,""class_name"":""robot"",""confidence"":0.8311828970909119,""x1"":460.68902587890625,""y1"":200.8514404296875,""x2"":506.33465576171875,""y2"":289.5293884277344}]"
369,7.261925,0.9989749996748287,45.11766500036174,0.8563050014345208,47.455482,54.717407,2,"[{""class_id"":0,""class_name"":""ball"",""confidence"":0.9112416505813599,""x1"":307.99322509765625,""y1"":283.1289367675781,""x2"":334.13275146484375,""y2"":312.0163879394531},{""class_id"":2,""class_name"":""robot"",""confidence"":0.8377177119255066,""x1"":458.0618896484375,""y1"":201.08718872070312,""x2"":507.2315673828125,""y2"":290.1717224121094}]"
370,0.602429,0.9050839998963056,41.21968499930517,0.4349190003267722,42.930928,43.533357,2,"[{""class_id"":0,""class_name"":""ball"",""confidence"":0.9126745462417603,""x1"":308.0927734375,""y1"":283.23968505859375,""x2"":334.1217041015625,""y2"":311.9619140625},{""class_id"":2,""class_name"":""robot"",""confidence"":0.8369582891464233,""x1"":460.5924987792969,""y1"":200.95953369140625,""x2"":506.4165344238281,""y2"":288.7459716796875}]"
371,8.775231,0.9150480000243988,37.99674099900585,0.4881629993178649,39.739697,48.514928,2,"[{""class_id"":0,""class_name"":""ball"",""confidence"":0.9081592559814453,""x1"":308.08538818359375,""y1"":283.22174072265625,""x2"":334.170654296875,""y2"":311.98187255859375},{""class_id"":2,""class_name"":""robot"",""confidence"":0.8330059051513672,""x1"":460.5550231933594,""y1"":200.92083740234375,""x2"":506.5616760253906,""y2"":289.48272705078125}]"
372,0.314975,0.7194879999588011,37.696646999393124,0.45061999844620004,39.209601000000006,39.524576,2,"[{""class_id"":0,""class_name"":""ball"",""confidence"":0.9079599976539612,""x1"":307.96173095703125,""y1"":283.1775207519531,""x2"":334.08026123046875,""y2"":312.0412902832031},{""class_id"":2,""class_name"":""robot"",""confidence"":0.8327113389968872,""x1"":455.85040283203125,""y1"":200.67880249023438,""x2"":507.41217041015625,""y2"":290.96002197265625}]"
373,20.715337,0.8590770012233406,37.99764799987315,0.4349819992057746,39.622133000000005,60.33747,2,"[{""class_id"":0,""class_name"":""ball"",""confidence"":0.9100517630577087,""x1"":307.97381591796875,""y1"":283.191650390625,""x2"":334.126220703125,""y2"":312.04119873046875},{""class_id"":2,""class_name"":""robot"",""confidence"":0.8301490545272827,""x1"":460.2071533203125,""y1"":200.93972778320312,""x2"":506.18218994140625,""y2"":289.13543701171875}]"
374,0.320963,0.8490959990012925,37.851109000257566,0.43207100134168286,39.486951,39.807914,2,"[{""class_id"":0,""class_name"":""ball"",""confidence"":0.9083711504936218,""x1"":308.0556640625,""y1"":283.2764892578125,""x2"":334.062255859375,""y2"":311.973876953125},{""class_id"":2,""class_name"":""robot"",""confidence"":0.8385357856750488,""x1"":460.47052001953125,""y1"":200.85906982421875,""x2"":506.9605712890625,""y2"":289.9900817871094}]"
375,20.535824,0.8519060011167312,39.110066998546245,0.44356899888953194,40.737532,61.273356,2,"[{""class_id"":0,""class_name"":""ball"",""confidence"":0.9117268323898315,""x1"":307.9947509765625,""y1"":283.2107238769531,""x2"":334.07672119140625,""y2"":312.1562194824219},{""class_id"":2,""class_name"":""robot"",""confidence"":0.8276625871658325,""x1"":460.806396484375,""y1"":200.87234497070312,""x2"":505.8287353515625,""y2"":288.98211669921875}]"
376,0.313358,0.7090799990692176,40.739451000263216,0.43008100146835204,42.202225,42.515583,2,"[{""class_id"":0,""class_name"":""ball"",""confidence"":0.9069682955741882,""x1"":308.0863037109375,""y1"":283.1614685058594,""x2"":334.1728515625,""y2"":312.1944885253906},{""class_id"":2,""class_name"":""robot"",""confidence"":0.8351108431816101,""x1"":460.0405578613281,""y1"":200.9952392578125,""x2"":506.2785949707031,""y2"":289.41998291015625}]"
377,16.694061,0.8794549994490808,38.960335001320345,0.4391759994177846,40.599835999999996,57.293897,2,"[{""class_id"":0,""class_name"":""ball"",""confidence"":0.9094080328941345,""x1"":308.01885986328125,""y1"":283.318359375,""x2"":334.17120361328125,""y2"":312.0006103515625},{""class_id"":2,""class_name"":""robot"",""confidence"":0.8329015374183655,""x1"":460.8232421875,""y1"":200.78958129882812,""x2"":506.6109619140625,""y2"":289.1064758300781}]"
378,0.319449,0.709597999957623,38.489073998789536,0.440227000581217,39.967961,40.28741,2,"[{""class_id"":0,""class_name"":""ball"",""confidence"":0.9091216325759888,""x1"":308.095947265625,""y1"":283.23712158203125,""x2"":334.06298828125,""y2"":312.07757568359375},{""class_id"":2,""class_name"":""robot"",""confidence"":0.8311069011688232,""x1"":455.680908203125,""y1"":200.62164306640625,""x2"":506.9666748046875,""y2"":290.93548583984375}]"
379,22.953917,0.8867079995980021,42.096968998521334,0.4983849994459888,43.82440299999999,66.77832,2,"[{""class_id"":0,""class_name"":""ball"",""confidence"":0.9132494330406189,""x1"":308.05694580078125,""y1"":283.20916748046875,""x2"":334.01007080078125,""y2"":312.06658935546875},{""class_id"":2,""class_name"":""robot"",""confidence"":0.8397558927536011,""x1"":460.4174499511719,""y1"":200.68923950195312,""x2"":506.4906921386719,""y2"":289.0824279785156}]"
380,19.929596,0.8831569994072197,36.692399999083136,0.4274689999874681,38.355624000000006,58.28522,2,"[{""class_id"":0,""class_name"":""ball"",""confidence"":0.9113619327545166,""x1"":307.9910888671875,""y1"":283.18572998046875,""x2"":334.2030029296875,""y2"":311.9925537109375},{""class_id"":2,""class_name"":""robot"",""confidence"":0.8321391940116882,""x1"":460.190185546875,""y1"":200.76547241210938,""x2"":506.4808349609375,""y2"":288.9122009277344}]"
381,0.338477,0.9042210003826767,37.176294999881065,0.4280320008547278,38.857616,39.196093,2,"[{""class_id"":0,""class_name"":""ball"",""confidence"":0.9065682888031006,""x1"":307.9469299316406,""y1"":283.2933044433594,""x2"":334.2499084472656,""y2"":312.1225891113281},{""class_id"":2,""class_name"":""robot"",""confidence"":0.8281438946723938,""x1"":460.67230224609375,""y1"":200.92767333984375,""x2"":505.93475341796875,""y2"":289.336669921875}]"
382,22.421226,0.8426169988524634,37.57754800062685,0.4846140000154264,39.342901,61.764127,2,"[{""class_id"":0,""class_name"":""ball"",""confidence"":0.9088538885116577,""x1"":307.98455810546875,""y1"":283.17608642578125,""x2"":334.07025146484375,""y2"":312.0003662109375},{""class_id"":2,""class_name"":""robot"",""confidence"":0.8276493549346924,""x1"":460.87091064453125,""y1"":201.02804565429688,""x2"":506.14324951171875,""y2"":288.9954528808594}]"
383,0.423422,0.7553929990535835,36.99700600009237,0.4433289996086387,38.590055,39.013477,2,"[{""class_id"":0,""class_name"":""ball"",""confidence"":0.9114149808883667,""x1"":308.01129150390625,""y1"":283.22381591796875,""x2"":334.10174560546875,""y2"":312.01873779296875},{""class_id"":2,""class_name"":""robot"",""confidence"":0.8435153365135193,""x1"":459.78192138671875,""y1"":200.9197998046875,""x2"":506.66265869140625,""y2"":289.40582275390625}]"
384,21.528378,0.8323160000145435,42.76023000056739,0.7313089990930166,44.71907,66.247448,2,"[{""class_id"":0,""class_name"":""ball"",""confidence"":0.9110138416290283,""x1"":308.1063537597656,""y1"":283.231689453125,""x2"":334.1036071777344,""y2"":312.072021484375},{""class_id"":2,""class_name"":""robot"",""confidence"":0.8281328082084656,""x1"":456.6376647949219,""y1"":200.74481201171875,""x2"":507.5738830566406,""y2"":290.1533203125}]"
385,0.569601,0.927187998968293,42.5888270001451,0.7463839992851717,44.666473,45.236074,2,"[{""class_id"":0,""class_name"":""ball"",""confidence"":0.909361720085144,""x1"":308.21685791015625,""y1"":283.22015380859375,""x2"":334.10406494140625,""y2"":312.01678466796875},{""class_id"":2,""class_name"":""robot"",""confidence"":0.8280728459358215,""x1"":460.5714416503906,""y1"":201.23849487304688,""x2"":506.3574523925781,""y2"":289.4386901855469}]"
386,10.313282,1.1297760011075297,42.651447000025655,0.7472409997717477,44.980646,55.293928,2,"[{""class_id"":0,""class_name"":""ball"",""confidence"":0.9101963639259338,""x1"":308.001708984375,""y1"":283.2369384765625,""x2"":334.1715087890625,""y2"":312.05743408203125},{""class_id"":2,""class_name"":""robot"",""confidence"":0.8276494741439819,""x1"":460.6239013671875,""y1"":200.78286743164062,""x2"":505.7401123046875,""y2"":289.1273498535156}]"
387,0.621525,0.8797439986665267,41.527788000166765,0.7361650004895637,43.552844,44.174369,2,"[{""class_id"":0,""class_name"":""ball"",""confidence"":0.9072731137275696,""x1"":308.15594482421875,""y1"":283.1708679199219,""x2"":334.00689697265625,""y2"":312.0627746582031},{""class_id"":2,""class_name"":""robot"",""confidence"":0.829035758972168,""x1"":461.0998840332031,""y1"":200.92657470703125,""x2"":506.3143005371094,""y2"":288.92431640625}]"
388,10.649259,0.9975850007322151,44.62228400007007,0.7703279989073053,46.827971,57.47723,2,"[{""class_id"":0,""class_name"":""ball"",""confidence"":0.9072713255882263,""x1"":308.357666015625,""y1"":283.27215576171875,""x2"":334.2652587890625,""y2"":312.15447998046875},{""class_id"":2,""class_name"":""robot"",""confidence"":0.8348314166069031,""x1"":460.4945068359375,""y1"":200.89117431640625,""x2"":506.2779541015625,""y2"":289.19873046875}]"
389,0.579673,0.9135379987128545,42.51426200062269,0.7830519989511231,44.624302,45.203975,2,"[{""class_id"":0,""class_name"":""ball"",""confidence"":0.9097883701324463,""x1"":308.17938232421875,""y1"":283.1260986328125,""x2"":334.23785400390625,""y2"":312.025634765625},{""class_id"":2,""class_name"":""robot"",""confidence"":0.8300209641456604,""x1"":455.72369384765625,""y1"":200.6767578125,""x2"":507.52008056640625,""y2"":290.33538818359375}]"
390,11.952885,0.9401099996466655,43.80471300100908,0.7832770006643841,45.952175,57.90506,2,"[{""class_id"":0,""class_name"":""ball"",""confidence"":0.9085719585418701,""x1"":308.1739501953125,""y1"":283.1688232421875,""x2"":334.0653076171875,""y2"":312.0068359375},{""class_id"":2,""class_name"":""robot"",""confidence"":0.8348453640937805,""x1"":460.40582275390625,""y1"":200.62405395507812,""x2"":506.45416259765625,""y2"":288.7901306152344}]"
391,18.024705,1.0030749999714317,36.821081999732996,0.4626040008588461,38.77231999999999,56.797025,2,"[{""class_id"":0,""class_name"":""ball"",""confidence"":0.9098606109619141,""x1"":308.0789794921875,""y1"":283.026123046875,""x2"":334.0780029296875,""y2"":312.0650634765625},{""class_id"":2,""class_name"":""robot"",""confidence"":0.8281866908073425,""x1"":461.02679443359375,""y1"":200.7452392578125,""x2"":506.71783447265625,""y2"":289.210205078125}]"
392,0.32487,0.7261200007633306,36.80263000023842,0.44488200001069345,38.319414,38.644284,2,"[{""class_id"":0,""class_name"":""ball"",""confidence"":0.9113869667053223,""x1"":308.049560546875,""y1"":283.1798095703125,""x2"":334.076171875,""y2"":311.974853515625},{""class_id"":2,""class_name"":""robot"",""confidence"":0.8356841802597046,""x1"":460.63079833984375,""y1"":200.72760009765625,""x2"":506.4022216796875,""y2"":289.2021179199219}]"
393,22.505368,0.8803349992376752,36.397763000422856,0.43666200144798495,38.057964,60.563332,2,"[{""class_id"":0,""class_name"":""ball"",""confidence"":0.9084888100624084,""x1"":308.10809326171875,""y1"":283.209228515625,""x2"":334.17657470703125,""y2"":311.96856689453125},{""class_id"":2,""class_name"":""robot"",""confidence"":0.8272078633308411,""x1"":456.32391357421875,""y1"":200.88241577148438,""x2"":507.54107666015625,""y2"":290.4821472167969}]"
394,0.331902,0.7269100005942164,37.88442299992312,0.438721999671543,39.384328000000004,39.71623,2,"[{""class_id"":0,""class_name"":""ball"",""confidence"":0.9127981066703796,""x1"":307.860595703125,""y1"":283.0958251953125,""x2"":334.07763671875,""y2"":312.080810546875},{""class_id"":2,""class_name"":""robot"",""confidence"":0.8353587985038757,""x1"":460.48699951171875,""y1"":200.77896118164062,""x2"":506.59307861328125,""y2"":289.34332275390625}]"
395,22.183794,0.8708040004421491,43.21917599918379,0.791118000051938,45.323354,67.507148,2,"[{""class_id"":0,""class_name"":""ball"",""confidence"":0.9096108078956604,""x1"":308.12738037109375,""y1"":283.26324462890625,""x2"":334.21331787109375,""y2"":312.15130615234375},{""class_id"":2,""class_name"":""robot"",""confidence"":0.8314077258110046,""x1"":460.82244873046875,""y1"":201.08468627929688,""x2"":506.00677490234375,""y2"":289.39398193359375}]"
396,0.638057,0.9391240000695689,42.445809000128065,0.7466349998139776,44.564415999999994,45.202473,2,"[{""class_id"":0,""class_name"":""ball"",""confidence"":0.908879816532135,""x1"":308.0303955078125,""y1"":283.06585693359375,""x2"":334.1279296875,""y2"":311.99224853515625},{""class_id"":2,""class_name"":""robot"",""confidence"":0.8263930082321167,""x1"":460.830810546875,""y1"":200.79940795898438,""x2"":505.8770751953125,""y2"":289.1875915527344}]"
397,9.415172,0.9597389998816652,40.985147999890614,0.849149000714533,43.247817000000005,52.662989,2,"[{""class_id"":0,""class_name"":""ball"",""confidence"":0.9121659994125366,""x1"":308.07867431640625,""y1"":283.1560363769531,""x2"":334.06549072265625,""y2"":311.9751281738281},{""class_id"":2,""class_name"":""robot"",""confidence"":0.832212507724762,""x1"":455.6248779296875,""y1"":200.83251953125,""x2"":507.4542236328125,""y2"":290.8238525390625}]"
398,0.572294,0.9107280002353946,37.091923999469145,0.45229399984236807,38.810691,39.382985,2,"[{""class_id"":0,""class_name"":""ball"",""confidence"":0.9088925123214722,""x1"":307.935791015625,""y1"":283.26611328125,""x2"":334.1529541015625,""y2"":312.161865234375},{""class_id"":2,""class_name"":""robot"",""confidence"":0.8431756496429443,""x1"":460.34918212890625,""y1"":200.63113403320312,""x2"":506.75445556640625,""y2"":289.4220275878906}]"
399,17.228005,0.9282909995818045,40.65779300071881,0.7841839997126954,42.791309,60.019314,2,"[{""class_id"":0,""class_name"":""ball"",""confidence"":0.9084134697914124,""x1"":308.174072265625,""y1"":283.208984375,""x2"":334.17559814453125,""y2"":311.9000244140625},{""class_id"":2,""class_name"":""robot"",""confidence"":0.8340370655059814,""x1"":460.3770751953125,""y1"":201.012451171875,""x2"":506.480712890625,""y2"":289.4695129394531}]"
400,0.619335,1.0677790014597122,43.83843200048432,0.7392099996650359,46.067022,46.686357,2,"[{""class_id"":0,""class_name"":""ball"",""confidence"":0.9139522314071655,""x1"":308.088134765625,""y1"":283.0673828125,""x2"":334.0439453125,""y2"":311.98779296875},{""class_id"":2,""class_name"":""robot"",""confidence"":0.8261103630065918,""x1"":456.3232421875,""y1"":200.8076171875,""x2"":506.90301513671875,""y2"":290.46600341796875}]"
401,10.538822,1.0830909996002447,42.13149600036559,0.747381000110181,44.421356,54.960178,2,"[{""class_id"":0,""class_name"":""ball"",""confidence"":0.9060512781143188,""x1"":308.1131591796875,""y1"":283.2294921875,""x2"":334.07275390625,""y2"":312.004638671875},{""class_id"":2,""class_name"":""robot"",""confidence"":0.8389977216720581,""x1"":460.4297180175781,""y1"":200.86236572265625,""x2"":506.4956970214844,""y2"":289.50762939453125}]"
402,0.687419,0.9158650009339908,43.96313699908205,0.8345959995494923,46.180933,46.868352,2,"[{""class_id"":0,""class_name"":""ball"",""confidence"":0.9126700758934021,""x1"":308.015625,""y1"":283.09393310546875,""x2"":334.140625,""y2"":311.95843505859375},{""class_id"":2,""class_name"":""robot"",""confidence"":0.8288766741752625,""x1"":456.14947509765625,""y1"":200.70523071289062,""x2"":507.44927978515625,""y2"":290.8181457519531}]"
403,12.626079,0.9941990010702284,44.29199100013648,0.7512089996453142,46.474019,59.100098,2,"[{""class_id"":0,""class_name"":""ball"",""confidence"":0.9083092212677002,""x1"":307.97344970703125,""y1"":283.11151123046875,""x2"":334.01727294921875,""y2"":312.08856201171875},{""class_id"":2,""class_name"":""robot"",""confidence"":0.8266434073448181,""x1"":461.00567626953125,""y1"":200.77395629882812,""x2"":506.17828369140625,""y2"":289.08184814453125}]"
404,17.666925,0.8892070000001695,34.98097299961955,0.43857099990418646,36.834734,54.501659,2,"[{""class_id"":0,""class_name"":""ball"",""confidence"":0.9062890410423279,""x1"":307.8749694824219,""y1"":283.1298828125,""x2"":334.0553894042969,""y2"":311.96697998046875},{""class_id"":2,""class_name"":""robot"",""confidence"":0.8272601366043091,""x1"":460.8702087402344,""y1"":200.88442993164062,""x2"":506.1626281738281,""y2"":289.25872802734375}]"
405,0.33197,0.6964080002944684,35.56260100049258,0.5052979995525675,37.15685,37.48882,2,"[{""class_id"":0,""class_name"":""ball"",""confidence"":0.9088361859321594,""x1"":308.15093994140625,""y1"":283.1992492675781,""x2"":334.08282470703125,""y2"":312.0608825683594},{""class_id"":2,""class_name"":""robot"",""confidence"":0.8287456035614014,""x1"":460.9810791015625,""y1"":200.68890380859375,""x2"":506.1629638671875,""y2"":289.05279541015625}]"
406,25.359361,0.8494520006934181,44.388529000571,0.44573699960892554,46.0228,71.382161,2,"[{""class_id"":0,""class_name"":""ball"",""confidence"":0.9129846692085266,""x1"":308.13775634765625,""y1"":283.3211669921875,""x2"":334.1383056640625,""y2"":312.1641845703125},{""class_id"":2,""class_name"":""robot"",""confidence"":0.8221601843833923,""x1"":461.10003662109375,""y1"":200.76080322265625,""x2"":506.28326416015625,""y2"":289.08477783203125}]"
407,0.324952,0.8060330001171678,39.64999600066221,0.7623769997735508,41.601687,41.926639,2,"[{""class_id"":0,""class_name"":""ball"",""confidence"":0.9101515412330627,""x1"":308.21588134765625,""y1"":283.19708251953125,""x2"":334.19549560546875,""y2"":312.0125732421875},{""class_id"":2,""class_name"":""robot"",""confidence"":0.8298619985580444,""x1"":460.43280029296875,""y1"":200.87213134765625,""x2"":506.08380126953125,""y2"":288.91400146484375}]"
408,12.007468,1.1332199992466485,42.66649300006975,0.7453980015270645,45.007484000000005,57.014952,2,"[{""class_id"":0,""class_name"":""ball"",""confidence"":0.9081801176071167,""x1"":308.15582275390625,""y1"":283.27374267578125,""x2"":334.30938720703125,""y2"":312.16253662109375},{""class_id"":2,""class_name"":""robot"",""confidence"":0.8300905823707581,""x1"":460.69903564453125,""y1"":200.84957885742188,""x2"":506.50592041015625,""y2"":289.0137023925781}]"
409,0.574707,0.9174629994959105,45.0266379993991,0.7816630004526814,47.140924000000005,47.715631,2,"[{""class_id"":0,""class_name"":""ball"",""confidence"":0.9056713581085205,""x1"":307.9573974609375,""y1"":283.0841064453125,""x2"":334.12506103515625,""y2"":311.9608154296875},{""class_id"":2,""class_name"":""robot"",""confidence"":0.8345938324928284,""x1"":460.54095458984375,""y1"":200.8388671875,""x2"":506.25103759765625,""y2"":289.25244140625}]"
410,7.275982,1.00382799973886,42.591539000568446,0.781964001362212,44.837247,52.113229,2,"[{""class_id"":0,""class_name"":""ball"",""confidence"":0.9089668989181519,""x1"":307.96990966796875,""y1"":283.1855163574219,""x2"":334.03076171875,""y2"":312.0061340332031},{""class_id"":2,""class_name"":""robot"",""confidence"":0.8359353542327881,""x1"":460.34393310546875,""y1"":201.14151000976562,""x2"":506.62054443359375,""y2"":289.2298278808594}]"
411,0.574318,0.8826049997878727,43.576080999628175,0.7385740009340225,45.623392,46.19771,2,"[{""class_id"":0,""class_name"":""ball"",""confidence"":0.9085925817489624,""x1"":307.963134765625,""y1"":283.24896240234375,""x2"":334.0362548828125,""y2"":312.06549072265625},{""class_id"":2,""class_name"":""robot"",""confidence"":0.8366685509681702,""x1"":460.68475341796875,""y1"":200.95095825195312,""x2"":506.51666259765625,""y2"":289.4924011230469}]"
412,8.901032,1.0136519995285198,43.44560800018371,0.7467609993909718,45.662692,54.563724,2,"[{""class_id"":0,""class_name"":""ball"",""confidence"":0.9095901846885681,""x1"":308.0787658691406,""y1"":283.2761535644531,""x2"":334.2002868652344,""y2"":312.1439514160156},{""class_id"":2,""class_name"":""robot"",""confidence"":0.8304716944694519,""x1"":460.6220397949219,""y1"":200.9581298828125,""x2"":505.8460998535156,""y2"":288.89129638671875}]"
413,0.616045,0.8966759996837936,45.51880699909816,0.7419789999403292,47.576163,48.192208,2,"[{""class_id"":0,""class_name"":""ball"",""confidence"":0.9090734720230103,""x1"":307.89520263671875,""y1"":283.1033935546875,""x2"":334.125,""y2"":312.034912109375},{""class_id"":2,""class_name"":""robot"",""confidence"":0.8325791358947754,""x1"":460.270751953125,""y1"":200.86141967773438,""x2"":506.289306640625,""y2"":289.04254150390625}]"
414,9.953417,1.0153139992326032,44.00101000101131,0.7479760006390279,46.208648,56.162065,2,"[{""class_id"":0,""class_name"":""ball"",""confidence"":0.9064212441444397,""x1"":308.302001953125,""y1"":283.327392578125,""x2"":334.2288818359375,""y2"":311.9227294921875},{""class_id"":2,""class_name"":""robot"",""confidence"":0.8306466937065125,""x1"":460.41632080078125,""y1"":200.8944091796875,""x2"":506.024169921875,""y2"":289.0635986328125}]"
415,17.941251,0.8917630002542865,37.19202199863503,0.44095500015828293,39.069148999999996,57.0104,2,"[{""class_id"":0,""class_name"":""ball"",""confidence"":0.9085736870765686,""x1"":308.12451171875,""y1"":283.23724365234375,""x2"":334.2630615234375,""y2"":312.30914306640625},{""class_id"":2,""class_name"":""robot"",""confidence"":0.8177973031997681,""x1"":456.24298095703125,""y1"":200.57794189453125,""x2"":506.86260986328125,""y2"":290.5570373535156}]"
416,0.320979,0.6913160013937159,36.88617300031183,0.456662999567925,38.371002,38.691981,2,"[{""class_id"":0,""class_name"":""ball"",""confidence"":0.9062055349349976,""x1"":308.00067138671875,""y1"":283.1639099121094,""x2"":334.15521240234375,""y2"":311.9667663574219},{""class_id"":2,""class_name"":""robot"",""confidence"":0.8311951756477356,""x1"":460.56512451171875,""y1"":200.75601196289062,""x2"":505.97259521484375,""y2"":289.3560485839844}]"
417,21.803677,0.8839339989208383,37.64205799961928,0.44054799946025014,39.295992,61.099669,2,"[{""class_id"":0,""class_name"":""ball"",""confidence"":0.9101737141609192,""x1"":308.05731201171875,""y1"":283.1148681640625,""x2"":334.11700439453125,""y2"":312.0789794921875},{""class_id"":2,""class_name"":""robot"",""confidence"":0.8349121809005737,""x1"":455.52545166015625,""y1"":200.86349487304688,""x2"":507.481201171875,""y2"":290.2530517578125}]"
418,0.341057,0.6736089999321848,37.73331800039159,0.4503470008785371,39.193542,39.534599,2,"[{""class_id"":0,""class_name"":""ball"",""confidence"":0.9107849597930908,""x1"":308.1722106933594,""y1"":283.22723388671875,""x2"":334.0814514160156,""y2"":311.93499755859375},{""class_id"":2,""class_name"":""robot"",""confidence"":0.8284834027290344,""x1"":460.3963623046875,""y1"":200.97250366210938,""x2"":505.9698486328125,""y2"":288.7856140136719}]"
419,21.138868,0.8686700002726866,38.80398099863669,0.4247189990564948,40.443585999999996,61.582454,2,"[{""class_id"":0,""class_name"":""ball"",""confidence"":0.9105570316314697,""x1"":308.1539306640625,""y1"":283.1729736328125,""x2"":334.0653076171875,""y2"":312.075439453125},{""class_id"":2,""class_name"":""robot"",""confidence"":0.8287661075592041,""x1"":455.86077880859375,""y1"":200.64297485351562,""x2"":507.55755615234375,""y2"":290.6188659667969}]"
420,0.311363,0.7084710014169104,35.88500400110206,0.4318999999668449,37.352896,37.664259,2,"[{""class_id"":0,""class_name"":""ball"",""confidence"":0.9048912525177002,""x1"":308.033203125,""y1"":283.11529541015625,""x2"":334.12225341796875,""y2"":311.94927978515625},{""class_id"":2,""class_name"":""robot"",""confidence"":0.8376471996307373,""x1"":460.3898620605469,""y1"":200.83926391601562,""x2"":506.4195251464844,""y2"":289.3634338378906}]"
421,21.818068,0.9484590009378735,38.98058100094204,0.44952600001124665,40.711043000000004,62.529111,2,"[{""class_id"":0,""class_name"":""ball"",""confidence"":0.9067978262901306,""x1"":308.1393127441406,""y1"":283.2535705566406,""x2"":334.3431091308594,""y2"":312.0073547363281},{""class_id"":2,""class_name"":""robot"",""confidence"":0.8242246508598328,""x1"":455.569091796875,""y1"":200.72158813476562,""x2"":507.197265625,""y2"":290.22674560546875}]"
422,0.316063,0.6636979996983428,37.54778700022143,0.4895410002063727,39.034781,39.350844,2,"[{""class_id"":0,""class_name"":""ball"",""confidence"":0.9107515215873718,""x1"":308.1635437011719,""y1"":283.1939697265625,""x2"":334.1386413574219,""y2"":311.9814453125},{""class_id"":2,""class_name"":""robot"",""confidence"":0.8328461647033691,""x1"":460.80706787109375,""y1"":200.9783935546875,""x2"":506.6558837890625,""y2"":289.42364501953125}]"
423,24.075736,0.84728200090467,40.11795800033724,0.4454650006664451,41.752869999999994,65.828606,2,"[{""class_id"":0,""class_name"":""ball"",""confidence"":0.9110657572746277,""x1"":307.9926452636719,""y1"":283.14111328125,""x2"":334.1119079589844,""y2"":312.113037109375},{""class_id"":2,""class_name"":""robot"",""confidence"":0.8305185437202454,""x1"":460.4885559082031,""y1"":200.66949462890625,""x2"":506.4195251464844,""y2"":289.07244873046875}]"
424,21.961283,0.857807001011679,41.12163300123939,0.4485549998207716,42.761441,64.722724,2,"[{""class_id"":0,""class_name"":""ball"",""confidence"":0.9071770310401917,""x1"":308.01318359375,""y1"":283.2223205566406,""x2"":334.0848388671875,""y2"":311.9207458496094},{""class_id"":2,""class_name"":""robot"",""confidence"":0.8312331438064575,""x1"":460.392822265625,""y1"":200.92691040039062,""x2"":505.90631103515625,""y2"":288.9565124511719}]"
425,0.312853,0.6973270010348642,37.36234400093963,0.4446219991223188,38.832093,39.144946,2,"[{""class_id"":0,""class_name"":""ball"",""confidence"":0.9058948159217834,""x1"":308.1094970703125,""y1"":283.274169921875,""x2"":334.2774658203125,""y2"":312.0098876953125},{""class_id"":2,""class_name"":""robot"",""confidence"":0.8376849293708801,""x1"":460.31842041015625,""y1"":200.86477661132812,""x2"":506.22808837890625,""y2"":289.4741516113281}]"
426,18.0556,0.8583399994677166,35.792399999991176,0.42485999983910006,37.416426,55.472026,2,"[{""class_id"":0,""class_name"":""ball"",""confidence"":0.9114978909492493,""x1"":308.052734375,""y1"":283.1048583984375,""x2"":334.000732421875,""y2"":312.1446533203125},{""class_id"":2,""class_name"":""robot"",""confidence"":0.8303593397140503,""x1"":456.035400390625,""y1"":200.796875,""x2"":506.9609375,""y2"":290.31915283203125}]"
427,0.326545,0.719240000762511,37.9746159997012,0.4246850003255531,39.457742999999994,39.784288,2,"[{""class_id"":0,""class_name"":""ball"",""confidence"":0.9107871055603027,""x1"":307.85455322265625,""y1"":283.13916015625,""x2"":334.17889404296875,""y2"":312.08697509765625},{""class_id"":2,""class_name"":""robot"",""confidence"":0.8276112675666809,""x1"":461.2990417480469,""y1"":200.82012939453125,""x2"":506.3335876464844,""y2"":288.46734619140625}]"
428,22.78814,0.8562279999750899,38.21839599913801,0.44255400098336395,39.860996,62.649136,2,"[{""class_id"":0,""class_name"":""ball"",""confidence"":0.9090451002120972,""x1"":308.1059265136719,""y1"":283.2842712402344,""x2"":334.1074523925781,""y2"":312.1122131347656},{""class_id"":2,""class_name"":""robot"",""confidence"":0.8350701928138733,""x1"":460.51055908203125,""y1"":200.76876831054688,""x2"":506.47357177734375,""y2"":289.3653259277344}]"
429,0.316817,0.7116390006558504,39.46194300078787,0.4504099997575395,40.968427,41.285244,2,"[{""class_id"":0,""class_name"":""ball"",""confidence"":0.9098833799362183,""x1"":308.2097473144531,""y1"":283.19378662109375,""x2"":334.1813659667969,""y2"":311.92169189453125},{""class_id"":2,""class_name"":""robot"",""confidence"":0.8296567797660828,""x1"":460.41522216796875,""y1"":200.95269775390625,""x2"":506.56451416015625,""y2"":289.76513671875}]"
430,18.711638,0.904878999790526,40.7983389995934,0.43394300155341625,42.487515,61.199153,2,"[{""class_id"":0,""class_name"":""ball"",""confidence"":0.9071323871612549,""x1"":308.09320068359375,""y1"":283.1954345703125,""x2"":334.16107177734375,""y2"":312.0753173828125},{""class_id"":2,""class_name"":""robot"",""confidence"":0.8294553756713867,""x1"":460.66326904296875,""y1"":200.9654541015625,""x2"":505.991455078125,""y2"":289.38427734375}]"
431,0.311571,0.6857320004201028,35.32741700109909,0.4345249999460066,36.79775,37.109321,2,"[{""class_id"":0,""class_name"":""ball"",""confidence"":0.9100115895271301,""x1"":308.0901184082031,""y1"":283.15655517578125,""x2"":334.2021789550781,""y2"":311.98150634765625},{""class_id"":2,""class_name"":""robot"",""confidence"":0.8433765172958374,""x1"":460.0888671875,""y1"":200.85977172851562,""x2"":506.9970703125,""y2"":289.6536560058594}]"
432,20.354371,0.873574999786797,37.630110999089084,0.5559109995374456,39.398196999999996,59.752568,2,"[{""class_id"":0,""class_name"":""ball"",""confidence"":0.9072669148445129,""x1"":308.02569580078125,""y1"":283.067138671875,""x2"":333.99896240234375,""y2"":311.9903564453125},{""class_id"":2,""class_name"":""robot"",""confidence"":0.8367380499839783,""x1"":460.39141845703125,""y1"":200.99844360351562,""x2"":506.38470458984375,""y2"":289.054443359375}]"
433,0.323004,0.7588099997519748,37.32059899994056,0.4364020005596103,38.843700000000005,39.166704,2,"[{""class_id"":0,""class_name"":""ball"",""confidence"":0.9077044725418091,""x1"":308.02960205078125,""y1"":283.14898681640625,""x2"":334.12969970703125,""y2"":311.95379638671875},{""class_id"":2,""class_name"":""robot"",""confidence"":0.8308084607124329,""x1"":460.41546630859375,""y1"":201.03848266601562,""x2"":506.41876220703125,""y2"":289.392578125}]"
434,21.374415,0.8373860000574496,36.57951900095213,0.4291659988666652,38.196492,59.570907,2,"[{""class_id"":0,""class_name"":""ball"",""confidence"":0.912507176399231,""x1"":308.04864501953125,""y1"":283.06085205078125,""x2"":334.17706298828125,""y2"":312.17987060546875},{""class_id"":2,""class_name"":""robot"",""confidence"":0.8285428881645203,""x1"":456.1097412109375,""y1"":200.85528564453125,""x2"":507.168701171875,""y2"":290.22021484375}]"
435,0.478114,0.8495040001434973,35.70548199968471,0.42255599873897154,37.329596,37.80771,2,"[{""class_id"":0,""class_name"":""ball"",""confidence"":0.908136248588562,""x1"":308.15728759765625,""y1"":283.23150634765625,""x2"":334.16717529296875,""y2"":311.9971923828125},{""class_id"":2,""class_name"":""robot"",""confidence"":0.8260137438774109,""x1"":461.28912353515625,""y1"":200.64166259765625,""x2"":505.94268798828125,""y2"":288.7409362792969}]"
436,0.363477,0.6811640014348086,39.45103700061736,0.4417769996507559,40.906144999999995,41.269622,2,"[{""class_id"":0,""class_name"":""ball"",""confidence"":0.9091943502426147,""x1"":308.0048828125,""y1"":283.15240478515625,""x2"":334.09619140625,""y2"":311.97772216796875},{""class_id"":2,""class_name"":""robot"",""confidence"":0.8325209617614746,""x1"":460.619873046875,""y1"":200.84011840820312,""x2"":505.7733154296875,""y2"":289.5312194824219}]"
437,18.619025,0.8718610006326344,38.06599599920446,0.43761599954450503,39.705187,58.324212,2,"[{""class_id"":0,""class_name"":""ball"",""confidence"":0.909312903881073,""x1"":308.0341796875,""y1"":283.1922607421875,""x2"":334.15911865234375,""y2"":311.90374755859375},{""class_id"":2,""class_name"":""robot"",""confidence"":0.8315218091011047,""x1"":460.5640869140625,""y1"":200.9061279296875,""x2"":505.510498046875,""y2"":288.9949035644531}]"
438,0.320036,0.6998580010986188,38.55606499928399,0.5427440009952988,40.155401999999995,40.475438,2,"[{""class_id"":0,""class_name"":""ball"",""confidence"":0.9094043970108032,""x1"":308.026123046875,""y1"":283.0874328613281,""x2"":334.014892578125,""y2"":311.9497985839844},{""class_id"":2,""class_name"":""robot"",""confidence"":0.8280221819877625,""x1"":456.28643798828125,""y1"":200.5443115234375,""x2"":507.00152587890625,""y2"":290.3403015136719}]"
439,19.738407,0.8654200009914348,38.00984699955734,0.43662999996740837,39.646922,59.385329,2,"[{""class_id"":0,""class_name"":""ball"",""confidence"":0.9105428457260132,""x1"":308.1944580078125,""y1"":283.2625732421875,""x2"":334.124755859375,""y2"":311.9591064453125},{""class_id"":2,""class_name"":""robot"",""confidence"":0.8263952732086182,""x1"":460.78985595703125,""y1"":200.77569580078125,""x2"":505.83984375,""y2"":288.763427734375}]"
440,0.319131,0.7808890004525892,36.96429899900977,0.43402400115155615,38.516256,38.835387,2,"[{""class_id"":0,""class_name"":""ball"",""confidence"":0.9076505303382874,""x1"":308.1055603027344,""y1"":283.1983642578125,""x2"":334.0115661621094,""y2"":311.997314453125},{""class_id"":2,""class_name"":""robot"",""confidence"":0.8302077054977417,""x1"":455.6376953125,""y1"":200.62359619140625,""x2"":507.34381103515625,""y2"":290.47662353515625}]"
441,21.473309,0.898299000255065,37.82689299987396,0.42572899837978184,39.497951,60.97126,2,"[{""class_id"":0,""class_name"":""ball"",""confidence"":0.9092499017715454,""x1"":308.02069091796875,""y1"":283.18896484375,""x2"":334.03411865234375,""y2"":312.079345703125},{""class_id"":2,""class_name"":""robot"",""confidence"":0.8329014778137207,""x1"":455.905029296875,""y1"":200.91397094726562,""x2"":506.97265625,""y2"":290.566650390625}]"
442,0.317552,0.8138100001815474,38.0973230003292,0.44075300138501916,39.721924,40.039476,2,"[{""class_id"":0,""class_name"":""ball"",""confidence"":0.912268877029419,""x1"":308.10137939453125,""y1"":283.1693420410156,""x2"":334.07843017578125,""y2"":312.0376281738281},{""class_id"":2,""class_name"":""robot"",""confidence"":0.8301583528518677,""x1"":460.71051025390625,""y1"":200.810546875,""x2"":506.46209716796875,""y2"":289.50482177734375}]"
443,20.432235,0.8991199993033661,40.09462599969993,0.45486899944080506,41.796681,62.228916,2,"[{""class_id"":0,""class_name"":""ball"",""confidence"":0.9130662679672241,""x1"":308.0867919921875,""y1"":283.24267578125,""x2"":334.0865478515625,""y2"":311.996337890625},{""class_id"":2,""class_name"":""robot"",""confidence"":0.828853964805603,""x1"":460.65899658203125,""y1"":200.8607177734375,""x2"":506.146728515625,""y2"":289.2554931640625}]"
444,0.314292,0.7423549996019574,37.380730000222684,0.4408830009197118,38.896761999999995,39.211054,2,"[{""class_id"":0,""class_name"":""ball"",""confidence"":0.9090589880943298,""x1"":308.089111328125,""y1"":283.16583251953125,""x2"":334.07525634765625,""y2"":311.9886474609375},{""class_id"":2,""class_name"":""robot"",""confidence"":0.8268011808395386,""x1"":456.3855895996094,""y1"":200.55712890625,""x2"":506.9408264160156,""y2"":290.5537109375}]"
445,18.874842,0.8155559989972971,38.05256499981624,0.4433430003700778,39.641222,58.516064,2,"[{""class_id"":0,""class_name"":""ball"",""confidence"":0.9129553437232971,""x1"":307.98883056640625,""y1"":283.24017333984375,""x2"":334.11944580078125,""y2"":312.14947509765625},{""class_id"":2,""class_name"":""robot"",""confidence"":0.8324020504951477,""x1"":460.49041748046875,""y1"":200.85708618164062,""x2"":506.06610107421875,""y2"":289.5400085449219}]"
446,0.322246,0.7637259986950085,38.62145600032818,0.4338099988672184,40.145986,40.468232,2,"[{""class_id"":0,""class_name"":""ball"",""confidence"":0.9063575863838196,""x1"":308.11029052734375,""y1"":283.2159118652344,""x2"":334.16058349609375,""y2"":312.0799255371094},{""class_id"":2,""class_name"":""robot"",""confidence"":0.8338356614112854,""x1"":460.98944091796875,""y1"":200.7767333984375,""x2"":506.22344970703125,""y2"":288.81524658203125}]"
447,19.865391,0.8533470008842414,35.509892000845866,0.4272129990567919,37.141254,57.006645,2,"[{""class_id"":0,""class_name"":""ball"",""confidence"":0.9130963683128357,""x1"":308.1319580078125,""y1"":283.2293701171875,""x2"":334.22705078125,""y2"":312.22607421875},{""class_id"":2,""class_name"":""robot"",""confidence"":0.8303250670433044,""x1"":460.7693786621094,""y1"":200.9271240234375,""x2"":506.2653503417969,""y2"":289.103271484375}]"
448,0.32883,0.6893090012454195,37.73193699998956,0.4405170002428349,39.191424,39.520254,2,"[{""class_id"":0,""class_name"":""ball"",""confidence"":0.912160336971283,""x1"":308.0383605957031,""y1"":283.28082275390625,""x2"":334.2714538574219,""y2"":312.18096923828125},{""class_id"":2,""class_name"":""robot"",""confidence"":0.827003538608551,""x1"":460.8351745605469,""y1"":200.80914306640625,""x2"":506.1356506347656,""y2"":288.93115234375}]"
449,23.257858,0.8738889991946053,41.297590998510714,0.4396109998197062,42.955147999999994,66.213006,2,"[{""class_id"":0,""class_name"":""ball"",""confidence"":0.9073272347450256,""x1"":308.1044921875,""y1"":283.1486511230469,""x2"":334.181396484375,""y2"":312.2452697753906},{""class_id"":2,""class_name"":""robot"",""confidence"":0.8305655121803284,""x1"":460.9459228515625,""y1"":200.9195556640625,""x2"":506.0970458984375,""y2"":289.70489501953125}]"
450,0.318387,0.6852460010122741,39.05308599860291,0.44341900138533674,40.519155999999995,40.837543,2,"[{""class_id"":0,""class_name"":""ball"",""confidence"":0.907762348651886,""x1"":308.27056884765625,""y1"":283.154541015625,""x2"":334.18682861328125,""y2"":312.077880859375},{""class_id"":2,""class_name"":""robot"",""confidence"":0.8297398090362549,""x1"":460.59356689453125,""y1"":200.86614990234375,""x2"":506.07879638671875,""y2"":288.721435546875}]"
451,15.962262,0.827283000035095,37.44595699936326,0.44725299994752277,39.057406,55.019668,2,"[{""class_id"":0,""class_name"":""ball"",""confidence"":0.9086476564407349,""x1"":308.0174560546875,""y1"":283.1507568359375,""x2"":334.0343017578125,""y2"":311.978271484375},{""class_id"":2,""class_name"":""robot"",""confidence"":0.8330491781234741,""x1"":460.411865234375,""y1"":200.874755859375,""x2"":506.0728759765625,""y2"":288.8751525878906}]"
452,0.319115,0.6595459999516606,37.09363600137294,0.43872099922737107,38.527459,38.846574,2,"[{""class_id"":0,""class_name"":""ball"",""confidence"":0.9093665480613708,""x1"":308.0562438964844,""y1"":283.0030517578125,""x2"":334.0582580566406,""y2"":312.05419921875},{""class_id"":2,""class_name"":""robot"",""confidence"":0.8331360816955566,""x1"":460.38885498046875,""y1"":200.89724731445312,""x2"":506.1368408203125,""y2"":289.4586486816406}]"
453,22.211365,0.8566389988118317,41.71248800048488,0.43775400081358384,43.342665,65.55403,2,"[{""class_id"":0,""class_name"":""ball"",""confidence"":0.9074683785438538,""x1"":307.99676513671875,""y1"":283.17138671875,""x2"":334.0736083984375,""y2"":312.055419921875},{""class_id"":2,""class_name"":""robot"",""confidence"":0.8317219614982605,""x1"":456.0483093261719,""y1"":200.78057861328125,""x2"":507.8470153808594,""y2"":290.64697265625}]"
454,0.331298,0.7346019992837682,39.65790099937294,0.44780400094168726,41.176114000000005,41.507412,2,"[{""class_id"":0,""class_name"":""ball"",""confidence"":0.9087689518928528,""x1"":308.05084228515625,""y1"":283.1999206542969,""x2"":334.14892578125,""y2"":311.9756774902344},{""class_id"":2,""class_name"":""robot"",""confidence"":0.8319496512413025,""x1"":456.0877685546875,""y1"":200.75640869140625,""x2"":507.49267578125,""y2"":290.39990234375}]"
455,15.234818,0.8503669996571261,38.59954000108701,0.4379339989100117,40.232907999999995,55.467726,2,"[{""class_id"":0,""class_name"":""ball"",""confidence"":0.9070497155189514,""x1"":308.14239501953125,""y1"":283.0414123535156,""x2"":334.10162353515625,""y2"":312.0523376464844},{""class_id"":2,""class_name"":""robot"",""confidence"":0.8242700099945068,""x1"":461.2955322265625,""y1"":200.952880859375,""x2"":505.9766845703125,""y2"":289.2806396484375}]"
456,0.325136,0.7891090008342871,37.81410500050697,0.4366450011730194,39.371607,39.696743,2,"[{""class_id"":0,""class_name"":""ball"",""confidence"":0.9095752835273743,""x1"":308.1406555175781,""y1"":283.1820983886719,""x2"":334.1205139160156,""y2"":311.9918518066406},{""class_id"":2,""class_name"":""robot"",""confidence"":0.8326130509376526,""x1"":460.55963134765625,""y1"":200.90826416015625,""x2"":506.23638916015625,""y2"":289.2533264160156}]"
457,19.905235,0.8575199990445981,41.34652500033553,0.43083299897261895,42.972539,62.877774,2,"[{""class_id"":0,""class_name"":""ball"",""confidence"":0.9131866097450256,""x1"":308.00274658203125,""y1"":283.3155517578125,""x2"":334.23748779296875,""y2"":312.25830078125},{""class_id"":2,""class_name"":""robot"",""confidence"":0.8288785219192505,""x1"":460.7098083496094,""y1"":200.98675537109375,""x2"":505.6837463378906,""y2"":288.94482421875}]"
458,0.331838,0.6662180003331741,38.162573999215965,0.4366169996501412,39.593207,39.925045,2,"[{""class_id"":0,""class_name"":""ball"",""confidence"":0.9084290266036987,""x1"":308.02398681640625,""y1"":283.13494873046875,""x2"":334.08404541015625,""y2"":311.99163818359375},{""class_id"":2,""class_name"":""robot"",""confidence"":0.8321441411972046,""x1"":460.236328125,""y1"":201.01858520507812,""x2"":506.359130859375,""y2"":289.0227966308594}]"
459,20.948304,0.8430230009253137,39.26350599977013,0.4374719992483733,40.885435,61.833739,2,"[{""class_id"":0,""class_name"":""ball"",""confidence"":0.9090810418128967,""x1"":308.0182189941406,""y1"":283.2962341308594,""x2"":334.1460266113281,""y2"":312.0396423339844},{""class_id"":2,""class_name"":""robot"",""confidence"":0.8340870141983032,""x1"":460.8774108886719,""y1"":200.73403930664062,""x2"":506.6089782714844,""y2"":289.3762512207031}]"
460,23.053192,0.8531849998689722,43.13043999900401,0.4451260010682745,44.76143400000001,67.814626,2,"[{""class_id"":0,""class_name"":""ball"",""confidence"":0.9081262350082397,""x1"":307.9224853515625,""y1"":283.26751708984375,""x2"":334.119384765625,""y2"":311.97589111328125},{""class_id"":2,""class_name"":""robot"",""confidence"":0.8301891684532166,""x1"":456.04949951171875,""y1"":200.74923706054688,""x2"":507.19036865234375,""y2"":290.3952941894531}]"
461,0.310679,0.751616000343347,38.28614799931529,0.45633400077349506,39.818383,40.129062,2,"[{""class_id"":0,""class_name"":""ball"",""confidence"":0.9093329310417175,""x1"":308.05419921875,""y1"":283.22357177734375,""x2"":334.05078125,""y2"":311.98529052734375},{""class_id"":2,""class_name"":""robot"",""confidence"":0.8369877338409424,""x1"":460.7506103515625,""y1"":200.7701416015625,""x2"":506.3511962890625,""y2"":289.38311767578125}]"
462,15.178467,0.8415299998887349,37.6322859992797,0.4250030015100492,39.220233,54.3987,2,"[{""class_id"":0,""class_name"":""ball"",""confidence"":0.9112820029258728,""x1"":307.9677734375,""y1"":283.0577392578125,""x2"":334.0704345703125,""y2"":312.022216796875},{""class_id"":2,""class_name"":""robot"",""confidence"":0.8310341238975525,""x1"":460.58270263671875,""y1"":200.88156127929688,""x2"":505.99102783203125,""y2"":289.3627624511719}]"
463,0.316616,0.6610519994865172,38.02940099922125,0.4333540000516223,39.456562999999996,39.773179,2,"[{""class_id"":0,""class_name"":""ball"",""confidence"":0.9079344272613525,""x1"":307.9986267089844,""y1"":283.1916809082031,""x2"":334.1002502441406,""y2"":312.0357360839844},{""class_id"":2,""class_name"":""robot"",""confidence"":0.8270707130432129,""x1"":461.0238037109375,""y1"":200.96884155273438,""x2"":506.26214599609375,""y2"":289.0352478027344}]"
464,20.912141,0.8765820002736291,38.80465499969432,0.43055499918409623,40.455494,61.367635,2,"[{""class_id"":0,""class_name"":""ball"",""confidence"":0.9109740257263184,""x1"":308.01220703125,""y1"":283.2119140625,""x2"":334.2705078125,""y2"":312.1502685546875},{""class_id"":2,""class_name"":""robot"",""confidence"":0.8368703722953796,""x1"":461.23052978515625,""y1"":200.63873291015625,""x2"":506.25762939453125,""y2"":289.0302734375}]"
465,0.317393,0.7173670001066057,38.21875799985719,0.46573100007663015,39.742943,40.060336,2,"[{""class_id"":0,""class_name"":""ball"",""confidence"":0.910200297832489,""x1"":308.01318359375,""y1"":283.2212219238281,""x2"":334.1146240234375,""y2"":311.9878845214844},{""class_id"":2,""class_name"":""robot"",""confidence"":0.8357892036437988,""x1"":460.7137756347656,""y1"":200.85641479492188,""x2"":506.6949768066406,""y2"":289.1313781738281}]"
466,19.466694,0.8425599990005139,40.876225000829436,0.47400599942193367,42.545827,62.012521,2,"[{""class_id"":0,""class_name"":""ball"",""confidence"":0.9100290536880493,""x1"":308.0666809082031,""y1"":283.24627685546875,""x2"":334.1280212402344,""y2"":312.08245849609375},{""class_id"":2,""class_name"":""robot"",""confidence"":0.8417783379554749,""x1"":457.683837890625,""y1"":201.07791137695312,""x2"":507.0765380859375,""y2"":289.1181335449219}]"
467,0.422355,0.7943519995023962,37.12450399871159,0.4824759998882655,38.750012999999996,39.172368,2,"[{""class_id"":0,""class_name"":""ball"",""confidence"":0.9075684547424316,""x1"":308.107421875,""y1"":283.1632080078125,""x2"":334.072265625,""y2"":311.8663330078125},{""class_id"":2,""class_name"":""robot"",""confidence"":0.8378366231918335,""x1"":460.1722106933594,""y1"":200.9405517578125,""x2"":506.3822326660156,""y2"":289.0195007324219}]"
468,18.202874,0.866177999341744,37.16656399956264,0.4389440000522882,38.806456,57.00933,2,"[{""class_id"":0,""class_name"":""ball"",""confidence"":0.9088559746742249,""x1"":308.11279296875,""y1"":283.12115478515625,""x2"":334.20355224609375,""y2"":312.11138916015625},{""class_id"":2,""class_name"":""robot"",""confidence"":0.833754301071167,""x1"":460.51788330078125,""y1"":200.76837158203125,""x2"":506.26080322265625,""y2"":289.32415771484375}]"
469,0.313383,0.6953029987926129,38.63011399880634,0.4392589999042684,40.126784,40.440167,2,"[{""class_id"":0,""class_name"":""ball"",""confidence"":0.9083936214447021,""x1"":307.93182373046875,""y1"":283.1180419921875,""x2"":334.18072509765625,""y2"":311.948486328125},{""class_id"":2,""class_name"":""robot"",""confidence"":0.8267093300819397,""x1"":456.00421142578125,""y1"":200.6632080078125,""x2"":507.04425048828125,""y2"":290.36663818359375}]"
470,0.322071,0.7686610006203409,38.12321400073415,0.43865400039067026,39.675395,39.997466,2,"[{""class_id"":0,""class_name"":""ball"",""confidence"":0.9086512923240662,""x1"":308.14630126953125,""y1"":283.2303466796875,""x2"":334.20404052734375,""y2"":312.1148681640625},{""class_id"":2,""class_name"":""robot"",""confidence"":0.8286749720573425,""x1"":461.08892822265625,""y1"":200.80224609375,""x2"":506.34442138671875,""y2"":288.72454833984375}]"
471,16.420577,0.8350919997610617,37.142590999792446,0.4351660008978797,38.738895,55.159472,2,"[{""class_id"":0,""class_name"":""ball"",""confidence"":0.9098812937736511,""x1"":307.98919677734375,""y1"":283.20947265625,""x2"":334.10284423828125,""y2"":312.0430908203125},{""class_id"":2,""class_name"":""robot"",""confidence"":0.8304752707481384,""x1"":460.58831787109375,""y1"":200.85897827148438,""x2"":506.37567138671875,""y2"":288.7763366699219}]"
472,0.316289,0.7185789982031565,37.92411999893375,0.44543100011651404,39.458362,39.774651,2,"[{""class_id"":0,""class_name"":""ball"",""confidence"":0.9101768732070923,""x1"":308.0472412109375,""y1"":283.14569091796875,""x2"":334.10675048828125,""y2"":311.90997314453125},{""class_id"":2,""class_name"":""robot"",""confidence"":0.8273618817329407,""x1"":455.8560791015625,""y1"":200.61868286132812,""x2"":507.5303955078125,""y2"":290.439697265625}]"
473,21.474887,0.8427409993601032,41.20985800000199,0.45213199882709887,42.844004,64.318891,2,"[{""class_id"":0,""class_name"":""ball"",""confidence"":0.9061347842216492,""x1"":308.00152587890625,""y1"":283.25634765625,""x2"":334.08831787109375,""y2"":311.96881103515625},{""class_id"":2,""class_name"":""robot"",""confidence"":0.827384889125824,""x1"":455.95086669921875,""y1"":200.7816162109375,""x2"":507.47650146484375,""y2"":290.2939453125}]"
474,0.324799,0.702543999068439,37.885772000663565,0.4175420017418219,39.35454,39.679339,2,"[{""class_id"":0,""class_name"":""ball"",""confidence"":0.9099911451339722,""x1"":308.251220703125,""y1"":283.171142578125,""x2"":334.032958984375,""y2"":312.110107421875},{""class_id"":2,""class_name"":""robot"",""confidence"":0.8248341083526611,""x1"":460.96258544921875,""y1"":200.96585083007812,""x2"":505.78240966796875,""y2"":289.27734375}]"
475,17.41532,0.8695569995325059,40.5306800003018,0.4324530000303639,42.162352,59.577672,2,"[{""class_id"":0,""class_name"":""ball"",""confidence"":0.9103755354881287,""x1"":308.0076599121094,""y1"":283.3155517578125,""x2"":334.3285827636719,""y2"":312.188232421875},{""class_id"":2,""class_name"":""robot"",""confidence"":0.8287513852119446,""x1"":456.44464111328125,""y1"":200.65383911132812,""x2"":507.56109619140625,""y2"":290.2154235839844}]"
476,0.329208,0.743033000617288,38.10107000026619,0.42396999924676493,39.598836999999996,39.928045,2,"[{""class_id"":0,""class_name"":""ball"",""confidence"":0.9075373411178589,""x1"":307.9706115722656,""y1"":283.1568603515625,""x2"":334.1397399902344,""y2"":312.0430908203125},{""class_id"":2,""class_name"":""robot"",""confidence"":0.8401005268096924,""x1"":459.94085693359375,""y1"":200.75918579101562,""x2"":506.28961181640625,""y2"":289.2092590332031}]"
477,17.862199,0.8562509992771083,38.67266199995356,0.4384240000945283,40.304732,58.166931,2,"[{""class_id"":0,""class_name"":""ball"",""confidence"":0.9097409248352051,""x1"":307.9310302734375,""y1"":283.21246337890625,""x2"":334.1964111328125,""y2"":312.11492919921875},{""class_id"":2,""class_name"":""robot"",""confidence"":0.8242520093917847,""x1"":460.7864990234375,""y1"":200.92193603515625,""x2"":505.9232177734375,""y2"":289.31805419921875}]"
478,0.329076,0.7581890004075831,39.519511999969836,0.4300029995647492,41.032030999999996,41.361107,2,"[{""class_id"":0,""class_name"":""ball"",""confidence"":0.908598780632019,""x1"":308.0634765625,""y1"":283.2158203125,""x2"":334.1021728515625,""y2"":312.0028076171875},{""class_id"":2,""class_name"":""robot"",""confidence"":0.8316588997840881,""x1"":460.751708984375,""y1"":200.95492553710938,""x2"":506.3385009765625,""y2"":288.70849609375}]"
479,18.248625,0.8690619997651083,40.10131200084288,0.4396679996716557,41.759286,60.007911,2,"[{""class_id"":0,""class_name"":""ball"",""confidence"":0.9091296195983887,""x1"":307.9896240234375,""y1"":283.0709228515625,""x2"":334.218017578125,""y2"":312.099365234375},{""class_id"":2,""class_name"":""robot"",""confidence"":0.8320055603981018,""x1"":455.84423828125,""y1"":200.74005126953125,""x2"":507.38525390625,""y2"":290.58154296875}]"
480,0.322424,0.7135719988582423,37.815491001310875,0.4361629999038996,39.305791,39.628215,2,"[{""class_id"":0,""class_name"":""ball"",""confidence"":0.9134358763694763,""x1"":308.05364990234375,""y1"":283.21588134765625,""x2"":334.281494140625,""y2"":312.18487548828125},{""class_id"":2,""class_name"":""robot"",""confidence"":0.8305294513702393,""x1"":460.76904296875,""y1"":200.71044921875,""x2"":506.0980224609375,""y2"":289.0218811035156}]"
481,18.386271,0.8772889996180311,35.989907999464776,0.433498000347754,37.63989,56.026161,2,"[{""class_id"":0,""class_name"":""ball"",""confidence"":0.9096837639808655,""x1"":308.08502197265625,""y1"":283.18914794921875,""x2"":334.12371826171875,""y2"":312.00653076171875},{""class_id"":2,""class_name"":""robot"",""confidence"":0.830969512462616,""x1"":455.8214111328125,""y1"":200.75588989257812,""x2"":507.64703369140625,""y2"":290.5157775878906}]"
482,0.324302,0.7055879996187286,37.400822000563494,0.43047999861300923,38.866364999999995,39.190667,2,"[{""class_id"":0,""class_name"":""ball"",""confidence"":0.9119380712509155,""x1"":308.1150207519531,""y1"":283.12310791015625,""x2"":334.0519104003906,""y2"":312.15069580078125},{""class_id"":2,""class_name"":""robot"",""confidence"":0.8380549550056458,""x1"":460.4985046386719,""y1"":200.95693969726562,""x2"":506.5613098144531,""y2"":289.1159973144531}]"
483,23.338536,0.9273830000893213,37.686933001168654,0.4316969989304198,39.394605,62.733141,2,"[{""class_id"":0,""class_name"":""ball"",""confidence"":0.9046595692634583,""x1"":308.0400695800781,""y1"":283.171142578125,""x2"":334.1729431152344,""y2"":312.083251953125},{""class_id"":2,""class_name"":""robot"",""confidence"":0.8212544322013855,""x1"":460.604736328125,""y1"":200.96798706054688,""x2"":505.3414306640625,""y2"":289.34783935546875}]"
484,0.317262,0.7526330009568483,36.73708099995565,0.4404920000524726,38.258408,38.57567,2,"[{""class_id"":0,""class_name"":""ball"",""confidence"":0.9124240875244141,""x1"":308.0386657714844,""y1"":283.28759765625,""x2"":334.1396789550781,""y2"":311.9842529296875},{""class_id"":2,""class_name"":""robot"",""confidence"":0.8289991021156311,""x1"":460.8935546875,""y1"":200.91275024414062,""x2"":506.45892333984375,""y2"":289.47430419921875}]"
485,21.956105,0.9326949984824751,40.41090999999142,0.43094600005133543,42.108732999999994,64.064838,2,"[{""class_id"":0,""class_name"":""ball"",""confidence"":0.909608781337738,""x1"":308.1071472167969,""y1"":283.21826171875,""x2"":334.0726623535156,""y2"":312.02288818359375},{""class_id"":2,""class_name"":""robot"",""confidence"":0.8328619599342346,""x1"":460.46685791015625,""y1"":200.86016845703125,""x2"":506.65081787109375,""y2"":289.0260925292969}]"
486,0.335744,0.7561570000689244,40.18573099892819,0.44783799967262894,41.731099,42.066843,2,"[{""class_id"":0,""class_name"":""ball"",""confidence"":0.9083577990531921,""x1"":308.0679931640625,""y1"":283.1934509277344,""x2"":334.13922119140625,""y2"":312.0171203613281},{""class_id"":2,""class_name"":""robot"",""confidence"":0.8260350227355957,""x1"":456.56036376953125,""y1"":200.71298217773438,""x2"":507.20257568359375,""y2"":290.57293701171875}]"
487,15.891595,0.8807480007817503,39.38110700073594,0.4334109999035718,41.028669,56.920264,2,"[{""class_id"":0,""class_name"":""ball"",""confidence"":0.907892107963562,""x1"":308.1929931640625,""y1"":283.1370849609375,""x2"":334.1077880859375,""y2"":311.9696044921875},{""class_id"":2,""class_name"":""robot"",""confidence"":0.8321558833122253,""x1"":460.8823547363281,""y1"":200.912353515625,""x2"":506.0384216308594,""y2"":289.0133056640625}]"
488,0.330724,0.8417890003329376,37.095808000231045,0.44240799979888834,38.727807,39.058531,2,"[{""class_id"":0,""class_name"":""ball"",""confidence"":0.911017894744873,""x1"":308.13006591796875,""y1"":283.1773681640625,""x2"":334.17376708984375,""y2"":312.03216552734375},{""class_id"":2,""class_name"":""robot"",""confidence"":0.8246949911117554,""x1"":461.10650634765625,""y1"":200.84072875976562,""x2"":505.95257568359375,""y2"":288.6913146972656}]"
489,19.710263,0.8812100004433887,43.40272899935371,0.7441860016115243,45.443431000000004,65.153694,2,"[{""class_id"":0,""class_name"":""ball"",""confidence"":0.907606840133667,""x1"":308.19744873046875,""y1"":283.27734375,""x2"":334.28302001953125,""y2"":312.23150634765625},{""class_id"":2,""class_name"":""robot"",""confidence"":0.8310422897338867,""x1"":460.47259521484375,""y1"":200.89962768554688,""x2"":506.59564208984375,""y2"":289.11285400390625}]"
490,0.617138,0.9862229999271221,40.60812599891506,0.8243119991675485,42.778541000000004,43.395679,2,"[{""class_id"":0,""class_name"":""ball"",""confidence"":0.9083821773529053,""x1"":308.05780029296875,""y1"":283.203369140625,""x2"":334.13677978515625,""y2"":312.1199951171875},{""class_id"":2,""class_name"":""robot"",""confidence"":0.8341637849807739,""x1"":460.62396240234375,""y1"":200.9002685546875,""x2"":506.49896240234375,""y2"":288.956787109375}]"
491,11.148741,0.8565360003558453,36.62125700066099,0.44365000030666124,38.256296999999996,49.405038,2,"[{""class_id"":0,""class_name"":""ball"",""confidence"":0.9081282019615173,""x1"":307.94598388671875,""y1"":283.1290283203125,""x2"":334.15460205078125,""y2"":312.07122802734375},{""class_id"":2,""class_name"":""robot"",""confidence"":0.8411733508110046,""x1"":460.38763427734375,""y1"":200.92010498046875,""x2"":506.43829345703125,""y2"":289.37225341796875}]"
492,0.313534,0.7255990003613988,43.29501500069455,0.783416999183828,45.186894,45.500428,2,"[{""class_id"":0,""class_name"":""ball"",""confidence"":0.9071089625358582,""x1"":308.09027099609375,""y1"":283.29412841796875,""x2"":334.1043701171875,""y2"":312.02227783203125},{""class_id"":2,""class_name"":""robot"",""confidence"":0.8312367796897888,""x1"":455.8924255371094,""y1"":200.60006713867188,""x2"":507.4992980957031,""y2"":290.4720153808594}]"
493,0.607547,0.9005979991343338,43.047549999755574,0.7423200004268438,45.100795000000005,45.708342,2,"[{""class_id"":0,""class_name"":""ball"",""confidence"":0.9087656736373901,""x1"":308.024169921875,""y1"":283.095947265625,""x2"":334.13372802734375,""y2"":312.04193115234375},{""class_id"":2,""class_name"":""robot"",""confidence"":0.8365176320075989,""x1"":460.318359375,""y1"":200.85177612304688,""x2"":506.57427978515625,""y2"":289.5740966796875}]"
494,6.601701,1.0006560005422216,41.37315099978878,0.7497719998355024,43.580602,50.182303,2,"[{""class_id"":0,""class_name"":""ball"",""confidence"":0.9072735905647278,""x1"":308.00347900390625,""y1"":283.1510009765625,""x2"":334.26300048828125,""y2"":311.93695068359375},{""class_id"":2,""class_name"":""robot"",""confidence"":0.838524580001831,""x1"":460.2830505371094,""y1"":201.00582885742188,""x2"":506.1042785644531,""y2"":289.1470031738281}]"
495,0.612339,0.9212250006385148,43.83485000107612,0.7345009998971364,45.907083,46.519422,2,"[{""class_id"":0,""class_name"":""ball"",""confidence"":0.9078354239463806,""x1"":307.99407958984375,""y1"":283.1854248046875,""x2"":334.06341552734375,""y2"":311.9609375},{""class_id"":2,""class_name"":""robot"",""confidence"":0.8289777040481567,""x1"":460.9201354980469,""y1"":200.77468872070312,""x2"":506.4903259277344,""y2"":289.5107116699219}]"
496,9.818462,0.9995810014515882,43.799052999020205,0.7622060002177022,46.01571800000001,55.83418,2,"[{""class_id"":0,""class_name"":""ball"",""confidence"":0.9105304479598999,""x1"":308.00970458984375,""y1"":283.2427673339844,""x2"":334.08184814453125,""y2"":312.0025329589844},{""class_id"":2,""class_name"":""robot"",""confidence"":0.8359043598175049,""x1"":460.50958251953125,""y1"":200.84439086914062,""x2"":506.01190185546875,""y2"":289.2607727050781}]"
497,0.575812,0.8765639995544916,40.87708499901055,0.7447230000252603,42.904066,43.479878,2,"[{""class_id"":0,""class_name"":""ball"",""confidence"":0.912531852722168,""x1"":307.987060546875,""y1"":283.14154052734375,""x2"":334.1903076171875,""y2"":311.98516845703125},{""class_id"":2,""class_name"":""robot"",""confidence"":0.8338145613670349,""x1"":460.3735046386719,""y1"":200.933349609375,""x2"":506.2622375488281,""y2"":289.2809143066406}]"
498,10.44939,1.0473109996382846,43.349497000235715,0.8116720000543864,45.650943999999996,56.100334,2,"[{""class_id"":0,""class_name"":""ball"",""confidence"":0.9114711284637451,""x1"":308.1138000488281,""y1"":283.17474365234375,""x2"":333.9971618652344,""y2"":311.99749755859375},{""class_id"":2,""class_name"":""robot"",""confidence"":0.8353958129882812,""x1"":460.2840576171875,""y1"":200.92608642578125,""x2"":506.18426513671875,""y2"":289.31744384765625}]"
499,0.585426,0.8374939989153063,44.751183999323985,0.745474000723334,46.734278,47.319704,2,"[{""class_id"":0,""class_name"":""ball"",""confidence"":0.9082399606704712,""x1"":308.00067138671875,""y1"":283.15020751953125,""x2"":334.10211181640625,""y2"":311.96343994140625},{""class_id"":2,""class_name"":""robot"",""confidence"":0.8340860605239868,""x1"":460.86138916015625,""y1"":200.66433715820312,""x2"":506.505126953125,""y2"":289.5384826660156}]"
500,6.94178,0.9920350003085332,42.332137001722,0.7594719991175225,44.549282999999996,51.491063,2,"[{""class_id"":0,""class_name"":""ball"",""confidence"":0.9071071147918701,""x1"":307.9595947265625,""y1"":283.1097106933594,""x2"":334.19964599609375,""y2"":312.1664733886719},{""class_id"":2,""class_name"":""robot"",""confidence"":0.8346266746520996,""x1"":460.90277099609375,""y1"":200.61102294921875,""x2"":505.94744873046875,""y2"":288.9319152832031}]"
501,0.623063,0.8767409999563824,42.78648099898419,0.736190000679926,44.815863,45.438926,2,"[{""class_id"":0,""class_name"":""ball"",""confidence"":0.9085040092468262,""x1"":307.9835510253906,""y1"":283.1054382324219,""x2"":334.0209045410156,""y2"":311.9128112792969},{""class_id"":2,""class_name"":""robot"",""confidence"":0.8371449112892151,""x1"":460.17974853515625,""y1"":200.93942260742188,""x2"":506.63067626953125,""y2"":289.1406555175781}]"
502,9.925441,1.250545999937458,42.40911899978528,0.7655290010006865,44.901709000000004,54.82715,2,"[{""class_id"":0,""class_name"":""ball"",""confidence"":0.9061906933784485,""x1"":307.95526123046875,""y1"":283.005859375,""x2"":334.04815673828125,""y2"":312.03485107421875},{""class_id"":2,""class_name"":""robot"",""confidence"":0.8358193635940552,""x1"":460.3320007324219,""y1"":201.02996826171875,""x2"":506.1151428222656,""y2"":289.37286376953125}]"
503,0.611012,0.8729929995752173,42.66988200106425,0.7309960001293803,44.692589999999996,45.303602,2,"[{""class_id"":0,""class_name"":""ball"",""confidence"":0.9110651016235352,""x1"":307.9285888671875,""y1"":283.2867431640625,""x2"":334.24310302734375,""y2"":312.0450439453125},{""class_id"":2,""class_name"":""robot"",""confidence"":0.8258390426635742,""x1"":461.1572265625,""y1"":200.93292236328125,""x2"":506.10400390625,""y2"":289.4354248046875}]"
504,9.722054,1.009263000014471,42.620886999429786,0.7543900010205107,44.831679,54.553733,2,"[{""class_id"":0,""class_name"":""ball"",""confidence"":0.9061355590820312,""x1"":308.005126953125,""y1"":283.20672607421875,""x2"":334.13055419921875,""y2"":312.11328125},{""class_id"":2,""class_name"":""robot"",""confidence"":0.8348371386528015,""x1"":460.1821594238281,""y1"":201.01583862304688,""x2"":505.8623352050781,""y2"":288.9100646972656}]"
505,0.652898,0.8610100012447219,40.66362799858325,0.7307439991564024,42.704505,43.357403,2,"[{""class_id"":0,""class_name"":""ball"",""confidence"":0.9093237519264221,""x1"":308.17236328125,""y1"":283.20428466796875,""x2"":334.138427734375,""y2"":311.92132568359375},{""class_id"":2,""class_name"":""robot"",""confidence"":0.8321288824081421,""x1"":460.78411865234375,""y1"":200.77783203125,""x2"":506.44256591796875,""y2"":289.0155944824219}]"
506,11.749375,1.0126229990419233,42.369801998574985,0.7444060011039255,44.57631,56.325685,2,"[{""class_id"":0,""class_name"":""ball"",""confidence"":0.9058370590209961,""x1"":308.09442138671875,""y1"":283.335205078125,""x2"":334.12274169921875,""y2"":312.1025390625},{""class_id"":2,""class_name"":""robot"",""confidence"":0.8251470327377319,""x1"":461.33642578125,""y1"":201.03317260742188,""x2"":506.6002197265625,""y2"":288.5666198730469}]"
507,0.585239,0.9174329989036778,44.05368600055226,0.8261839993792819,46.207558999999996,46.792798,2,"[{""class_id"":0,""class_name"":""ball"",""confidence"":0.9118147492408752,""x1"":307.9954528808594,""y1"":283.1304626464844,""x2"":334.1229553222656,""y2"":312.0133361816406},{""class_id"":2,""class_name"":""robot"",""confidence"":0.8340622782707214,""x1"":460.4134521484375,""y1"":200.92288208007812,""x2"":506.317626953125,""y2"":288.9746398925781}]"
508,8.575251,1.0333829995943233,42.93278799923428,0.748128999475739,45.165087,53.740338,2,"[{""class_id"":0,""class_name"":""ball"",""confidence"":0.909511387348175,""x1"":308.0443115234375,""y1"":283.1958923339844,""x2"":334.0338134765625,""y2"":311.9545593261719},{""class_id"":2,""class_name"":""robot"",""confidence"":0.8282761573791504,""x1"":460.62957763671875,""y1"":200.991943359375,""x2"":505.80718994140625,""y2"":289.1166076660156}]"
509,0.568681,0.9311180001532193,42.24095999961719,0.7357100002991501,44.314346,44.883027,2,"[{""class_id"":0,""class_name"":""ball"",""confidence"":0.9111325740814209,""x1"":308.19232177734375,""y1"":283.35205078125,""x2"":334.06414794921875,""y2"":312.1097412109375},{""class_id"":2,""class_name"":""robot"",""confidence"":0.8307434320449829,""x1"":460.2735595703125,""y1"":200.96539306640625,""x2"":506.101318359375,""y2"":288.88421630859375}]"
510,9.876296,1.2655709997488884,43.36315900036425,0.7858289991418133,45.867363999999995,55.74366,2,"[{""class_id"":0,""class_name"":""ball"",""confidence"":0.9107825756072998,""x1"":307.979248046875,""y1"":283.13665771484375,""x2"":334.1939697265625,""y2"":312.04949951171875},{""class_id"":2,""class_name"":""robot"",""confidence"":0.8268499970436096,""x1"":456.3706359863281,""y1"":200.745361328125,""x2"":507.3411560058594,""y2"":290.147705078125}]"
511,0.599054,0.8893209997040685,43.014599999878556,0.8681259987497469,45.194595,45.793649,2,"[{""class_id"":0,""class_name"":""ball"",""confidence"":0.9089325070381165,""x1"":307.920166015625,""y1"":283.0953369140625,""x2"":334.168701171875,""y2"":311.9334716796875},{""class_id"":2,""class_name"":""robot"",""confidence"":0.8297168016433716,""x1"":456.33673095703125,""y1"":200.64044189453125,""x2"":507.10003662109375,""y2"":290.2119140625}]"
512,8.248175,1.0216219998255838,41.80405199986126,0.7413340008497471,44.017769,52.265944,2,"[{""class_id"":0,""class_name"":""ball"",""confidence"":0.9069664478302002,""x1"":308.17425537109375,""y1"":283.33306884765625,""x2"":334.20440673828125,""y2"":312.20062255859375},{""class_id"":2,""class_name"":""robot"",""confidence"":0.8315251469612122,""x1"":460.6162414550781,""y1"":200.84817504882812,""x2"":506.5827941894531,""y2"":288.9270324707031}]"
513,0.631709,0.9541009985696292,42.51652200036915,0.7346370002778713,44.620919,45.252628,2,"[{""class_id"":0,""class_name"":""ball"",""confidence"":0.9086285829544067,""x1"":308.118896484375,""y1"":283.21417236328125,""x2"":334.1082763671875,""y2"":312.1802978515625},{""class_id"":2,""class_name"":""robot"",""confidence"":0.8416163325309753,""x1"":460.25628662109375,""y1"":200.61630249023438,""x2"":506.98822021484375,""y2"":289.3427734375}]"
514,10.698923,1.0554869986663107,43.60828899916669,0.7979709989740513,45.923164,56.622087,2,"[{""class_id"":0,""class_name"":""ball"",""confidence"":0.9091748595237732,""x1"":307.92474365234375,""y1"":283.1319580078125,""x2"":334.08990478515625,""y2"":311.90142822265625},{""class_id"":2,""class_name"":""robot"",""confidence"":0.83265620470047,""x1"":460.71148681640625,""y1"":200.79769897460938,""x2"":506.56207275390625,""y2"":289.3858337402344}]"
515,0.634269,1.0105030014528893,43.92328899848508,0.744273000236717,46.100232,46.734501,2,"[{""class_id"":0,""class_name"":""ball"",""confidence"":0.9105575680732727,""x1"":308.1191101074219,""y1"":283.234375,""x2"":334.1880187988281,""y2"":311.9345703125},{""class_id"":2,""class_name"":""robot"",""confidence"":0.8334884643554688,""x1"":456.0858154296875,""y1"":200.68365478515625,""x2"":507.179931640625,""y2"":290.264404296875}]"
516,7.253853,1.0507560000405647,40.685201000087545,0.7463089987140847,42.94717,50.201023,2,"[{""class_id"":0,""class_name"":""ball"",""confidence"":0.9113560914993286,""x1"":307.98724365234375,""y1"":283.179931640625,""x2"":334.03466796875,""y2"":311.9232177734375},{""class_id"":2,""class_name"":""robot"",""confidence"":0.8311055898666382,""x1"":456.0107421875,""y1"":200.63961791992188,""x2"":507.3531494140625,""y2"":290.8546447753906}]"
517,0.580071,0.9455149993300438,44.44128100112721,0.7361179996223655,46.540463,47.120534,2,"[{""class_id"":0,""class_name"":""ball"",""confidence"":0.9085871577262878,""x1"":308.08270263671875,""y1"":283.26531982421875,""x2"":334.10858154296875,""y2"":311.98956298828125},{""class_id"":2,""class_name"":""robot"",""confidence"":0.8271896243095398,""x1"":456.14471435546875,""y1"":200.586669921875,""x2"":507.28875732421875,""y2"":290.582275390625}]"
518,13.790776,1.0628390009514987,43.81781600022805,0.7429470006172778,46.078429,59.869205,2,"[{""class_id"":0,""class_name"":""ball"",""confidence"":0.9081801176071167,""x1"":307.97393798828125,""y1"":283.1788330078125,""x2"":333.97784423828125,""y2"":312.04736328125},{""class_id"":2,""class_name"":""robot"",""confidence"":0.8346847295761108,""x1"":460.3426208496094,""y1"":200.95620727539062,""x2"":506.6570129394531,""y2"":289.7125244140625}]"
519,17.977184,0.8523100004822481,35.0263950003864,0.4569350003293948,36.869021,54.846205,2,"[{""class_id"":0,""class_name"":""ball"",""confidence"":0.9076903462409973,""x1"":308.213134765625,""y1"":283.0711364746094,""x2"":334.14453125,""y2"":311.9690856933594},{""class_id"":2,""class_name"":""robot"",""confidence"":0.8382506370544434,""x1"":460.0312194824219,""y1"":200.79190063476562,""x2"":506.3778381347656,""y2"":289.68609619140625}]"
520,0.340767,0.7031160002952674,35.668717999215005,0.4386629989312496,37.14369,37.484457,2,"[{""class_id"":0,""class_name"":""ball"",""confidence"":0.9089564085006714,""x1"":307.9542236328125,""y1"":283.1734924316406,""x2"":334.080078125,""y2"":312.0328674316406},{""class_id"":2,""class_name"":""robot"",""confidence"":0.8328829407691956,""x1"":460.40106201171875,""y1"":200.77566528320312,""x2"":506.55609130859375,""y2"":289.3132629394531}]"
521,25.422838,0.8717109994904604,40.69746700042742,0.426767999670119,42.346408999999994,67.769247,2,"[{""class_id"":0,""class_name"":""ball"",""confidence"":0.9106701612472534,""x1"":307.92706298828125,""y1"":283.25115966796875,""x2"":334.14849853515625,""y2"":312.01580810546875},{""class_id"":2,""class_name"":""robot"",""confidence"":0.8283641934394836,""x1"":460.77349853515625,""y1"":200.90576171875,""x2"":505.84100341796875,""y2"":288.97491455078125}]"
522,0.342193,0.8524730001226999,36.79061499860836,0.45172600039222743,38.452596,38.794789,2,"[{""class_id"":0,""class_name"":""ball"",""confidence"":0.9105024337768555,""x1"":308.0242004394531,""y1"":283.1395568847656,""x2"":334.1025695800781,""y2"":312.0099182128906},{""class_id"":2,""class_name"":""robot"",""confidence"":0.8323475122451782,""x1"":460.54144287109375,""y1"":200.91006469726562,""x2"":506.62347412109375,""y2"":289.2405700683594}]"
523,18.782908,0.8491640001011547,37.2720079994906,0.43056300091848243,38.890764000000004,57.673672,2,"[{""class_id"":0,""class_name"":""ball"",""confidence"":0.9085878133773804,""x1"":308.078857421875,""y1"":283.079345703125,""x2"":334.06201171875,""y2"":312.0919189453125},{""class_id"":2,""class_name"":""robot"",""confidence"":0.8248809576034546,""x1"":461.0209655761719,""y1"":200.95590209960938,""x2"":506.1150817871094,""y2"":288.9449157714844}]"
524,0.333195,0.7280479985638522,37.216646000160836,0.429208999776165,38.710201999999995,39.043397,2,"[{""class_id"":0,""class_name"":""ball"",""confidence"":0.9095620512962341,""x1"":308.13751220703125,""y1"":283.21014404296875,""x2"":334.07940673828125,""y2"":312.12750244140625},{""class_id"":2,""class_name"":""robot"",""confidence"":0.8393825888633728,""x1"":460.28204345703125,""y1"":200.82086181640625,""x2"":506.122314453125,""y2"":289.1793212890625}]"
525,0.335176,0.7996050007932354,36.80313000040769,0.4650189985113684,38.409670000000006,38.744846,2,"[{""class_id"":0,""class_name"":""ball"",""confidence"":0.9130851030349731,""x1"":307.96917724609375,""y1"":283.05255126953125,""x2"":333.98602294921875,""y2"":311.90545654296875},{""class_id"":2,""class_name"":""robot"",""confidence"":0.8326772451400757,""x1"":460.59246826171875,""y1"":200.76821899414062,""x2"":506.42901611328125,""y2"":288.9027099609375}]"
526,19.222847,0.8456750001641922,37.15206400011084,0.4356499994173646,38.766604,57.989451,2,"[{""class_id"":0,""class_name"":""ball"",""confidence"":0.9107623100280762,""x1"":307.974853515625,""y1"":283.23394775390625,""x2"":334.1287841796875,""y2"":312.09942626953125},{""class_id"":2,""class_name"":""robot"",""confidence"":0.8310444951057434,""x1"":460.69024658203125,""y1"":200.8895263671875,""x2"":505.9844970703125,""y2"":289.44024658203125}]"
527,0.322644,0.7652910007891478,36.93676500006404,0.43840499893121887,38.476611000000005,38.799255,2,"[{""class_id"":0,""class_name"":""ball"",""confidence"":0.9102850556373596,""x1"":307.9296875,""y1"":283.170654296875,""x2"":334.01885986328125,""y2"":312.0865478515625},{""class_id"":2,""class_name"":""robot"",""confidence"":0.8310550451278687,""x1"":461.0951232910156,""y1"":200.71066284179688,""x2"":505.9501037597656,""y2"":289.1948547363281}]"
528,22.363329,0.8616439990873914,38.16149699923699,0.43207099952269346,39.795072,62.158401,2,"[{""class_id"":0,""class_name"":""ball"",""confidence"":0.9088242650032043,""x1"":307.8880920410156,""y1"":283.07940673828125,""x2"":334.1671447753906,""y2"":311.92327880859375},{""class_id"":2,""class_name"":""robot"",""confidence"":0.8372044563293457,""x1"":459.4810791015625,""y1"":201.137939453125,""x2"":506.03265380859375,""y2"":289.00152587890625}]"
529,0.322143,0.7091690004017437,36.63933999996516,0.43904499943892006,38.132246,38.454389,2,"[{""class_id"":0,""class_name"":""ball"",""confidence"":0.9049102067947388,""x1"":308.0063171386719,""y1"":283.2297058105469,""x2"":334.1991271972656,""y2"":311.9022521972656},{""class_id"":2,""class_name"":""robot"",""confidence"":0.8323878049850464,""x1"":460.67578125,""y1"":200.8096923828125,""x2"":506.3765869140625,""y2"":289.42156982421875}]"
530,21.66698,0.8596839998062933,39.55747500003781,0.4458210005395813,41.202037000000004,62.869017,2,"[{""class_id"":0,""class_name"":""ball"",""confidence"":0.9080175161361694,""x1"":307.888916015625,""y1"":283.0456237792969,""x2"":334.20831298828125,""y2"":312.1010437011719},{""class_id"":2,""class_name"":""robot"",""confidence"":0.8300135135650635,""x1"":460.2959899902344,""y1"":200.88613891601562,""x2"":506.0108947753906,""y2"":289.3746032714844}]"
531,0.327836,0.7617100000061328,42.75697699995362,0.7284439998329617,44.629096000000004,44.956932,2,"[{""class_id"":0,""class_name"":""ball"",""confidence"":0.9109014272689819,""x1"":308.03485107421875,""y1"":283.14337158203125,""x2"":334.03607177734375,""y2"":312.10797119140625},{""class_id"":2,""class_name"":""robot"",""confidence"":0.8365410566329956,""x1"":460.6141357421875,""y1"":200.92654418945312,""x2"":506.5072021484375,""y2"":289.34552001953125}]"
532,13.901321,1.0168009994231397,44.45224600021902,0.7551299986516824,46.718008,60.619329,2,"[{""class_id"":0,""class_name"":""ball"",""confidence"":0.9079993963241577,""x1"":307.934326171875,""y1"":283.12139892578125,""x2"":334.124755859375,""y2"":311.93304443359375},{""class_id"":2,""class_name"":""robot"",""confidence"":0.8321760892868042,""x1"":460.46722412109375,""y1"":200.82379150390625,""x2"":506.01837158203125,""y2"":288.7700500488281}]"
533,0.677193,0.9283180006605107,43.02598700087401,0.783302999479929,45.168932999999996,45.846126,2,"[{""class_id"":0,""class_name"":""ball"",""confidence"":0.9085880517959595,""x1"":307.98834228515625,""y1"":283.23486328125,""x2"":334.165771484375,""y2"":311.923095703125},{""class_id"":2,""class_name"":""robot"",""confidence"":0.8333829641342163,""x1"":460.4622802734375,""y1"":200.83859252929688,""x2"":506.404296875,""y2"":289.1397399902344}]"
534,7.22352,0.9020570014399709,45.72023299988359,0.8869049997883849,47.962116,55.185636,2,"[{""class_id"":0,""class_name"":""ball"",""confidence"":0.9093660116195679,""x1"":308.0129089355469,""y1"":283.19476318359375,""x2"":334.1539611816406,""y2"":312.01312255859375},{""class_id"":2,""class_name"":""robot"",""confidence"":0.8292439579963684,""x1"":461.06298828125,""y1"":200.8516845703125,""x2"":506.5101318359375,""y2"":289.19305419921875}]"
535,0.612247,0.8739959994272795,41.96916399996553,0.7410010002786294,43.98628600000001,44.598533,2,"[{""class_id"":0,""class_name"":""ball"",""confidence"":0.9094386100769043,""x1"":307.951416015625,""y1"":283.2760009765625,""x2"":334.05450439453125,""y2"":311.99188232421875},{""class_id"":2,""class_name"":""robot"",""confidence"":0.835015058517456,""x1"":460.79351806640625,""y1"":200.86532592773438,""x2"":506.58319091796875,""y2"":289.2900085449219}]"
536,7.478581,0.9668069997132989,44.36695499862253,0.7533309999416815,46.551816,54.030397,2,"[{""class_id"":0,""class_name"":""ball"",""confidence"":0.9113788604736328,""x1"":308.04644775390625,""y1"":283.18646240234375,""x2"":334.0623779296875,""y2"":312.08502197265625},{""class_id"":2,""class_name"":""robot"",""confidence"":0.8334459066390991,""x1"":460.3631591796875,""y1"":201.0697021484375,""x2"":505.9996337890625,""y2"":289.33807373046875}]"
537,0.661484,0.9243449985660845,43.28996199910762,0.7398259986075573,45.375489,46.036973,2,"[{""class_id"":0,""class_name"":""ball"",""confidence"":0.9046272039413452,""x1"":308.15338134765625,""y1"":283.1238708496094,""x2"":333.95025634765625,""y2"":311.9765319824219},{""class_id"":2,""class_name"":""robot"",""confidence"":0.8244823813438416,""x1"":456.4446105957031,""y1"":200.66134643554688,""x2"":507.0130310058594,""y2"":290.4155578613281}]"
538,7.290422,0.988495999990846,43.38026100049319,0.750946999687585,45.549616,52.840038,2,"[{""class_id"":0,""class_name"":""ball"",""confidence"":0.9063287973403931,""x1"":307.97344970703125,""y1"":283.1336975097656,""x2"":334.17193603515625,""y2"":312.0669250488281},{""class_id"":2,""class_name"":""robot"",""confidence"":0.8303117156028748,""x1"":456.328369140625,""y1"":200.53170776367188,""x2"":507.1895751953125,""y2"":290.75616455078125}]"
539,0.57905,1.0000910006056074,42.98903399831033,0.7884099995862925,45.199498999999996,45.778549,2,"[{""class_id"":0,""class_name"":""ball"",""confidence"":0.9109373688697815,""x1"":308.0711975097656,""y1"":283.1961669921875,""x2"":334.1096496582031,""y2"":312.2197265625},{""class_id"":2,""class_name"":""robot"",""confidence"":0.8254225254058838,""x1"":461.0550537109375,""y1"":200.95309448242188,""x2"":506.1453857421875,""y2"":289.4689636230469}]"
540,8.618495,0.9923429988702992,44.523326001581154,0.7810839997546282,46.80111600000001,55.419611,2,"[{""class_id"":0,""class_name"":""ball"",""confidence"":0.903510332107544,""x1"":308.0528259277344,""y1"":283.32080078125,""x2"":334.2607727050781,""y2"":312.07720947265625},{""class_id"":2,""class_name"":""robot"",""confidence"":0.8320313096046448,""x1"":460.6778564453125,""y1"":200.87591552734375,""x2"":506.131591796875,""y2"":289.2516174316406}]"
541,0.628311,0.8821900009934325,42.682913999669836,0.7454300011886517,44.729762,45.358073,2,"[{""class_id"":0,""class_name"":""ball"",""confidence"":0.9082397818565369,""x1"":308.0845947265625,""y1"":283.1816101074219,""x2"":334.0787353515625,""y2"":312.0321350097656},{""class_id"":2,""class_name"":""robot"",""confidence"":0.8337025046348572,""x1"":461.1604919433594,""y1"":200.75857543945312,""x2"":506.9409484863281,""y2"":289.3864440917969}]"
542,7.755757,0.9925279991875868,42.96031999911065,0.7390749997284729,45.123628999999994,52.879386,2,"[{""class_id"":0,""class_name"":""ball"",""confidence"":0.9138080477714539,""x1"":307.9583435058594,""y1"":283.11138916015625,""x2"":333.9706726074219,""y2"":312.17730712890625},{""class_id"":2,""class_name"":""robot"",""confidence"":0.8386595249176025,""x1"":460.6168212890625,""y1"":200.70343017578125,""x2"":506.92047119140625,""y2"":289.34234619140625}]"
543,0.574105,0.9256240009563044,42.192611001155456,0.7402230003208388,44.261165999999996,44.835271,2,"[{""class_id"":0,""class_name"":""ball"",""confidence"":0.9097606539726257,""x1"":308.119140625,""y1"":283.17999267578125,""x2"":334.0966796875,""y2"":311.96673583984375},{""class_id"":2,""class_name"":""robot"",""confidence"":0.8393699526786804,""x1"":459.99652099609375,""y1"":200.78948974609375,""x2"":506.34747314453125,""y2"":289.00421142578125}]"
544,9.898515,0.9872279988485388,44.99517099975492,0.8019570013857447,47.272977,57.171492,2,"[{""class_id"":0,""class_name"":""ball"",""confidence"":0.9130368232727051,""x1"":307.9560546875,""y1"":283.0892333984375,""x2"":333.9603271484375,""y2"":312.077392578125},{""class_id"":2,""class_name"":""robot"",""confidence"":0.8288826942443848,""x1"":460.9382019042969,""y1"":200.8837890625,""x2"":505.8498840332031,""y2"":288.851318359375}]"
545,0.586287,0.8710070014785742,47.66242500045337,0.7943110013002297,49.737939000000004,50.324226,2,"[{""class_id"":0,""class_name"":""ball"",""confidence"":0.90993332862854,""x1"":308.00250244140625,""y1"":283.21533203125,""x2"":334.19940185546875,""y2"":312.2982177734375},{""class_id"":2,""class_name"":""robot"",""confidence"":0.8336213231086731,""x1"":460.65118408203125,""y1"":200.86224365234375,""x2"":506.30169677734375,""y2"":289.349365234375}]"
546,2.192218,0.8950510000431677,43.34986999856483,0.7334120000450639,45.393291000000005,47.585509,2,"[{""class_id"":0,""class_name"":""ball"",""confidence"":0.9136471152305603,""x1"":307.9459228515625,""y1"":283.0525817871094,""x2"":334.14459228515625,""y2"":312.0085144042969},{""class_id"":2,""class_name"":""robot"",""confidence"":0.8280445337295532,""x1"":461.66876220703125,""y1"":200.73873901367188,""x2"":506.23101806640625,""y2"":289.150146484375}]"
547,0.57546,0.8542889991076663,41.278344000602374,0.7337649985856842,43.265,43.84046,2,"[{""class_id"":0,""class_name"":""ball"",""confidence"":0.9097753167152405,""x1"":308.2052307128906,""y1"":283.3049621582031,""x2"":334.2936096191406,""y2"":312.0674743652344},{""class_id"":2,""class_name"":""robot"",""confidence"":0.8306567072868347,""x1"":460.58758544921875,""y1"":200.81838989257812,""x2"":506.22076416015625,""y2"":289.2720031738281}]"
548,10.948392,1.0270180009683827,42.659053000534186,0.7459290009137476,44.877202000000004,55.825594,2,"[{""class_id"":0,""class_name"":""ball"",""confidence"":0.9112939834594727,""x1"":307.94268798828125,""y1"":283.183837890625,""x2"":334.15594482421875,""y2"":312.064697265625},{""class_id"":2,""class_name"":""robot"",""confidence"":0.8358227610588074,""x1"":460.5006103515625,""y1"":200.77780151367188,""x2"":506.5670166015625,""y2"":289.5595397949219}]"
549,0.581153,0.7967279998410959,44.0225010006543,0.8012819998839404,46.022824,46.603977,2,"[{""class_id"":0,""class_name"":""ball"",""confidence"":0.9080848097801208,""x1"":307.92913818359375,""y1"":283.2010803222656,""x2"":334.19195556640625,""y2"":311.9834289550781},{""class_id"":2,""class_name"":""robot"",""confidence"":0.8333543539047241,""x1"":460.96148681640625,""y1"":200.85147094726562,""x2"":506.30535888671875,""y2"":289.6532897949219}]"
550,8.4362,1.0215520014753565,43.63419199944474,0.750035998862586,45.863143,54.299343,2,"[{""class_id"":0,""class_name"":""ball"",""confidence"":0.9071712493896484,""x1"":308.0810546875,""y1"":283.20965576171875,""x2"":334.0006103515625,""y2"":311.96685791015625},{""class_id"":2,""class_name"":""robot"",""confidence"":0.8230763077735901,""x1"":455.70233154296875,""y1"":200.62652587890625,""x2"":507.18511962890625,""y2"":290.68157958984375}]"
551,0.627817,0.9837350007728674,44.85523299990746,0.7418410004902398,47.017366,47.645183,2,"[{""class_id"":0,""class_name"":""ball"",""confidence"":0.9096210598945618,""x1"":308.0521240234375,""y1"":283.1151428222656,""x2"":334.0963134765625,""y2"":312.0982360839844},{""class_id"":2,""class_name"":""robot"",""confidence"":0.8249726891517639,""x1"":456.6317138671875,""y1"":200.76119995117188,""x2"":507.034423828125,""y2"":290.4617919921875}]"
552,10.455209,0.9817010013648542,42.04041000048164,0.7671099992876407,44.228263999999996,54.683473,2,"[{""class_id"":0,""class_name"":""ball"",""confidence"":0.9101759791374207,""x1"":308.0829772949219,""y1"":283.2384948730469,""x2"":334.2005920410156,""y2"":312.0164489746094},{""class_id"":2,""class_name"":""robot"",""confidence"":0.8369525671005249,""x1"":460.27227783203125,""y1"":201.08740234375,""x2"":506.75469970703125,""y2"":289.8360595703125}]"
553,19.564737,1.0553159991104621,41.33434899995336,0.8164829996530898,43.668735,63.233472,2,"[{""class_id"":0,""class_name"":""ball"",""confidence"":0.9095792174339294,""x1"":308.04925537109375,""y1"":283.1025390625,""x2"":334.052001953125,""y2"":311.9815673828125},{""class_id"":2,""class_name"":""robot"",""confidence"":0.8361831903457642,""x1"":460.08660888671875,""y1"":200.7845458984375,""x2"":506.37518310546875,""y2"":289.8252868652344}]"
554,0.609306,0.907203999304329,42.323257999669295,0.7544669988419628,44.396149,45.005455,2,"[{""class_id"":0,""class_name"":""ball"",""confidence"":0.9086154103279114,""x1"":308.0042724609375,""y1"":283.13934326171875,""x2"":334.0941162109375,""y2"":311.85638427734375},{""class_id"":2,""class_name"":""robot"",""confidence"":0.8300557136535645,""x1"":461.11053466796875,""y1"":200.81869506835938,""x2"":506.41387939453125,""y2"":289.3947448730469}]"
555,11.215001,0.9748979991854867,40.7590809991234,0.7473349996871548,42.948209999999996,54.163211,2,"[{""class_id"":0,""class_name"":""ball"",""confidence"":0.9096530675888062,""x1"":308.1910095214844,""y1"":283.1324462890625,""x2"":334.3222351074219,""y2"":311.9852294921875},{""class_id"":2,""class_name"":""robot"",""confidence"":0.8301510214805603,""x1"":460.08868408203125,""y1"":201.0865478515625,""x2"":505.95294189453125,""y2"":289.4872131347656}]"
556,0.624996,0.8303070007968927,43.11041399887472,0.756117999117123,45.111667999999995,45.736664,2,"[{""class_id"":0,""class_name"":""ball"",""confidence"":0.9102833867073059,""x1"":308.14361572265625,""y1"":283.1903076171875,""x2"":334.03192138671875,""y2"":312.05511474609375},{""class_id"":2,""class_name"":""robot"",""confidence"":0.8350161910057068,""x1"":460.8680419921875,""y1"":201.01809692382812,""x2"":506.71319580078125,""y2"":289.5016174316406}]"
557,11.211621,0.9723390012368327,44.74184100035927,0.7414280007651541,46.879956,58.091577,2,"[{""class_id"":0,""class_name"":""ball"",""confidence"":0.9085226058959961,""x1"":308.0845031738281,""y1"":283.26605224609375,""x2"":334.2006530761719,""y2"":311.8809814453125},{""class_id"":2,""class_name"":""robot"",""confidence"":0.82597815990448,""x1"":460.64447021484375,""y1"":200.9422607421875,""x2"":505.70196533203125,""y2"":288.8448486328125}]"
558,0.578702,0.8669809994898969,40.733246998570394,0.7405729993479326,42.784546,43.363248,2,"[{""class_id"":0,""class_name"":""ball"",""confidence"":0.9098620414733887,""x1"":308.14154052734375,""y1"":283.24212646484375,""x2"":334.16021728515625,""y2"":312.23150634765625},{""class_id"":2,""class_name"":""robot"",""confidence"":0.8311607837677002,""x1"":461.0614318847656,""y1"":200.709228515625,""x2"":506.0939025878906,""y2"":289.3870544433594}]"
559,9.685734,0.9820930008572759,42.55632900094497,0.7662999996682629,44.72542,54.411154,2,"[{""class_id"":0,""class_name"":""ball"",""confidence"":0.9102504849433899,""x1"":308.0054931640625,""y1"":283.12872314453125,""x2"":334.2889404296875,""y2"":312.06427001953125},{""class_id"":2,""class_name"":""robot"",""confidence"":0.8311189413070679,""x1"":460.60467529296875,""y1"":201.03741455078125,""x2"":506.37335205078125,""y2"":289.2279968261719}]"
560,0.593244,0.8816879999358207,42.47874399879947,0.7384279997495469,44.511681,45.104925,2,"[{""class_id"":0,""class_name"":""ball"",""confidence"":0.9083541631698608,""x1"":307.969482421875,""y1"":282.96728515625,""x2"":334.05108642578125,""y2"":312.12738037109375},{""class_id"":2,""class_name"":""robot"",""confidence"":0.8288612365722656,""x1"":460.74896240234375,""y1"":200.80209350585938,""x2"":506.58135986328125,""y2"":289.15283203125}]"
561,10.187872,0.9670760009612422,42.9972980000457,0.7331460001296364,45.125949,55.313821,2,"[{""class_id"":0,""class_name"":""ball"",""confidence"":0.9098551869392395,""x1"":308.23150634765625,""y1"":283.2427978515625,""x2"":334.18707275390625,""y2"":312.14105224609375},{""class_id"":2,""class_name"":""robot"",""confidence"":0.8235073089599609,""x1"":461.0446472167969,""y1"":200.98800659179688,""x2"":506.0769958496094,""y2"":289.2774353027344}]"
562,0.566061,0.874450999617693,40.18427800110658,0.7488039991585538,42.215021,42.781082,2,"[{""class_id"":0,""class_name"":""ball"",""confidence"":0.9104360938072205,""x1"":307.94036865234375,""y1"":283.2063903808594,""x2"":334.24603271484375,""y2"":312.2348937988281},{""class_id"":2,""class_name"":""robot"",""confidence"":0.8270502090454102,""x1"":460.8385009765625,""y1"":200.75381469726562,""x2"":505.9085693359375,""y2"":289.2732849121094}]"
563,16.136081,0.8323390011355514,36.61594599907403,0.4458580006030388,38.467867,54.603948,2,"[{""class_id"":0,""class_name"":""ball"",""confidence"":0.9075802564620972,""x1"":308.1004943847656,""y1"":283.1403503417969,""x2"":334.1430969238281,""y2"":312.0894470214844},{""class_id"":2,""class_name"":""robot"",""confidence"":0.8360272645950317,""x1"":460.14068603515625,""y1"":200.955810546875,""x2"":506.4410400390625,""y2"":290.01922607421875}]"
564,25.285956,0.8840489990689093,40.58253800030798,0.4495630000747042,42.287975,67.573931,2,"[{""class_id"":0,""class_name"":""ball"",""confidence"":0.9081652760505676,""x1"":308.1924133300781,""y1"":283.1186828613281,""x2"":334.0422668457031,""y2"":312.0358581542969},{""class_id"":2,""class_name"":""robot"",""confidence"":0.8268826007843018,""x1"":460.5419921875,""y1"":200.85797119140625,""x2"":506.3236083984375,""y2"":288.958984375}]"
565,0.326174,0.7481680004275404,36.34946400052286,0.4385070005810121,37.865291,38.191465,2,"[{""class_id"":0,""class_name"":""ball"",""confidence"":0.9103967547416687,""x1"":308.2464599609375,""y1"":283.133056640625,""x2"":333.9888916015625,""y2"":312.1861572265625},{""class_id"":2,""class_name"":""robot"",""confidence"":0.8279759883880615,""x1"":460.726318359375,""y1"":200.94329833984375,""x2"":506.44940185546875,""y2"":289.29052734375}]"
566,19.509745,0.8439030007139081,37.005439999120426,0.43668400030583143,39.368050999999994,58.877796,2,"[{""class_id"":0,""class_name"":""ball"",""confidence"":0.9059643149375916,""x1"":307.958740234375,""y1"":283.1946716308594,""x2"":334.0223388671875,""y2"":311.9625549316406},{""class_id"":2,""class_name"":""robot"",""confidence"":0.8228569030761719,""x1"":460.7935791015625,""y1"":200.95703125,""x2"":506.33856201171875,""y2"":288.9132080078125}]"
567,0.367916,0.7852020007703686,38.19924900017213,0.45245999899634626,39.845003999999996,40.21292,2,"[{""class_id"":0,""class_name"":""ball"",""confidence"":0.906096875667572,""x1"":308.1631164550781,""y1"":283.1461486816406,""x2"":334.0137634277344,""y2"":312.0367736816406},{""class_id"":2,""class_name"":""robot"",""confidence"":0.826579749584198,""x1"":460.8206481933594,""y1"":200.8367919921875,""x2"":505.7099304199219,""y2"":288.7789001464844}]"
568,20.320969,0.9367839993501548,37.105106999661075,0.4410269993968541,38.925021,59.24599,2,"[{""class_id"":0,""class_name"":""ball"",""confidence"":0.9098743796348572,""x1"":308.21490478515625,""y1"":283.2120666503906,""x2"":334.16558837890625,""y2"":311.9811706542969},{""class_id"":2,""class_name"":""robot"",""confidence"":0.833871603012085,""x1"":460.73736572265625,""y1"":200.85693359375,""x2"":506.29656982421875,""y2"":289.20111083984375}]"
569,0.336119,0.7079700008034706,37.53944900017814,0.42414900053699967,39.077584,39.413703,2,"[{""class_id"":0,""class_name"":""ball"",""confidence"":0.9099613428115845,""x1"":307.9873046875,""y1"":283.0157470703125,""x2"":334.021728515625,""y2"":312.0406494140625},{""class_id"":2,""class_name"":""robot"",""confidence"":0.8343074917793274,""x1"":460.902099609375,""y1"":200.71090698242188,""x2"":506.321533203125,""y2"":289.6064147949219}]"
570,0.333886,0.6927969989192206,36.38466800111928,0.4404779992910335,37.925167,38.259053,2,"[{""class_id"":0,""class_name"":""ball"",""confidence"":0.9065117835998535,""x1"":308.1473693847656,""y1"":283.0225830078125,""x2"":334.0636901855469,""y2"":311.9609375},{""class_id"":2,""class_name"":""robot"",""confidence"":0.8385359644889832,""x1"":460.31201171875,""y1"":200.90255737304688,""x2"":506.83056640625,""y2"":289.14501953125}]"
571,19.378388,0.8628300001873868,34.73030299937818,0.46826799916743767,36.48451,55.862898,2,"[{""class_id"":0,""class_name"":""ball"",""confidence"":0.91302490234375,""x1"":307.98602294921875,""y1"":283.18109130859375,""x2"":334.03314208984375,""y2"":311.98541259765625},{""class_id"":2,""class_name"":""robot"",""confidence"":0.8298662304878235,""x1"":460.7862548828125,""y1"":200.95248413085938,""x2"":506.02392578125,""y2"":288.996826171875}]"
572,0.310749,0.7628149996889988,34.592713998790714,0.43323200043232646,36.201271,36.51202,2,"[{""class_id"":0,""class_name"":""ball"",""confidence"":0.9062531590461731,""x1"":308.00689697265625,""y1"":283.1755065917969,""x2"":334.07318115234375,""y2"":311.9794616699219},{""class_id"":2,""class_name"":""robot"",""confidence"":0.8310105800628662,""x1"":455.93414306640625,""y1"":200.66973876953125,""x2"":507.54510498046875,""y2"":291.0677490234375}]"
573,26.919739,0.8495389993186109,42.74299700045958,0.4594910005835118,44.480836000000004,71.400575,2,"[{""class_id"":0,""class_name"":""ball"",""confidence"":0.9125521183013916,""x1"":308.1075439453125,""y1"":283.20904541015625,""x2"":334.0679931640625,""y2"":312.00177001953125},{""class_id"":2,""class_name"":""robot"",""confidence"":0.8351563215255737,""x1"":455.704833984375,""y1"":200.66049194335938,""x2"":507.856201171875,""y2"":290.28582763671875}]"
574,0.322049,0.7163660011428874,36.62608000013279,0.434698000390199,38.186396,38.508445,2,"[{""class_id"":0,""class_name"":""ball"",""confidence"":0.9116098284721375,""x1"":308.18218994140625,""y1"":283.1878662109375,""x2"":334.07159423828125,""y2"":312.0179443359375},{""class_id"":2,""class_name"":""robot"",""confidence"":0.8205217123031616,""x1"":456.5662841796875,""y1"":200.54550170898438,""x2"":507.32049560546875,""y2"":290.6494140625}]"
575,16.844862,0.8950339997682022,36.55688299841131,0.4315709993534256,38.302407,55.147269,2,"[{""class_id"":0,""class_name"":""ball"",""confidence"":0.9091174006462097,""x1"":307.9025573730469,""y1"":283.27252197265625,""x2"":334.2135314941406,""y2"":312.26116943359375},{""class_id"":2,""class_name"":""robot"",""confidence"":0.824529230594635,""x1"":456.61468505859375,""y1"":200.82687377929688,""x2"":507.2005615234375,""y2"":290.49822998046875}]"
576,0.317681,0.7833529998606537,36.73379400061094,0.4340029990999028,38.355239,38.67292,2,"[{""class_id"":0,""class_name"":""ball"",""confidence"":0.9092624187469482,""x1"":308.06268310546875,""y1"":283.33477783203125,""x2"":334.26251220703125,""y2"":312.13177490234375},{""class_id"":2,""class_name"":""robot"",""confidence"":0.8262589573860168,""x1"":461.2135009765625,""y1"":200.79916381835938,""x2"":505.8701171875,""y2"":288.7441711425781}]"
577,22.931606,0.9081919997697696,36.49914599918702,0.4306030004954664,38.255537000000004,61.187143,2,"[{""class_id"":0,""class_name"":""ball"",""confidence"":0.9074743986129761,""x1"":308.2032470703125,""y1"":283.2331237792969,""x2"":334.13232421875,""y2"":312.1186218261719},{""class_id"":2,""class_name"":""robot"",""confidence"":0.8303645253181458,""x1"":460.35675048828125,""y1"":200.85443115234375,""x2"":506.14190673828125,""y2"":289.35235595703125}]"
578,0.334038,0.77186199996504,36.17359000054421,0.42577600106596947,37.791567,38.125605,2,"[{""class_id"":0,""class_name"":""ball"",""confidence"":0.9074851870536804,""x1"":308.1136474609375,""y1"":283.17718505859375,""x2"":333.949462890625,""y2"":311.9849853515625},{""class_id"":2,""class_name"":""robot"",""confidence"":0.8281225562095642,""x1"":461.17803955078125,""y1"":200.7481689453125,""x2"":505.82196044921875,""y2"":288.9214782714844}]"
579,23.533732,0.8481690001644893,39.39270299997588,0.43792799988295883,41.084576999999996,64.618309,2,"[{""class_id"":0,""class_name"":""ball"",""confidence"":0.9050588607788086,""x1"":307.9556884765625,""y1"":283.2129821777344,""x2"":334.2164306640625,""y2"":312.2362976074219},{""class_id"":2,""class_name"":""robot"",""confidence"":0.8367615342140198,""x1"":460.4437255859375,""y1"":200.84695434570312,""x2"":506.438232421875,""y2"":289.08270263671875}]"
580,0.324566,0.709312998878886,35.72976299983566,0.44327299838187173,37.286485000000006,37.611051,2,"[{""class_id"":0,""class_name"":""ball"",""confidence"":0.9083970785140991,""x1"":308.2437438964844,""y1"":283.1455383300781,""x2"":334.0619201660156,""y2"":312.0111389160156},{""class_id"":2,""class_name"":""robot"",""confidence"":0.829735517501831,""x1"":460.389404296875,""y1"":200.87710571289062,""x2"":506.304931640625,""y2"":289.1609802246094}]"
581,21.252882,0.8670210008858703,38.855990998854395,0.4341359999671113,40.559073,61.811955,2,"[{""class_id"":0,""class_name"":""ball"",""confidence"":0.9081863760948181,""x1"":308.134765625,""y1"":283.1671447753906,""x2"":334.1959228515625,""y2"":312.1452941894531},{""class_id"":2,""class_name"":""robot"",""confidence"":0.8338019847869873,""x1"":460.74176025390625,""y1"":200.65679931640625,""x2"":506.70404052734375,""y2"":289.46771240234375}]"
582,0.314421,0.8552459985367022,34.796029000062845,0.4276870004105149,36.488465999999995,36.802887,2,"[{""class_id"":0,""class_name"":""ball"",""confidence"":0.9119200110435486,""x1"":308.1602783203125,""y1"":283.1589660644531,""x2"":333.9442138671875,""y2"":312.0348205566406},{""class_id"":2,""class_name"":""robot"",""confidence"":0.8340358138084412,""x1"":460.42291259765625,""y1"":200.83084106445312,""x2"":506.42559814453125,""y2"":289.5350646972656}]"
583,22.60839,0.8457640014967183,37.6736609996442,0.44909600001119543,39.428045,62.036435,2,"[{""class_id"":0,""class_name"":""ball"",""confidence"":0.9094740748405457,""x1"":307.995849609375,""y1"":283.15380859375,""x2"":334.1220703125,""y2"":312.0338134765625},{""class_id"":2,""class_name"":""robot"",""confidence"":0.8313063979148865,""x1"":455.78155517578125,""y1"":200.68472290039062,""x2"":507.95355224609375,""y2"":290.8608703613281}]"
584,0.315697,0.8653200002299855,35.928672999943956,0.43109600119350944,37.634949,37.950646,2,"[{""class_id"":0,""class_name"":""ball"",""confidence"":0.9097935557365417,""x1"":307.98297119140625,""y1"":283.1451416015625,""x2"":334.19342041015625,""y2"":312.0172119140625},{""class_id"":2,""class_name"":""robot"",""confidence"":0.8305162787437439,""x1"":456.79693603515625,""y1"":200.78134155273438,""x2"":507.240966796875,""y2"":290.2669372558594}]"
585,22.537063,0.8457200001430465,37.444265000885935,0.4246099997544661,39.171999,61.709062,2,"[{""class_id"":0,""class_name"":""ball"",""confidence"":0.9070202708244324,""x1"":308.1006164550781,""y1"":283.1475524902344,""x2"":334.0764465332031,""y2"":311.9638977050781},{""class_id"":2,""class_name"":""robot"",""confidence"":0.8371773958206177,""x1"":460.4671325683594,""y1"":200.76434326171875,""x2"":506.7188415527344,""y2"":289.36968994140625}]"
586,0.363826,0.8693790005054325,34.88626999933331,0.4452049997780705,36.607777,36.971603,2,"[{""class_id"":0,""class_name"":""ball"",""confidence"":0.9074826240539551,""x1"":307.9901123046875,""y1"":283.22509765625,""x2"":334.1654052734375,""y2"":312.16455078125},{""class_id"":2,""class_name"":""robot"",""confidence"":0.8360385298728943,""x1"":460.25408935546875,""y1"":201.05731201171875,""x2"":506.34063720703125,""y2"":289.2281494140625}]"
587,23.918589,0.8277029992314056,38.020379999579745,0.5130039990035584,39.769862,63.688451,2,"[{""class_id"":0,""class_name"":""ball"",""confidence"":0.9128116965293884,""x1"":308.0817565917969,""y1"":283.2452392578125,""x2"":334.1159362792969,""y2"":312.137939453125},{""class_id"":2,""class_name"":""robot"",""confidence"":0.8199170827865601,""x1"":456.02325439453125,""y1"":200.76681518554688,""x2"":506.83441162109375,""y2"":290.1683044433594}]"
588,0.331036,0.7259119993250351,34.02045099937823,0.47426300079678185,35.630926,35.961962,2,"[{""class_id"":0,""class_name"":""ball"",""confidence"":0.904480516910553,""x1"":307.8703918457031,""y1"":283.14739990234375,""x2"":334.2162780761719,""y2"":311.97686767578125},{""class_id"":2,""class_name"":""robot"",""confidence"":0.8335325121879578,""x1"":455.717041015625,""y1"":200.7305908203125,""x2"":507.9547119140625,""y2"":290.538330078125}]"
589,24.197168,0.8867670003382955,38.03364600025816,0.4834119990846375,39.82387799999999,64.021046,2,"[{""class_id"":0,""class_name"":""ball"",""confidence"":0.9109009504318237,""x1"":308.1250305175781,""y1"":283.05029296875,""x2"":334.0848693847656,""y2"":311.963134765625},{""class_id"":2,""class_name"":""robot"",""confidence"":0.8263913989067078,""x1"":456.19537353515625,""y1"":200.81954956054688,""x2"":507.26837158203125,""y2"":290.7603759765625}]"
590,0.326068,0.9196709997922881,35.57492299842124,0.44463300037023146,37.351569,37.677637,2,"[{""class_id"":0,""class_name"":""ball"",""confidence"":0.9094209671020508,""x1"":308.01312255859375,""y1"":283.04931640625,""x2"":334.10003662109375,""y2"":312.16998291015625},{""class_id"":2,""class_name"":""robot"",""confidence"":0.836911141872406,""x1"":460.4898681640625,""y1"":200.77920532226562,""x2"":506.4683837890625,""y2"":289.1023864746094}]"
591,22.427558,0.8252910010924097,37.36483499960741,0.43517499943845905,39.098375000000004,61.525933,2,"[{""class_id"":0,""class_name"":""ball"",""confidence"":0.9110601544380188,""x1"":308.0330505371094,""y1"":283.15496826171875,""x2"":334.2371520996094,""y2"":312.24835205078125},{""class_id"":2,""class_name"":""robot"",""confidence"":0.8316970467567444,""x1"":460.807373046875,""y1"":200.6375732421875,""x2"":506.18017578125,""y2"":288.93548583984375}]"
592,0.380898,0.7498189988837112,35.41232099996705,0.42490000123507343,36.919866,37.300764,2,"[{""class_id"":0,""class_name"":""ball"",""confidence"":0.9085428714752197,""x1"":308.02288818359375,""y1"":283.220703125,""x2"":334.13763427734375,""y2"":311.8746337890625},{""class_id"":2,""class_name"":""robot"",""confidence"":0.8393369317054749,""x1"":460.1307373046875,""y1"":200.76187133789062,""x2"":506.7322998046875,""y2"":289.7660217285156}]"
593,23.434368,0.9030439996422501,39.71679800088168,0.4265179995854851,41.387429000000004,64.821797,2,"[{""class_id"":0,""class_name"":""ball"",""confidence"":0.9106641411781311,""x1"":308.00128173828125,""y1"":283.2102966308594,""x2"":334.13873291015625,""y2"":311.8445739746094},{""class_id"":2,""class_name"":""robot"",""confidence"":0.8297626972198486,""x1"":460.5716552734375,""y1"":200.9488525390625,""x2"":506.3087158203125,""y2"":289.66693115234375}]"
594,0.313141,0.7287170010386035,34.992310998859466,0.42885700167971663,36.482645,36.795786,2,"[{""class_id"":0,""class_name"":""ball"",""confidence"":0.9050888419151306,""x1"":308.08447265625,""y1"":283.17901611328125,""x2"":334.05609130859375,""y2"":311.9742431640625},{""class_id"":2,""class_name"":""robot"",""confidence"":0.8342908024787903,""x1"":460.642333984375,""y1"":200.78509521484375,""x2"":505.8028564453125,""y2"":289.4451904296875}]"
595,21.740369,0.9158140001090942,40.190346000599675,0.431325999670662,41.885597,63.625966,2,"[{""class_id"":0,""class_name"":""ball"",""confidence"":0.9109676480293274,""x1"":308.06695556640625,""y1"":283.2707214355469,""x2"":334.123291015625,""y2"":311.8663024902344},{""class_id"":2,""class_name"":""robot"",""confidence"":0.8320848941802979,""x1"":460.48236083984375,""y1"":201.0203857421875,""x2"":506.09918212890625,""y2"":289.09002685546875}]"
596,0.317358,0.6923079999978654,35.02145999846107,0.4339259994594613,36.492643,36.810001,2,"[{""class_id"":0,""class_name"":""ball"",""confidence"":0.9089953303337097,""x1"":308.1585693359375,""y1"":283.14739990234375,""x2"":334.1461181640625,""y2"":312.0718994140625},{""class_id"":2,""class_name"":""robot"",""confidence"":0.8338209390640259,""x1"":460.75634765625,""y1"":200.73648071289062,""x2"":507.1656494140625,""y2"":289.7038879394531}]"
597,21.416034,0.8423309991485439,38.00177499942947,0.46540100083802827,39.673064,61.089098,2,"[{""class_id"":0,""class_name"":""ball"",""confidence"":0.9062687158584595,""x1"":307.97467041015625,""y1"":283.176513671875,""x2"":334.06268310546875,""y2"":312.0377197265625},{""class_id"":2,""class_name"":""robot"",""confidence"":0.8299949765205383,""x1"":460.8708801269531,""y1"":200.89395141601562,""x2"":506.3470764160156,""y2"":289.0708312988281}]"
598,0.316428,0.7625670004927088,36.964506000003894,0.44174399954499677,38.512254,38.828682,2,"[{""class_id"":0,""class_name"":""ball"",""confidence"":0.9075578451156616,""x1"":308.22979736328125,""y1"":283.317138671875,""x2"":334.24725341796875,""y2"":312.21453857421875},{""class_id"":2,""class_name"":""robot"",""confidence"":0.8305052518844604,""x1"":460.5172424316406,""y1"":200.74139404296875,""x2"":506.6283264160156,""y2"":289.34246826171875}]"
599,25.445902,0.8387479992961744,43.06057899884763,0.4385939992062049,44.68011799999999,70.12602,2,"[{""class_id"":0,""class_name"":""ball"",""confidence"":0.907788872718811,""x1"":308.0511779785156,""y1"":283.2082824707031,""x2"":334.0448913574219,""y2"":312.1112976074219},{""class_id"":2,""class_name"":""robot"",""confidence"":0.8327100872993469,""x1"":460.30950927734375,""y1"":200.84909057617188,""x2"":506.401611328125,""y2"":289.7138366699219}]"
600,19.268473,0.8715749991097255,39.12332400068408,0.4325879999669269,40.771394,60.039867,2,"[{""class_id"":0,""class_name"":""ball"",""confidence"":0.907859206199646,""x1"":308.0343017578125,""y1"":283.31121826171875,""x2"":334.29437255859375,""y2"":312.1298828125},{""class_id"":2,""class_name"":""robot"",""confidence"":0.8243980407714844,""x1"":456.04486083984375,""y1"":200.64974975585938,""x2"":507.60205078125,""y2"":290.5138854980469}]"
601,0.332108,0.6586290000996087,37.792130999150686,0.43528999958653003,39.21922,39.551328,2,"[{""class_id"":0,""class_name"":""ball"",""confidence"":0.9059580564498901,""x1"":308.15020751953125,""y1"":283.2458190917969,""x2"":334.26434326171875,""y2"":312.1958923339844},{""class_id"":2,""class_name"":""robot"",""confidence"":0.8379064798355103,""x1"":460.6654052734375,""y1"":200.7926025390625,""x2"":506.212646484375,""y2"":289.23699951171875}]"
602,19.617093,0.880438999956823,38.27637500035053,0.4298149997339351,39.926635000000005,59.543728,2,"[{""class_id"":0,""class_name"":""ball"",""confidence"":0.9074133634567261,""x1"":308.0264892578125,""y1"":283.2557373046875,""x2"":334.0780029296875,""y2"":312.059326171875},{""class_id"":2,""class_name"":""robot"",""confidence"":0.8339025974273682,""x1"":456.0009765625,""y1"":200.82345581054688,""x2"":507.0489501953125,""y2"":290.916259765625}]"
603,0.335249,0.673714999720687,35.76104400053737,0.43693399857147597,37.217307000000005,37.552556,2,"[{""class_id"":0,""class_name"":""ball"",""confidence"":0.9061942100524902,""x1"":307.9863586425781,""y1"":283.1338806152344,""x2"":334.0571594238281,""y2"":312.0859069824219},{""class_id"":2,""class_name"":""robot"",""confidence"":0.8293752074241638,""x1"":460.89190673828125,""y1"":200.81210327148438,""x2"":506.06365966796875,""y2"":289.35150146484375}]"
604,22.334581,0.8433840012003202,38.91338300127245,0.4449739990377566,40.537847,62.872428,2,"[{""class_id"":0,""class_name"":""ball"",""confidence"":0.9104329347610474,""x1"":308.2552795410156,""y1"":283.22247314453125,""x2"":334.0476379394531,""y2"":312.05902099609375},{""class_id"":2,""class_name"":""robot"",""confidence"":0.8329095244407654,""x1"":460.829833984375,""y1"":200.73291015625,""x2"":506.036865234375,""y2"":289.2216796875}]"
605,0.322041,0.8408249996136874,38.364428999557276,0.42024200047308113,39.972424000000004,40.294465,2,"[{""class_id"":0,""class_name"":""ball"",""confidence"":0.9070801138877869,""x1"":308.2198181152344,""y1"":283.321533203125,""x2"":334.2084045410156,""y2"":311.969482421875},{""class_id"":2,""class_name"":""robot"",""confidence"":0.8360704779624939,""x1"":460.5995788574219,""y1"":200.92697143554688,""x2"":506.6617126464844,""y2"":289.18109130859375}]"
606,19.106057,0.897710999197443,35.9735299989552,0.44004600022162776,37.644466,56.750523,2,"[{""class_id"":0,""class_name"":""ball"",""confidence"":0.9101600050926208,""x1"":307.92510986328125,""y1"":283.2491455078125,""x2"":334.07781982421875,""y2"":312.024169921875},{""class_id"":2,""class_name"":""robot"",""confidence"":0.8337713479995728,""x1"":460.54705810546875,""y1"":200.9588623046875,""x2"":506.483154296875,""y2"":289.4277038574219}]"
607,0.347015,0.6605219987250166,39.80326199962292,0.43106600060127676,41.234356,41.581371,2,"[{""class_id"":0,""class_name"":""ball"",""confidence"":0.9035629630088806,""x1"":308.1825256347656,""y1"":283.2366943359375,""x2"":334.2578430175781,""y2"":312.1458740234375},{""class_id"":2,""class_name"":""robot"",""confidence"":0.8302304148674011,""x1"":460.5904541015625,""y1"":200.8885498046875,""x2"":506.7154541015625,""y2"":289.46038818359375}]"
608,0.323074,0.7068069990054937,35.15995799898519,0.4314260004321113,36.639961,36.963035,2,"[{""class_id"":0,""class_name"":""ball"",""confidence"":0.9081882834434509,""x1"":307.94775390625,""y1"":283.22265625,""x2"":334.2149658203125,""y2"":312.16162109375},{""class_id"":2,""class_name"":""robot"",""confidence"":0.8320407867431641,""x1"":460.6103210449219,""y1"":200.81771850585938,""x2"":506.2022399902344,""y2"":289.5348205566406}]"
609,19.674242,0.9191619992634514,35.93483999975433,0.4382580009405501,37.636196,57.310438,2,"[{""class_id"":0,""class_name"":""ball"",""confidence"":0.9078943729400635,""x1"":308.05206298828125,""y1"":283.3243408203125,""x2"":334.33245849609375,""y2"":312.16864013671875},{""class_id"":2,""class_name"":""robot"",""confidence"":0.832428514957428,""x1"":460.67327880859375,""y1"":201.00411987304688,""x2"":506.36358642578125,""y2"":289.1285095214844}]"
610,0.315483,0.7407810007862281,34.908188001281815,0.42648300041037146,36.421562,36.737045,2,"[{""class_id"":0,""class_name"":""ball"",""confidence"":0.9079092144966125,""x1"":308.05322265625,""y1"":283.1868591308594,""x2"":334.12554931640625,""y2"":312.1847229003906},{""class_id"":2,""class_name"":""robot"",""confidence"":0.8282932639122009,""x1"":460.75213623046875,""y1"":201.00445556640625,""x2"":505.74298095703125,""y2"":289.14373779296875}]"
611,25.601097,0.8707990000402788,44.75633900074172,0.45495399899664335,46.426924,72.028021,2,"[{""class_id"":0,""class_name"":""ball"",""confidence"":0.9107400178909302,""x1"":307.9707946777344,""y1"":283.12091064453125,""x2"":334.1101379394531,""y2"":312.08966064453125},{""class_id"":2,""class_name"":""robot"",""confidence"":0.8321980834007263,""x1"":460.57342529296875,""y1"":200.9114990234375,""x2"":506.57879638671875,""y2"":289.67584228515625}]"
612,0.326894,0.6902289987920085,37.27366599923698,0.49151300117955543,38.789789999999996,39.116684,2,"[{""class_id"":0,""class_name"":""ball"",""confidence"":0.9072362184524536,""x1"":308.038818359375,""y1"":283.2481689453125,""x2"":334.102783203125,""y2"":312.0599365234375},{""class_id"":2,""class_name"":""robot"",""confidence"":0.8371297717094421,""x1"":460.3468017578125,""y1"":200.976806640625,""x2"":506.44970703125,""y2"":289.3066101074219}]"
613,14.399195,0.824841999929049,39.10042799907387,0.4529879988695029,40.711961,55.111156,2,"[{""class_id"":0,""class_name"":""ball"",""confidence"":0.9075536131858826,""x1"":308.07421875,""y1"":283.2314453125,""x2"":334.1690673828125,""y2"":312.1851806640625},{""class_id"":2,""class_name"":""robot"",""confidence"":0.8286911845207214,""x1"":455.9813537597656,""y1"":200.62948608398438,""x2"":507.4520568847656,""y2"":290.54681396484375}]"
614,0.324799,0.6912219996593194,36.9753689992649,0.43617399933282286,38.452509,38.777308,2,"[{""class_id"":0,""class_name"":""ball"",""confidence"":0.9084285497665405,""x1"":307.97393798828125,""y1"":283.16552734375,""x2"":334.05950927734375,""y2"":311.9686279296875},{""class_id"":2,""class_name"":""robot"",""confidence"":0.8413163423538208,""x1"":460.2283935546875,""y1"":200.85647583007812,""x2"":506.6007080078125,""y2"":289.163330078125}]"
615,20.529104,0.8311120000144001,36.24882500116655,0.4319870004110271,37.864453999999995,58.393558,2,"[{""class_id"":0,""class_name"":""ball"",""confidence"":0.9101454019546509,""x1"":308.0875549316406,""y1"":283.2982177734375,""x2"":334.1163024902344,""y2"":312.234130859375},{""class_id"":2,""class_name"":""robot"",""confidence"":0.8320838212966919,""x1"":460.59552001953125,""y1"":201.053955078125,""x2"":505.96575927734375,""y2"":289.0830383300781}]"
616,0.32139,0.7602969999425113,35.709850999410264,0.446367999757058,37.252863,37.574253,2,"[{""class_id"":0,""class_name"":""ball"",""confidence"":0.9096614122390747,""x1"":308.1439208984375,""y1"":283.07391357421875,""x2"":334.18475341796875,""y2"":311.93096923828125},{""class_id"":2,""class_name"":""robot"",""confidence"":0.8328916430473328,""x1"":460.73541259765625,""y1"":200.81597900390625,""x2"":506.59228515625,""y2"":289.78326416015625}]"
617,24.487403,0.8345630012627225,42.69161800039001,0.4428789998200955,44.330552999999995,68.817956,2,"[{""class_id"":0,""class_name"":""ball"",""confidence"":0.9112415313720703,""x1"":308.17291259765625,""y1"":283.17401123046875,""x2"":334.0703125,""y2"":312.03924560546875},{""class_id"":2,""class_name"":""robot"",""confidence"":0.8337031602859497,""x1"":460.5342102050781,""y1"":200.85052490234375,""x2"":506.4877014160156,""y2"":289.6770935058594}]"
618,0.324057,0.6782580003346084,37.5472779996926,0.4635219993360806,39.02132099999999,39.345378,2,"[{""class_id"":0,""class_name"":""ball"",""confidence"":0.9125699996948242,""x1"":308.008056640625,""y1"":283.2818603515625,""x2"":334.1278076171875,""y2"":312.0694580078125},{""class_id"":2,""class_name"":""robot"",""confidence"":0.8349331617355347,""x1"":460.59613037109375,""y1"":200.88055419921875,""x2"":507.07122802734375,""y2"":289.1580810546875}]"
619,16.287488,0.8332930010510609,37.94966799978283,0.44698300007439684,39.562560000000005,55.850048,2,"[{""class_id"":0,""class_name"":""ball"",""confidence"":0.9097049832344055,""x1"":307.87249755859375,""y1"":283.2579345703125,""x2"":334.21514892578125,""y2"":312.04541015625},{""class_id"":2,""class_name"":""robot"",""confidence"":0.8361562490463257,""x1"":460.4306640625,""y1"":200.872802734375,""x2"":506.2734375,""y2"":289.14886474609375}]"
620,0.319893,0.7151980007620296,38.83754200069234,0.45071299973642454,40.389997,40.70989,2,"[{""class_id"":0,""class_name"":""ball"",""confidence"":0.9089195728302002,""x1"":307.99267578125,""y1"":283.15673828125,""x2"":334.119873046875,""y2"":311.9288330078125},{""class_id"":2,""class_name"":""robot"",""confidence"":0.8426914215087891,""x1"":457.6521911621094,""y1"":200.93243408203125,""x2"":507.0551452636719,""y2"":289.51763916015625}]"
621,19.481553,0.8881680005288217,46.06603600041126,0.7533860007242765,48.130815999999996,67.612369,2,"[{""class_id"":0,""class_name"":""ball"",""confidence"":0.905813455581665,""x1"":308.1390380859375,""y1"":283.3309326171875,""x2"":334.20770263671875,""y2"":312.18115234375},{""class_id"":2,""class_name"":""robot"",""confidence"":0.8273929953575134,""x1"":460.93408203125,""y1"":200.93179321289062,""x2"":506.2486572265625,""y2"":288.6322326660156}]"
622,0.583145,0.8890310000424506,43.56560099950002,0.7371000010607531,45.624043,46.207188,2,"[{""class_id"":0,""class_name"":""ball"",""confidence"":0.9130133986473083,""x1"":308.08447265625,""y1"":283.070556640625,""x2"":333.94122314453125,""y2"":311.961669921875},{""class_id"":2,""class_name"":""robot"",""confidence"":0.8348034024238586,""x1"":460.593994140625,""y1"":200.8133544921875,""x2"":506.51971435546875,""y2"":289.2779541015625}]"
623,5.646641,1.01009300124133,41.929922001145314,0.7478970001102425,44.134837,49.781478,2,"[{""class_id"":0,""class_name"":""ball"",""confidence"":0.9089405536651611,""x1"":307.954345703125,""y1"":283.2337646484375,""x2"":334.262451171875,""y2"":312.1630859375},{""class_id"":2,""class_name"":""robot"",""confidence"":0.8333670496940613,""x1"":460.7736511230469,""y1"":200.86068725585938,""x2"":506.7244567871094,""y2"":289.6488037109375}]"
624,0.580618,1.0005009989981772,42.487572000027285,0.7325750011659693,44.645724,45.226342,2,"[{""class_id"":0,""class_name"":""ball"",""confidence"":0.9071633219718933,""x1"":307.94970703125,""y1"":283.14642333984375,""x2"":334.1937255859375,""y2"":312.17486572265625},{""class_id"":2,""class_name"":""robot"",""confidence"":0.8415583372116089,""x1"":460.1221618652344,""y1"":200.82070922851562,""x2"":506.4084777832031,""y2"":289.6079406738281}]"
625,10.676421,0.9738959997775964,42.70819399971515,0.750857998355059,44.861278000000006,55.537699,2,"[{""class_id"":0,""class_name"":""ball"",""confidence"":0.9092532992362976,""x1"":307.992431640625,""y1"":283.3345947265625,""x2"":334.18243408203125,""y2"":312.1114501953125},{""class_id"":2,""class_name"":""robot"",""confidence"":0.8372083306312561,""x1"":460.29425048828125,""y1"":200.9010009765625,""x2"":506.36492919921875,""y2"":289.4815368652344}]"
626,0.57727,0.8597350006311899,44.40974200042547,0.8229800005210564,46.522301,47.099571,2,"[{""class_id"":0,""class_name"":""ball"",""confidence"":0.9093712568283081,""x1"":308.12628173828125,""y1"":283.1009521484375,""x2"":334.16986083984375,""y2"":311.929931640625},{""class_id"":2,""class_name"":""robot"",""confidence"":0.8397293090820312,""x1"":457.62744140625,""y1"":201.02767944335938,""x2"":507.2410888671875,""y2"":289.00103759765625}]"
627,8.14593,0.9518070000922307,42.89221399994858,0.7390089995169546,45.013063,53.158993,2,"[{""class_id"":0,""class_name"":""ball"",""confidence"":0.9116311073303223,""x1"":308.0285339355469,""y1"":283.29486083984375,""x2"":334.2247009277344,""y2"":312.17474365234375},{""class_id"":2,""class_name"":""robot"",""confidence"":0.8253675103187561,""x1"":461.0953369140625,""y1"":200.93106079101562,""x2"":505.4559326171875,""y2"":288.7355041503906}]"
628,0.582421,0.8589400003984338,42.40497199862148,0.730740999642876,44.412888,44.995309,2,"[{""class_id"":0,""class_name"":""ball"",""confidence"":0.912221372127533,""x1"":308.114013671875,""y1"":283.1048583984375,""x2"":334.1414794921875,""y2"":311.9713134765625},{""class_id"":2,""class_name"":""robot"",""confidence"":0.8325643539428711,""x1"":460.57196044921875,""y1"":201.00942993164062,""x2"":506.37066650390625,""y2"":289.5943908691406}]"
629,9.74088,0.9901369994622655,44.03606100095203,0.743417000194313,46.208955,55.949835,2,"[{""class_id"":0,""class_name"":""ball"",""confidence"":0.904815137386322,""x1"":308.1183166503906,""y1"":283.3282470703125,""x2"":334.3919982910156,""y2"":312.1014404296875},{""class_id"":2,""class_name"":""robot"",""confidence"":0.8311096429824829,""x1"":460.5097961425781,""y1"":200.89096069335938,""x2"":506.2798156738281,""y2"":289.3283996582031}]"
630,0.571127,0.8446530009678099,42.90958699857583,0.8197659990401007,44.975035000000005,45.546162,2,"[{""class_id"":0,""class_name"":""ball"",""confidence"":0.9063822031021118,""x1"":308.1272277832031,""y1"":283.186279296875,""x2"":334.2283020019531,""y2"":312.0579833984375},{""class_id"":2,""class_name"":""robot"",""confidence"":0.8366844058036804,""x1"":460.578125,""y1"":200.93276977539062,""x2"":506.79205322265625,""y2"":289.31878662109375}]"
631,8.214902,1.1819780011137482,40.72459599956346,0.7258620007632999,43.072849999999995,51.287752,2,"[{""class_id"":0,""class_name"":""ball"",""confidence"":0.9111044406890869,""x1"":308.03741455078125,""y1"":283.06439208984375,""x2"":334.12725830078125,""y2"":312.01202392578125},{""class_id"":2,""class_name"":""robot"",""confidence"":0.8303444385528564,""x1"":460.86932373046875,""y1"":200.876953125,""x2"":506.61920166015625,""y2"":289.5291748046875}]"
632,0.574027,0.8725879997655284,42.93423399940366,0.7459930002369219,44.980610999999996,45.554638,2,"[{""class_id"":0,""class_name"":""ball"",""confidence"":0.9098184704780579,""x1"":308.21405029296875,""y1"":283.13629150390625,""x2"":334.09710693359375,""y2"":311.95660400390625},{""class_id"":2,""class_name"":""robot"",""confidence"":0.8313945531845093,""x1"":460.5283203125,""y1"":200.99636840820312,""x2"":506.0738525390625,""y2"":289.0991516113281}]"
633,15.447766,0.844005000544712,34.841876000427874,0.4464670000743354,36.626702,52.074468,2,"[{""class_id"":0,""class_name"":""ball"",""confidence"":0.9075443148612976,""x1"":308.0035095214844,""y1"":283.1992492675781,""x2"":334.1625671386719,""y2"":311.9956359863281},{""class_id"":2,""class_name"":""robot"",""confidence"":0.8330091834068298,""x1"":460.15643310546875,""y1"":200.8931884765625,""x2"":506.1502685546875,""y2"":289.423828125}]"
634,26.932866,0.9405790005985182,38.08333100096206,0.5050229992775712,39.883573,66.816439,2,"[{""class_id"":0,""class_name"":""ball"",""confidence"":0.9091482162475586,""x1"":308.31072998046875,""y1"":283.142333984375,""x2"":334.1015625,""y2"":312.01080322265625},{""class_id"":2,""class_name"":""robot"",""confidence"":0.8369737863540649,""x1"":460.1063232421875,""y1"":200.91024780273438,""x2"":506.1959228515625,""y2"":289.2611083984375}]"
635,0.321862,0.7698299996263813,36.4802519998193,0.4235600008541951,38.011613999999994,38.333476,2,"[{""class_id"":0,""class_name"":""ball"",""confidence"":0.9108349680900574,""x1"":308.15582275390625,""y1"":283.2177734375,""x2"":334.14361572265625,""y2"":311.91229248046875},{""class_id"":2,""class_name"":""robot"",""confidence"":0.8297820687294006,""x1"":460.7183837890625,""y1"":200.82574462890625,""x2"":506.107421875,""y2"":288.90301513671875}]"
636,21.915725,0.8948160011641448,38.60879099920567,0.5020040007366333,40.385316,62.301041,2,"[{""class_id"":0,""class_name"":""ball"",""confidence"":0.9113366603851318,""x1"":307.9498291015625,""y1"":283.21746826171875,""x2"":334.0821533203125,""y2"":312.07513427734375},{""class_id"":2,""class_name"":""robot"",""confidence"":0.8272714018821716,""x1"":461.34039306640625,""y1"":200.96853637695312,""x2"":506.75616455078125,""y2"":289.219482421875}]"
637,0.337613,0.6978419987717643,47.153483999863965,0.4387070002849214,48.623806,48.961419,2,"[{""class_id"":0,""class_name"":""ball"",""confidence"":0.9098320603370667,""x1"":307.97113037109375,""y1"":283.21478271484375,""x2"":334.29559326171875,""y2"":312.13848876953125},{""class_id"":2,""class_name"":""robot"",""confidence"":0.825830340385437,""x1"":461.0233154296875,""y1"":200.9300537109375,""x2"":505.6048583984375,""y2"":288.9033203125}]"
638,10.460726,0.9383649994560983,35.565176000091014,0.42844600102398545,37.297995,47.758721,2,"[{""class_id"":0,""class_name"":""ball"",""confidence"":0.9105889797210693,""x1"":307.973388671875,""y1"":283.2314147949219,""x2"":334.1346435546875,""y2"":312.1753845214844},{""class_id"":2,""class_name"":""robot"",""confidence"":0.834147036075592,""x1"":460.4688720703125,""y1"":200.7152099609375,""x2"":506.2752685546875,""y2"":289.1309814453125}]"
639,0.338958,0.664889999825391,36.12122100093984,0.4308199986553518,37.549939,37.888897,2,"[{""class_id"":0,""class_name"":""ball"",""confidence"":0.9062134623527527,""x1"":308.0716552734375,""y1"":283.2977294921875,""x2"":334.09088134765625,""y2"":311.9349365234375},{""class_id"":2,""class_name"":""robot"",""confidence"":0.8328530192375183,""x1"":456.0539245605469,""y1"":200.6446533203125,""x2"":507.7279968261719,""y2"":290.9326171875}]"
640,0.326218,0.6837470009486424,33.8229750013852,0.42736800060083624,35.263946000000004,35.590164,2,"[{""class_id"":0,""class_name"":""ball"",""confidence"":0.9106243848800659,""x1"":308.0325927734375,""y1"":283.1717834472656,""x2"":334.144775390625,""y2"":312.0784606933594},{""class_id"":2,""class_name"":""robot"",""confidence"":0.826755702495575,""x1"":455.92333984375,""y1"":200.5537109375,""x2"":507.4898681640625,""y2"":290.53466796875}]"
641,25.232568,0.8250760001828894,39.83987599895045,0.4330629999458324,41.448646999999994,66.681215,2,"[{""class_id"":0,""class_name"":""ball"",""confidence"":0.9105992913246155,""x1"":308.0048522949219,""y1"":283.0686340332031,""x2"":334.1062316894531,""y2"":312.0431213378906},{""class_id"":2,""class_name"":""robot"",""confidence"":0.8197080492973328,""x1"":456.4774169921875,""y1"":200.77993774414062,""x2"":506.98583984375,""y2"":290.4520568847656}]"
642,0.322927,0.724981999155716,33.4133340002154,0.4441189994395245,34.932946,35.255873,2,"[{""class_id"":0,""class_name"":""ball"",""confidence"":0.9119221568107605,""x1"":307.8414611816406,""y1"":283.17852783203125,""x2"":334.1595153808594,""y2"":312.056396484375},{""class_id"":2,""class_name"":""robot"",""confidence"":0.8313038349151611,""x1"":460.3986511230469,""y1"":200.81857299804688,""x2"":506.1588439941406,""y2"":289.4964294433594}]"
643,23.010228,0.9797649981919676,39.409094000802725,0.431705000664806,41.177634999999995,64.187863,2,"[{""class_id"":0,""class_name"":""ball"",""confidence"":0.9100237488746643,""x1"":308.1604919433594,""y1"":283.1219482421875,""x2"":334.1097106933594,""y2"":312.0560302734375},{""class_id"":2,""class_name"":""robot"",""confidence"":0.826854407787323,""x1"":460.51104736328125,""y1"":200.95675659179688,""x2"":505.45623779296875,""y2"":288.9654235839844}]"
644,0.332014,0.7260710008267779,33.963838999625295,0.42749800013552886,35.444857999999996,35.776872,2,"[{""class_id"":0,""class_name"":""ball"",""confidence"":0.9104680418968201,""x1"":308.1553649902344,""y1"":283.2938232421875,""x2"":334.2148132324219,""y2"":312.1815185546875},{""class_id"":2,""class_name"":""robot"",""confidence"":0.8340733051300049,""x1"":460.82135009765625,""y1"":200.93502807617188,""x2"":506.64520263671875,""y2"":289.5719909667969}]"
645,23.217775,0.8399799990002066,39.245657999344985,0.43000199912057724,40.89868899999999,64.116464,2,"[{""class_id"":0,""class_name"":""ball"",""confidence"":0.9126204252243042,""x1"":307.9118347167969,""y1"":283.2500305175781,""x2"":334.2195129394531,""y2"":311.9681091308594},{""class_id"":2,""class_name"":""robot"",""confidence"":0.8348286747932434,""x1"":460.16973876953125,""y1"":200.90655517578125,""x2"":506.06707763671875,""y2"":288.90179443359375}]"
646,0.340418,0.6601709992537508,36.02341999976488,0.48949100164463744,37.504115,37.844533,2,"[{""class_id"":0,""class_name"":""ball"",""confidence"":0.9119351506233215,""x1"":307.987548828125,""y1"":283.20965576171875,""x2"":334.0546875,""y2"":312.03326416015625},{""class_id"":2,""class_name"":""robot"",""confidence"":0.8376328945159912,""x1"":459.98834228515625,""y1"":201.0477294921875,""x2"":506.558349609375,""y2"":289.54473876953125}]"
647,21.011517,1.0051379995275056,39.57922500012501,0.42889999895123765,41.360764,62.372281,2,"[{""class_id"":0,""class_name"":""ball"",""confidence"":0.9097795486450195,""x1"":307.94989013671875,""y1"":283.27874755859375,""x2"":334.067138671875,""y2"":311.990966796875},{""class_id"":2,""class_name"":""robot"",""confidence"":0.8301877379417419,""x1"":460.72576904296875,""y1"":200.960205078125,""x2"":505.578369140625,""y2"":288.7542724609375}]"
648,0.322743,0.7564689985883888,37.54317200036894,0.43930200081376825,39.104569,39.427312,2,"[{""class_id"":0,""class_name"":""ball"",""confidence"":0.9089784622192383,""x1"":308.20660400390625,""y1"":283.2521057128906,""x2"":334.22418212890625,""y2"":312.1808776855469},{""class_id"":2,""class_name"":""robot"",""confidence"":0.8385252952575684,""x1"":460.68585205078125,""y1"":200.79141235351562,""x2"":506.15716552734375,""y2"":288.9140930175781}]"
649,19.13955,0.8807850008452078,36.79943300085142,0.44616699960897677,38.468286,57.607836,2,"[{""class_id"":0,""class_name"":""ball"",""confidence"":0.9076383709907532,""x1"":308.1529846191406,""y1"":283.166748046875,""x2"":334.1468811035156,""y2"":312.1114501953125},{""class_id"":2,""class_name"":""robot"",""confidence"":0.832426130771637,""x1"":456.31597900390625,""y1"":200.79342651367188,""x2"":507.02777099609375,""y2"":290.0136413574219}]"
650,0.322458,0.725631000022986,37.41013800026849,0.44404900108929724,38.915415,39.237873,2,"[{""class_id"":0,""class_name"":""ball"",""confidence"":0.9114293456077576,""x1"":308.1668701171875,""y1"":283.24609375,""x2"":334.05633544921875,""y2"":311.92413330078125},{""class_id"":2,""class_name"":""robot"",""confidence"":0.8261192440986633,""x1"":456.0771484375,""y1"":200.85958862304688,""x2"":507.42327880859375,""y2"":290.1597900390625}]"
651,22.228898,0.8852779992594151,38.782326999353245,0.4390949998196447,40.446296,62.675194,2,"[{""class_id"":0,""class_name"":""ball"",""confidence"":0.9062862396240234,""x1"":308.0128479003906,""y1"":283.2214660644531,""x2"":334.2415466308594,""y2"":311.9785461425781},{""class_id"":2,""class_name"":""robot"",""confidence"":0.8311416506767273,""x1"":460.556640625,""y1"":200.92916870117188,""x2"":505.829833984375,""y2"":289.10504150390625}]"
652,0.322482,0.8329599986609537,34.84360100082995,0.4329570001573302,36.443028999999996,36.765511,2,"[{""class_id"":0,""class_name"":""ball"",""confidence"":0.9090366959571838,""x1"":307.98773193359375,""y1"":283.1468505859375,""x2"":334.21148681640625,""y2"":312.076171875},{""class_id"":2,""class_name"":""robot"",""confidence"":0.8350978493690491,""x1"":460.2852783203125,""y1"":201.05984497070312,""x2"":506.04937744140625,""y2"":289.2491455078125}]"
653,22.656212,0.8818070000415901,40.21941900100501,0.4457649993128143,41.892605,64.548817,2,"[{""class_id"":0,""class_name"":""ball"",""confidence"":0.909197986125946,""x1"":308.13995361328125,""y1"":283.1778564453125,""x2"":334.173828125,""y2"":312.039794921875},{""class_id"":2,""class_name"":""robot"",""confidence"":0.8244243860244751,""x1"":460.96246337890625,""y1"":200.90432739257812,""x2"":505.95770263671875,""y2"":289.2442321777344}]"
654,0.326372,0.7093180010997457,35.04979399986041,0.5264870014798362,36.635668,36.96204,2,"[{""class_id"":0,""class_name"":""ball"",""confidence"":0.9067518711090088,""x1"":307.97991943359375,""y1"":283.2587890625,""x2"":334.17755126953125,""y2"":312.00048828125},{""class_id"":2,""class_name"":""robot"",""confidence"":0.8313484191894531,""x1"":460.2847595214844,""y1"":200.91061401367188,""x2"":506.4023742675781,""y2"":289.3826599121094}]"
655,21.276994,0.8164979990397114,39.98564900030033,0.4434790007508127,41.68585,62.962844,2,"[{""class_id"":0,""class_name"":""ball"",""confidence"":0.9116498231887817,""x1"":308.2259521484375,""y1"":283.2967834472656,""x2"":334.1903076171875,""y2"":312.2151794433594},{""class_id"":2,""class_name"":""robot"",""confidence"":0.8373715281486511,""x1"":460.11700439453125,""y1"":200.987060546875,""x2"":506.60223388671875,""y2"":289.6913146972656}]"
656,0.339383,0.7297979991562897,34.235516999615356,0.4453189994819695,35.753688000000004,36.093071,2,"[{""class_id"":0,""class_name"":""ball"",""confidence"":0.910323441028595,""x1"":308.02203369140625,""y1"":283.13397216796875,""x2"":334.04937744140625,""y2"":311.98162841796875},{""class_id"":2,""class_name"":""robot"",""confidence"":0.8315009474754333,""x1"":460.5628967285156,""y1"":200.82366943359375,""x2"":505.7089538574219,""y2"":289.17266845703125}]"
657,22.05907,0.8349649997398956,37.52836000057869,0.4480779989535222,39.164211,61.223281,2,"[{""class_id"":0,""class_name"":""ball"",""confidence"":0.9117772579193115,""x1"":308.16973876953125,""y1"":283.2428283691406,""x2"":334.22650146484375,""y2"":312.2224426269531},{""class_id"":2,""class_name"":""robot"",""confidence"":0.8135408759117126,""x1"":461.57452392578125,""y1"":201.04400634765625,""x2"":505.29559326171875,""y2"":288.59576416015625}]"
658,0.344049,0.766296998335747,35.78334600024391,0.4363610005384544,37.319942000000005,37.663991,2,"[{""class_id"":0,""class_name"":""ball"",""confidence"":0.9079890847206116,""x1"":307.8642578125,""y1"":283.3022155761719,""x2"":334.3507080078125,""y2"":312.1927795410156},{""class_id"":2,""class_name"":""robot"",""confidence"":0.8352071046829224,""x1"":460.52984619140625,""y1"":200.80813598632812,""x2"":506.52386474609375,""y2"":289.34149169921875}]"
659,23.089156,0.8654169996589189,39.380696000080206,0.42569700053718407,41.0274,64.116556,2,"[{""class_id"":0,""class_name"":""ball"",""confidence"":0.9127341508865356,""x1"":308.1286315917969,""y1"":283.07647705078125,""x2"":334.0971984863281,""y2"":312.12432861328125},{""class_id"":2,""class_name"":""robot"",""confidence"":0.8403900861740112,""x1"":460.2154541015625,""y1"":200.683349609375,""x2"":506.29541015625,""y2"":289.3236083984375}]"
660,0.335566,0.6312360001174966,36.418604000573396,0.4588089996104827,37.837829,38.173395,2,"[{""class_id"":0,""class_name"":""ball"",""confidence"":0.9101037383079529,""x1"":308.0853271484375,""y1"":283.1935729980469,""x2"":334.08154296875,""y2"":312.0180358886719},{""class_id"":2,""class_name"":""robot"",""confidence"":0.8286059498786926,""x1"":455.720458984375,""y1"":200.7484130859375,""x2"":507.25146484375,""y2"":290.12738037109375}]"
661,20.700883,0.8642809989396483,35.478748999594245,0.4265970001142705,37.149749,57.850632,2,"[{""class_id"":0,""class_name"":""ball"",""confidence"":0.909627377986908,""x1"":308.0193176269531,""y1"":283.20257568359375,""x2"":334.1778869628906,""y2"":312.10302734375},{""class_id"":2,""class_name"":""robot"",""confidence"":0.8273943662643433,""x1"":460.36956787109375,""y1"":200.6805419921875,""x2"":505.97418212890625,""y2"":289.11163330078125}]"
662,0.331472,0.7539919988630572,33.94028000002436,0.4385450010886416,35.468469,35.799941,2,"[{""class_id"":0,""class_name"":""ball"",""confidence"":0.9098601937294006,""x1"":308.1024169921875,""y1"":283.11041259765625,""x2"":334.0704345703125,""y2"":312.04461669921875},{""class_id"":2,""class_name"":""robot"",""confidence"":0.8315967321395874,""x1"":460.93408203125,""y1"":200.98226928710938,""x2"":506.39013671875,""y2"":289.20159912109375}]"
663,0.336807,0.6797250007366529,36.0756690006383,0.4331229993113084,37.523635,37.860442,2,"[{""class_id"":0,""class_name"":""ball"",""confidence"":0.9082207083702087,""x1"":308.06414794921875,""y1"":283.37591552734375,""x2"":334.31512451171875,""y2"":312.2138671875},{""class_id"":2,""class_name"":""robot"",""confidence"":0.8307682871818542,""x1"":456.5967102050781,""y1"":200.68609619140625,""x2"":507.6091613769531,""y2"":290.5479736328125}]"
664,25.108092,0.9192899997287896,36.87260600054287,0.4395460000523599,38.597397,63.705489,2,"[{""class_id"":0,""class_name"":""ball"",""confidence"":0.909360408782959,""x1"":307.9383850097656,""y1"":283.11090087890625,""x2"":334.2500915527344,""y2"":311.96099853515625},{""class_id"":2,""class_name"":""robot"",""confidence"":0.8375853896141052,""x1"":460.1788330078125,""y1"":200.9488525390625,""x2"":506.8460693359375,""y2"":289.2408752441406}]"
665,0.322692,0.7037560008029686,33.16752299906511,0.4369730013422668,35.433301,35.755993,2,"[{""class_id"":0,""class_name"":""ball"",""confidence"":0.907861053943634,""x1"":308.0081787109375,""y1"":283.17242431640625,""x2"":334.2821044921875,""y2"":312.01434326171875},{""class_id"":2,""class_name"":""robot"",""confidence"":0.8351370692253113,""x1"":460.91986083984375,""y1"":200.68466186523438,""x2"":506.8148193359375,""y2"":289.7799377441406}]"
666,25.611136,0.8982389990705997,42.54916299942124,0.4296750012144912,44.229789999999994,69.840926,2,"[{""class_id"":0,""class_name"":""ball"",""confidence"":0.9080502390861511,""x1"":308.11962890625,""y1"":283.23126220703125,""x2"":334.1239013671875,""y2"":311.91082763671875},{""class_id"":2,""class_name"":""robot"",""confidence"":0.8436069488525391,""x1"":457.631103515625,""y1"":200.9742431640625,""x2"":506.95947265625,""y2"":289.6563415527344}]"
667,0.314487,0.9169250006380025,36.04878299847769,0.431112001024303,37.739792,38.054279,2,"[{""class_id"":0,""class_name"":""ball"",""confidence"":0.9075880646705627,""x1"":307.97796630859375,""y1"":283.1523742675781,""x2"":334.13848876953125,""y2"":312.1213073730469},{""class_id"":2,""class_name"":""robot"",""confidence"":0.8332639336585999,""x1"":460.4284973144531,""y1"":200.88494873046875,""x2"":506.7098693847656,""y2"":289.63055419921875}]"
668,17.646884,0.8579629993619164,35.234605998994084,0.4291179993742844,36.882861,54.529745,2,"[{""class_id"":0,""class_name"":""ball"",""confidence"":0.9105798006057739,""x1"":308.0634765625,""y1"":283.21826171875,""x2"":334.2288818359375,""y2"":312.136474609375},{""class_id"":2,""class_name"":""robot"",""confidence"":0.8366234302520752,""x1"":460.17315673828125,""y1"":200.923828125,""x2"":506.02001953125,""y2"":288.9146728515625}]"
669,0.327881,0.6721960016875528,37.5374359991838,0.4725960006908281,39.041592,39.369473,2,"[{""class_id"":0,""class_name"":""ball"",""confidence"":0.9087182283401489,""x1"":308.0308837890625,""y1"":283.2162170410156,""x2"":334.1571044921875,""y2"":312.2069396972656},{""class_id"":2,""class_name"":""robot"",""confidence"":0.8234706521034241,""x1"":456.55914306640625,""y1"":200.73373413085938,""x2"":507.13177490234375,""y2"":290.1979064941406}]"
670,23.626852,0.9055299997271504,40.66473099919676,0.4526349985098932,42.403749000000005,66.030601,2,"[{""class_id"":0,""class_name"":""ball"",""confidence"":0.9117969870567322,""x1"":308.18408203125,""y1"":283.32513427734375,""x2"":334.149658203125,""y2"":311.96014404296875},{""class_id"":2,""class_name"":""robot"",""confidence"":0.8249564170837402,""x1"":460.934326171875,""y1"":200.98373413085938,""x2"":505.8236083984375,""y2"":289.18865966796875}]"
671,0.355097,0.7425690000673058,37.25181600020733,0.4466739992494695,38.77095,39.126047,2,"[{""class_id"":0,""class_name"":""ball"",""confidence"":0.9116803407669067,""x1"":307.864013671875,""y1"":283.2388916015625,""x2"":334.22601318359375,""y2"":312.2508544921875},{""class_id"":2,""class_name"":""robot"",""confidence"":0.8328321576118469,""x1"":460.6240539550781,""y1"":201.00051879882812,""x2"":506.3547668457031,""y2"":288.8107604980469}]"
672,18.463356,0.9146030006377259,45.20027499893331,0.7333819994528312,47.236181,65.699537,2,"[{""class_id"":0,""class_name"":""ball"",""confidence"":0.9071849584579468,""x1"":308.343505859375,""y1"":283.27288818359375,""x2"":334.2347412109375,""y2"":312.21624755859375},{""class_id"":2,""class_name"":""robot"",""confidence"":0.8310501575469971,""x1"":460.057373046875,""y1"":201.11068725585938,""x2"":506.3011474609375,""y2"":288.7882385253906}]"
673,0.568726,0.8779750005487585,41.92198499913502,0.758956999561633,43.963427,44.532153,2,"[{""class_id"":0,""class_name"":""ball"",""confidence"":0.9066213965415955,""x1"":308.10723876953125,""y1"":283.28619384765625,""x2"":334.146484375,""y2"":312.05975341796875},{""class_id"":2,""class_name"":""robot"",""confidence"":0.8362277150154114,""x1"":460.6662292480469,""y1"":200.802001953125,""x2"":506.7797546386719,""y2"":289.33038330078125}]"
674,8.353098,0.9828439997363603,42.78824799985159,0.44669100134342443,44.618117,52.971215,2,"[{""class_id"":0,""class_name"":""ball"",""confidence"":0.9083391427993774,""x1"":308.02203369140625,""y1"":283.21710205078125,""x2"":334.1280517578125,""y2"":311.96063232421875},{""class_id"":2,""class_name"":""robot"",""confidence"":0.8292414546012878,""x1"":455.29998779296875,""y1"":200.8558349609375,""x2"":506.83935546875,""y2"":290.5930480957031}]"
675,0.423374,1.0139340010937303,35.01142300046922,0.4385289994388586,36.855416,37.27879,2,"[{""class_id"":0,""class_name"":""ball"",""confidence"":0.9078057408332825,""x1"":308.05908203125,""y1"":283.361572265625,""x2"":334.2916259765625,""y2"":312.0087890625},{""class_id"":2,""class_name"":""robot"",""confidence"":0.8338084816932678,""x1"":455.9230651855469,""y1"":200.80804443359375,""x2"":507.7353210449219,""y2"":290.83685302734375}]"
676,17.883388,0.9089750001294306,44.90292399896134,0.7479969990527024,47.07554400000001,64.958932,2,"[{""class_id"":0,""class_name"":""ball"",""confidence"":0.9140633344650269,""x1"":307.9836120605469,""y1"":283.23492431640625,""x2"":334.1782531738281,""y2"":311.927978515625},{""class_id"":2,""class_name"":""robot"",""confidence"":0.8375934958457947,""x1"":460.3106384277344,""y1"":200.90939331054688,""x2"":506.7173156738281,""y2"":289.30877685546875}]"
677,0.578458,0.8863449984346516,46.13071300082083,0.8287299988296581,48.24915,48.827608,2,"[{""class_id"":0,""class_name"":""ball"",""confidence"":0.9074017405509949,""x1"":308.07403564453125,""y1"":283.1199951171875,""x2"":334.2005615234375,""y2"":312.04949951171875},{""class_id"":2,""class_name"":""robot"",""confidence"":0.8282859921455383,""x1"":460.5658874511719,""y1"":200.971923828125,""x2"":506.2527770996094,""y2"":289.0013427734375}]"
678,4.005757,0.9016109997901367,43.5476929997094,0.8046729999477975,45.736535999999994,49.742293,2,"[{""class_id"":0,""class_name"":""ball"",""confidence"":0.9075883030891418,""x1"":308.0501708984375,""y1"":283.14105224609375,""x2"":334.160888671875,""y2"":312.10223388671875},{""class_id"":2,""class_name"":""robot"",""confidence"":0.831807553768158,""x1"":455.7626037597656,""y1"":200.746826171875,""x2"":507.4544982910156,""y2"":290.630859375}]"
679,0.702698,0.8409460006078007,36.821439000050304,0.4473980006878264,38.441611,39.144309,2,"[{""class_id"":0,""class_name"":""ball"",""confidence"":0.905535101890564,""x1"":308.0523986816406,""y1"":283.1155090332031,""x2"":334.0284729003906,""y2"":311.9665832519531},{""class_id"":2,""class_name"":""robot"",""confidence"":0.833368718624115,""x1"":460.64788818359375,""y1"":200.84109497070312,""x2"":506.28399658203125,""y2"":289.5519714355469}]"
680,15.012294,0.8774409998295596,36.898639000355615,0.4446519997145515,38.568617,53.580911,2,"[{""class_id"":0,""class_name"":""ball"",""confidence"":0.9126013517379761,""x1"":308.04437255859375,""y1"":283.2103271484375,""x2"":334.18194580078125,""y2"":312.0028076171875},{""class_id"":2,""class_name"":""robot"",""confidence"":0.829253077507019,""x1"":460.34503173828125,""y1"":201.00216674804688,""x2"":505.89459228515625,""y2"":288.9533386230469}]"
681,0.317481,0.7946310015540803,37.94952199859836,0.43098700007249136,39.513194,39.830675,2,"[{""class_id"":0,""class_name"":""ball"",""confidence"":0.912055253982544,""x1"":308.1278076171875,""y1"":283.25494384765625,""x2"":334.296875,""y2"":312.15667724609375},{""class_id"":2,""class_name"":""robot"",""confidence"":0.8325780034065247,""x1"":460.52178955078125,""y1"":200.86923217773438,""x2"":506.29779052734375,""y2"":289.3612976074219}]"
682,21.641699,0.8559200014133239,36.54926899980637,0.4303379992052214,38.228288000000006,59.869987,2,"[{""class_id"":0,""class_name"":""ball"",""confidence"":0.9090271592140198,""x1"":307.9559326171875,""y1"":283.2396240234375,""x2"":334.193603515625,""y2"":311.96527099609375},{""class_id"":2,""class_name"":""robot"",""confidence"":0.8368406891822815,""x1"":460.2239990234375,""y1"":200.90921020507812,""x2"":506.171630859375,""y2"":289.45458984375}]"
683,0.318335,0.7319889991777018,39.950039999894216,0.43938099952356424,41.459663,41.777998,2,"[{""class_id"":0,""class_name"":""ball"",""confidence"":0.9072529077529907,""x1"":308.04443359375,""y1"":283.20782470703125,""x2"":334.1239013671875,""y2"":311.93499755859375},{""class_id"":2,""class_name"":""robot"",""confidence"":0.831173837184906,""x1"":460.59503173828125,""y1"":200.80859375,""x2"":505.87371826171875,""y2"":289.526611328125}]"
684,19.700547,0.9108159993047593,38.12009299872443,0.4422209985932568,39.824235,59.524782,2,"[{""class_id"":0,""class_name"":""ball"",""confidence"":0.9124953150749207,""x1"":307.95941162109375,""y1"":283.21563720703125,""x2"":334.187744140625,""y2"":311.98992919921875},{""class_id"":2,""class_name"":""robot"",""confidence"":0.8369271755218506,""x1"":460.62615966796875,""y1"":200.88912963867188,""x2"":506.13983154296875,""y2"":289.1725769042969}]"
685,0.318552,0.7016949984972598,44.23485599909327,0.7453219986928161,46.073391,46.391943,2,"[{""class_id"":0,""class_name"":""ball"",""confidence"":0.9159930944442749,""x1"":308.00091552734375,""y1"":283.2001647949219,""x2"":334.10040283203125,""y2"":311.9556579589844},{""class_id"":2,""class_name"":""robot"",""confidence"":0.8352225422859192,""x1"":460.40643310546875,""y1"":201.017333984375,""x2"":506.1873779296875,""y2"":288.990234375}]"
686,13.932933,1.0529049995966488,45.28790899894375,0.7465779999620281,47.568534,61.501467,2,"[{""class_id"":0,""class_name"":""ball"",""confidence"":0.9092068672180176,""x1"":308.0230407714844,""y1"":283.1058349609375,""x2"":334.0992126464844,""y2"":312.01629638671875},{""class_id"":2,""class_name"":""robot"",""confidence"":0.8353250622749329,""x1"":460.30426025390625,""y1"":200.80722045898438,""x2"":506.5496826171875,""y2"":289.37689208984375}]"
687,0.570047,0.8745249997446081,44.608990001506754,0.773195999499876,46.679393999999995,47.249441,2,"[{""class_id"":0,""class_name"":""ball"",""confidence"":0.9070266485214233,""x1"":308.0811767578125,""y1"":283.36480712890625,""x2"":334.262451171875,""y2"":312.21649169921875},{""class_id"":2,""class_name"":""robot"",""confidence"":0.8253629803657532,""x1"":461.12200927734375,""y1"":201.07376098632812,""x2"":506.26251220703125,""y2"":289.0773620605469}]"
688,4.95566,0.9759989989106543,45.268220999787445,0.7422899998346111,47.416367,52.372027,2,"[{""class_id"":0,""class_name"":""ball"",""confidence"":0.9119031429290771,""x1"":308.07305908203125,""y1"":283.2958679199219,""x2"":334.13824462890625,""y2"":311.9142761230469},{""class_id"":2,""class_name"":""robot"",""confidence"":0.8383569717407227,""x1"":460.37286376953125,""y1"":200.87750244140625,""x2"":506.47467041015625,""y2"":289.4305725097656}]"
689,0.566574,0.8595420003985055,43.06348399950366,0.818532000266714,45.148806,45.71538,2,"[{""class_id"":0,""class_name"":""ball"",""confidence"":0.9108242988586426,""x1"":308.0736389160156,""y1"":283.13360595703125,""x2"":334.1114807128906,""y2"":312.01165771484375},{""class_id"":2,""class_name"":""robot"",""confidence"":0.8284071087837219,""x1"":460.7616882324219,""y1"":200.82125854492188,""x2"":505.9925842285156,""y2"":288.96636962890625}]"
690,7.049631,0.9686499997769715,40.39354000087769,0.8592700014560251,42.677919,49.72755,2,"[{""class_id"":0,""class_name"":""ball"",""confidence"":0.9099041223526001,""x1"":308.0150146484375,""y1"":283.39453125,""x2"":334.382080078125,""y2"":312.258544921875},{""class_id"":2,""class_name"":""robot"",""confidence"":0.8258593082427979,""x1"":461.02197265625,""y1"":200.860595703125,""x2"":506.6336669921875,""y2"":289.23187255859375}]"
691,0.642965,0.9947609996743267,43.72069099918008,0.7441140005539637,45.894505,46.53747,2,"[{""class_id"":0,""class_name"":""ball"",""confidence"":0.9061269760131836,""x1"":307.9493408203125,""y1"":283.29248046875,""x2"":334.114990234375,""y2"":312.057861328125},{""class_id"":2,""class_name"":""robot"",""confidence"":0.8355918526649475,""x1"":460.2474365234375,""y1"":200.98068237304688,""x2"":506.42822265625,""y2"":289.79608154296875}]"
692,14.761799,0.8286810007120948,42.670895001720055,0.7595249990117736,44.811144,59.572943,2,"[{""class_id"":0,""class_name"":""ball"",""confidence"":0.9072072505950928,""x1"":308.0436096191406,""y1"":283.12738037109375,""x2"":334.1554260253906,""y2"":311.94342041015625},{""class_id"":2,""class_name"":""robot"",""confidence"":0.8361474275588989,""x1"":455.6119384765625,""y1"":200.86526489257812,""x2"":507.77679443359375,""y2"":290.4489440917969}]"
693,19.19311,1.0162979997403454,37.21043699988513,0.4431329998624278,39.188236,58.381346,2,"[{""class_id"":0,""class_name"":""ball"",""confidence"":0.9059255719184875,""x1"":308.133544921875,""y1"":283.2868957519531,""x2"":334.1507568359375,""y2"":311.9562683105469},{""class_id"":2,""class_name"":""robot"",""confidence"":0.8248054385185242,""x1"":460.5249938964844,""y1"":200.95147705078125,""x2"":505.6448059082031,""y2"":289.0018005371094}]"
694,0.332206,0.6915490012033843,37.17314800087479,0.5488140013767406,38.739052,39.071258,2,"[{""class_id"":0,""class_name"":""ball"",""confidence"":0.9075589179992676,""x1"":307.9672546386719,""y1"":283.17572021484375,""x2"":334.2598571777344,""y2"":312.21563720703125},{""class_id"":2,""class_name"":""robot"",""confidence"":0.8301305770874023,""x1"":460.9101257324219,""y1"":200.97116088867188,""x2"":506.4410705566406,""y2"":289.25714111328125}]"
695,21.480174,0.8468610012641875,38.054642998758936,0.43471099888847675,39.687127000000004,61.167301,2,"[{""class_id"":0,""class_name"":""ball"",""confidence"":0.9100217819213867,""x1"":308.0458984375,""y1"":283.1145935058594,""x2"":334.11419677734375,""y2"":311.9303283691406},{""class_id"":2,""class_name"":""robot"",""confidence"":0.8316855430603027,""x1"":460.0762939453125,""y1"":200.84872436523438,""x2"":506.30877685546875,""y2"":288.9139099121094}]"
696,0.326077,0.7408250003209105,37.18305300026259,0.76629400064121,39.103222,39.429299,2,"[{""class_id"":0,""class_name"":""ball"",""confidence"":0.9090442657470703,""x1"":308.1400451660156,""y1"":283.3367919921875,""x2"":334.1404724121094,""y2"":312.1650390625},{""class_id"":2,""class_name"":""robot"",""confidence"":0.8339194059371948,""x1"":460.52410888671875,""y1"":200.85879516601562,""x2"":506.11651611328125,""y2"":289.2061767578125}]"
697,20.817487,0.9021910009323619,36.831983999945805,0.43520100007299334,38.725578,59.543065,2,"[{""class_id"":0,""class_name"":""ball"",""confidence"":0.9124628901481628,""x1"":308.05645751953125,""y1"":283.1508483886719,""x2"":334.08245849609375,""y2"":312.1211242675781},{""class_id"":2,""class_name"":""robot"",""confidence"":0.8400620222091675,""x1"":459.97698974609375,""y1"":200.94976806640625,""x2"":506.34295654296875,""y2"":289.39013671875}]"
698,0.324251,0.6505279998236801,41.64499100079411,0.7912830005807336,43.528106,43.852357,2,"[{""class_id"":0,""class_name"":""ball"",""confidence"":0.9080544710159302,""x1"":307.9959716796875,""y1"":283.16534423828125,""x2"":334.0775146484375,""y2"":311.9898681640625},{""class_id"":2,""class_name"":""robot"",""confidence"":0.8305128812789917,""x1"":460.74981689453125,""y1"":200.99554443359375,""x2"":506.14117431640625,""y2"":288.8323974609375}]"
699,0.628802,0.926992999666254,43.65214599965839,0.7471420012734598,45.745430999999996,46.374233,2,"[{""class_id"":0,""class_name"":""ball"",""confidence"":0.907642662525177,""x1"":308.064697265625,""y1"":283.0993347167969,""x2"":334.1085205078125,""y2"":311.9156799316406},{""class_id"":2,""class_name"":""robot"",""confidence"":0.8334975838661194,""x1"":455.9515380859375,""y1"":200.73165893554688,""x2"":507.255859375,""y2"":291.1291198730469}]"
700,6.994953,1.0249970000586472,43.270709000353236,0.8200240008591209,45.59086,52.585813,2,"[{""class_id"":0,""class_name"":""ball"",""confidence"":0.9067791104316711,""x1"":308.01953125,""y1"":283.1549072265625,""x2"":333.9903564453125,""y2"":311.9603271484375},{""class_id"":2,""class_name"":""robot"",""confidence"":0.8370658755302429,""x1"":460.18426513671875,""y1"":200.93035888671875,""x2"":506.54718017578125,""y2"":289.0548095703125}]"
701,0.629375,1.0611689995130291,43.643775999953505,0.7948799993755529,45.927823999999994,46.557199,2,"[{""class_id"":0,""class_name"":""ball"",""confidence"":0.906360924243927,""x1"":308.0479736328125,""y1"":283.2374267578125,""x2"":334.1195068359375,""y2"":312.0977783203125},{""class_id"":2,""class_name"":""robot"",""confidence"":0.8234729766845703,""x1"":460.85479736328125,""y1"":201.0948486328125,""x2"":506.267578125,""y2"":288.8626708984375}]"
702,7.766759,1.0495330006961012,43.218482000156655,0.7682800005568424,45.496539,53.263298,2,"[{""class_id"":0,""class_name"":""ball"",""confidence"":0.9105551838874817,""x1"":307.98388671875,""y1"":283.15716552734375,""x2"":334.15673828125,""y2"":312.08184814453125},{""class_id"":2,""class_name"":""robot"",""confidence"":0.8366379141807556,""x1"":460.3346252441406,""y1"":200.947998046875,""x2"":506.5647888183594,""y2"":289.5724182128906}]"
703,0.634708,1.018315999317565,42.88626400011708,0.7910299991635839,45.142793,45.777501,2,"[{""class_id"":0,""class_name"":""ball"",""confidence"":0.907326877117157,""x1"":308.0791320800781,""y1"":283.2245178222656,""x2"":334.0627136230469,""y2"":312.0122985839844},{""class_id"":2,""class_name"":""robot"",""confidence"":0.836195170879364,""x1"":460.20086669921875,""y1"":200.9161376953125,""x2"":506.53204345703125,""y2"":289.51141357421875}]"
704,8.660762,1.0246380006719846,41.363746000570245,0.43668400030583143,43.222456,51.883218,2,"[{""class_id"":0,""class_name"":""ball"",""confidence"":0.9117160439491272,""x1"":308.072021484375,""y1"":283.289794921875,""x2"":334.150390625,""y2"":311.99591064453125},{""class_id"":2,""class_name"":""robot"",""confidence"":0.8305367231369019,""x1"":460.6218566894531,""y1"":200.80886840820312,""x2"":506.1315002441406,""y2"":289.6346740722656}]"
705,0.325089,0.7225579993246356,37.12721099873306,0.43910199929086957,38.622238,38.947327,2,"[{""class_id"":0,""class_name"":""ball"",""confidence"":0.9099735021591187,""x1"":308.03802490234375,""y1"":283.25054931640625,""x2"":334.15216064453125,""y2"":311.9486083984375},{""class_id"":2,""class_name"":""robot"",""confidence"":0.8288419246673584,""x1"":461.01904296875,""y1"":201.05007934570312,""x2"":505.7532958984375,""y2"":289.0386047363281}]"
706,17.685788,0.8572189999540569,37.649206000423874,0.7905140009825118,39.69742600000001,57.383214,2,"[{""class_id"":0,""class_name"":""ball"",""confidence"":0.9072590470314026,""x1"":307.957763671875,""y1"":283.3497314453125,""x2"":333.96209716796875,""y2"":312.0604248046875},{""class_id"":2,""class_name"":""robot"",""confidence"":0.8425416946411133,""x1"":457.3267517089844,""y1"":201.10211181640625,""x2"":507.4073181152344,""y2"":289.90716552734375}]"
707,0.61685,0.9319780001533218,43.65602100006072,0.7325390015466837,45.728161,46.345011,2,"[{""class_id"":0,""class_name"":""ball"",""confidence"":0.9127580523490906,""x1"":308.0440673828125,""y1"":283.335693359375,""x2"":334.0335693359375,""y2"":312.02392578125},{""class_id"":2,""class_name"":""robot"",""confidence"":0.8318871855735779,""x1"":460.5252990722656,""y1"":200.92373657226562,""x2"":506.4013977050781,""y2"":289.77459716796875}]"
708,13.835911,1.0746389998530503,41.69221399934031,0.7483509998564841,43.959560999999994,57.795472,2,"[{""class_id"":0,""class_name"":""ball"",""confidence"":0.9080528020858765,""x1"":307.9638977050781,""y1"":283.15911865234375,""x2"":334.1195373535156,""y2"":312.08624267578125},{""class_id"":2,""class_name"":""robot"",""confidence"":0.8381768465042114,""x1"":460.5342712402344,""y1"":200.76986694335938,""x2"":506.5275573730469,""y2"":289.10986328125}]"
709,0.607684,1.0203250003542053,43.428076000054716,0.7305260005523451,45.592722,46.200406,2,"[{""class_id"":0,""class_name"":""ball"",""confidence"":0.908371090888977,""x1"":308.1191101074219,""y1"":283.247314453125,""x2"":334.1584777832031,""y2"":312.036376953125},{""class_id"":2,""class_name"":""robot"",""confidence"":0.8368418216705322,""x1"":460.2666015625,""y1"":200.748291015625,""x2"":506.2265625,""y2"":289.2795104980469}]"
710,9.779956,0.9573389997967752,43.46130100020673,0.7446210001944564,45.617554,55.39751,2,"[{""class_id"":0,""class_name"":""ball"",""confidence"":0.9119184017181396,""x1"":308.31085205078125,""y1"":283.25921630859375,""x2"":334.28265380859375,""y2"":312.11102294921875},{""class_id"":2,""class_name"":""robot"",""confidence"":0.8388293385505676,""x1"":460.11126708984375,""y1"":200.91558837890625,""x2"":506.70245361328125,""y2"":289.3902893066406}]"
711,0.628503,1.0318629992980277,44.515782999951625,0.7509040005970746,46.716898,47.345401,2,"[{""class_id"":0,""class_name"":""ball"",""confidence"":0.9120485186576843,""x1"":308.0203857421875,""y1"":283.3304443359375,""x2"":334.222900390625,""y2"":312.0665283203125},{""class_id"":2,""class_name"":""robot"",""confidence"":0.831845760345459,""x1"":460.4434814453125,""y1"":200.9552001953125,""x2"":506.42919921875,""y2"":289.4117736816406}]"
712,7.069447,0.9622009984013857,41.953912001190474,0.7395579996227752,44.105918,51.175365,2,"[{""class_id"":0,""class_name"":""ball"",""confidence"":0.9084632396697998,""x1"":308.08074951171875,""y1"":283.10589599609375,""x2"":334.21337890625,""y2"":312.177978515625},{""class_id"":2,""class_name"":""robot"",""confidence"":0.8282528519630432,""x1"":455.73919677734375,""y1"":200.71334838867188,""x2"":507.38336181640625,""y2"":290.6648864746094}]"
713,0.565891,0.8443149999948218,37.51283900055569,0.4381969993119128,39.152859,39.71875,2,"[{""class_id"":0,""class_name"":""ball"",""confidence"":0.9083445072174072,""x1"":308.0411682128906,""y1"":283.07391357421875,""x2"":334.0456848144531,""y2"":311.94342041015625},{""class_id"":2,""class_name"":""robot"",""confidence"":0.8378861546516418,""x1"":460.2103576660156,""y1"":200.79180908203125,""x2"":506.7544250488281,""y2"":289.17877197265625}]"
714,16.00194,0.9000810005090898,38.31498199906491,0.43060400093963835,39.992762,55.994702,2,"[{""class_id"":0,""class_name"":""ball"",""confidence"":0.9089382886886597,""x1"":308.2578125,""y1"":283.2504577636719,""x2"":334.1903076171875,""y2"":312.1277770996094},{""class_id"":2,""class_name"":""robot"",""confidence"":0.8261157870292664,""x1"":455.9234924316406,""y1"":200.83184814453125,""x2"":507.1957092285156,""y2"":290.3631896972656}]"
715,0.322083,0.7940650011732941,39.49674400064396,0.435519999882672,41.057113,41.379196,2,"[{""class_id"":0,""class_name"":""ball"",""confidence"":0.908238410949707,""x1"":308.0511474609375,""y1"":283.04547119140625,""x2"":334.1102294921875,""y2"":312.07220458984375},{""class_id"":2,""class_name"":""robot"",""confidence"":0.8360061645507812,""x1"":459.98052978515625,""y1"":201.02651977539062,""x2"":506.69293212890625,""y2"":289.7366943359375}]"
716,18.586474,0.8617750008852454,37.90284599926963,0.44534200060297735,39.559955,58.146429,2,"[{""class_id"":0,""class_name"":""ball"",""confidence"":0.9130036234855652,""x1"":308.06463623046875,""y1"":283.21368408203125,""x2"":334.19207763671875,""y2"":312.02435302734375},{""class_id"":2,""class_name"":""robot"",""confidence"":0.8308671116828918,""x1"":460.59320068359375,""y1"":200.93765258789062,""x2"":506.41876220703125,""y2"":289.3326416015625}]"
717,0.31524,0.7210059993667528,37.12044499843614,0.4400300003908342,38.606986,38.922226,2,"[{""class_id"":0,""class_name"":""ball"",""confidence"":0.9082921743392944,""x1"":308.24737548828125,""y1"":283.2735595703125,""x2"":334.04400634765625,""y2"":311.9798583984375},{""class_id"":2,""class_name"":""robot"",""confidence"":0.8298578262329102,""x1"":460.6510925292969,""y1"":200.939453125,""x2"":506.4340515136719,""y2"":289.0291442871094}]"
718,21.431578,0.8329460015374934,37.282279999999446,0.4448199997568736,38.910028,60.341606,2,"[{""class_id"":0,""class_name"":""ball"",""confidence"":0.9104025959968567,""x1"":308.10113525390625,""y1"":283.25604248046875,""x2"":333.99517822265625,""y2"":312.10833740234375},{""class_id"":2,""class_name"":""robot"",""confidence"":0.8314988017082214,""x1"":460.82415771484375,""y1"":200.98870849609375,""x2"":506.36614990234375,""y2"":289.56842041015625}]"
719,0.347149,0.7127079989004415,38.42360799899325,0.4161340002610814,39.883953999999996,40.231103,2,"[{""class_id"":0,""class_name"":""ball"",""confidence"":0.9103078842163086,""x1"":308.09442138671875,""y1"":283.1565246582031,""x2"":334.08807373046875,""y2"":312.1158142089844},{""class_id"":2,""class_name"":""robot"",""confidence"":0.8240897059440613,""x1"":456.62542724609375,""y1"":200.82791137695312,""x2"":506.87689208984375,""y2"":290.47430419921875}]"
720,20.634739,0.8738300002733013,39.078868001524825,0.44346800132188946,40.750828999999996,61.385568,2,"[{""class_id"":0,""class_name"":""ball"",""confidence"":0.9137693047523499,""x1"":308.0103759765625,""y1"":283.258544921875,""x2"":334.0823974609375,""y2"":312.060302734375},{""class_id"":2,""class_name"":""robot"",""confidence"":0.8307924866676331,""x1"":460.6658630371094,""y1"":200.99114990234375,""x2"":506.2238464355469,""y2"":289.3779296875}]"
721,0.392222,0.8180060012819013,37.8492109994113,0.45129900172469206,39.486323000000006,39.878545,2,"[{""class_id"":0,""class_name"":""ball"",""confidence"":0.906998336315155,""x1"":308.14385986328125,""y1"":282.99139404296875,""x2"":334.20452880859375,""y2"":311.92950439453125},{""class_id"":2,""class_name"":""robot"",""confidence"":0.8345551490783691,""x1"":460.36773681640625,""y1"":200.89987182617188,""x2"":506.07659912109375,""y2"":288.6523742675781}]"
722,19.358859,0.8962009997048881,37.630933000400546,0.43856499905814417,39.313916000000006,58.672775,2,"[{""class_id"":0,""class_name"":""ball"",""confidence"":0.9092759490013123,""x1"":307.933837890625,""y1"":283.1513977050781,""x2"":334.1402587890625,""y2"":312.0229797363281},{""class_id"":2,""class_name"":""robot"",""confidence"":0.8340886235237122,""x1"":455.46710205078125,""y1"":200.70138549804688,""x2"":507.3798828125,""y2"":290.39898681640625}]"
723,0.320421,0.7579390003229491,39.65206000066246,0.41635600064182654,41.150138999999996,41.47056,2,"[{""class_id"":0,""class_name"":""ball"",""confidence"":0.9093418121337891,""x1"":307.99798583984375,""y1"":283.18182373046875,""x2"":334.29046630859375,""y2"":312.1890869140625},{""class_id"":2,""class_name"":""robot"",""confidence"":0.826650083065033,""x1"":461.0888671875,""y1"":201.0289306640625,""x2"":506.17901611328125,""y2"":289.038330078125}]"
724,19.277927,0.8508640003128676,39.53258200090204,0.4915429999527987,41.239732000000004,60.517659,2,"[{""class_id"":0,""class_name"":""ball"",""confidence"":0.906764566898346,""x1"":308.1893310546875,""y1"":283.2379150390625,""x2"":334.149169921875,""y2"":311.9869384765625},{""class_id"":2,""class_name"":""robot"",""confidence"":0.829397976398468,""x1"":460.9624938964844,""y1"":200.97055053710938,""x2"":506.2118225097656,""y2"":289.2059631347656}]"
725,0.328628,0.7706079995841719,37.33068200017442,0.43845099935424514,38.868077,39.196705,2,"[{""class_id"":0,""class_name"":""ball"",""confidence"":0.9129763841629028,""x1"":308.22515869140625,""y1"":283.179443359375,""x2"":334.04486083984375,""y2"":312.02978515625},{""class_id"":2,""class_name"":""robot"",""confidence"":0.8305848240852356,""x1"":460.59185791015625,""y1"":200.9208984375,""x2"":506.29364013671875,""y2"":289.07373046875}]"
726,23.555065,0.8486809983878629,40.918212000178755,0.4488720005610958,42.594932,66.149997,2,"[{""class_id"":0,""class_name"":""ball"",""confidence"":0.910978376865387,""x1"":308.16552734375,""y1"":283.29876708984375,""x2"":334.16845703125,""y2"":312.13922119140625},{""class_id"":2,""class_name"":""robot"",""confidence"":0.8338907361030579,""x1"":460.5207824707031,""y1"":200.74874877929688,""x2"":506.0924987792969,""y2"":289.0650329589844}]"
727,21.259751,0.8483299989165971,36.87888400054362,0.43672299943864346,38.516526999999996,59.776278,2,"[{""class_id"":0,""class_name"":""ball"",""confidence"":0.9064956307411194,""x1"":308.21270751953125,""y1"":283.26593017578125,""x2"":334.20135498046875,""y2"":311.92755126953125},{""class_id"":2,""class_name"":""robot"",""confidence"":0.8351131677627563,""x1"":456.4271240234375,""y1"":200.64157104492188,""x2"":507.5411376953125,""y2"":290.4166564941406}]"
728,0.439154,0.6915240010130219,36.25693100002536,0.4381319995445665,37.745940999999995,38.185095,2,"[{""class_id"":0,""class_name"":""ball"",""confidence"":0.9066154360771179,""x1"":308.0999755859375,""y1"":283.30560302734375,""x2"":334.1566162109375,""y2"":312.22076416015625},{""class_id"":2,""class_name"":""robot"",""confidence"":0.8234098553657532,""x1"":461.0660095214844,""y1"":200.76361083984375,""x2"":505.6753845214844,""y2"":289.1116943359375}]"
729,23.067675,0.8529360002285102,38.40785499960475,0.6216110014065634,40.221348,63.289023,2,"[{""class_id"":0,""class_name"":""ball"",""confidence"":0.9104591012001038,""x1"":308.1270751953125,""y1"":283.2565612792969,""x2"":334.153564453125,""y2"":312.0177917480469},{""class_id"":2,""class_name"":""robot"",""confidence"":0.8312973380088806,""x1"":460.4769287109375,""y1"":200.91070556640625,""x2"":506.2447509765625,""y2"":288.7011413574219}]"
730,0.327818,0.7300689994735876,37.48608000023523,0.6598500003747176,39.245239,39.573057,2,"[{""class_id"":0,""class_name"":""ball"",""confidence"":0.9122456908226013,""x1"":308.18194580078125,""y1"":283.23443603515625,""x2"":334.09051513671875,""y2"":312.00714111328125},{""class_id"":2,""class_name"":""robot"",""confidence"":0.8352834582328796,""x1"":460.4173889160156,""y1"":201.01971435546875,""x2"":506.1620178222656,""y2"":289.5577392578125}]"
731,20.105154,0.8498130009684246,40.11838800033729,0.4311399989092024,41.725537,61.830691,2,"[{""class_id"":0,""class_name"":""ball"",""confidence"":0.9093835949897766,""x1"":308.08355712890625,""y1"":283.2200012207031,""x2"":334.048095703125,""y2"":312.0581359863281},{""class_id"":2,""class_name"":""robot"",""confidence"":0.826130211353302,""x1"":461.2847900390625,""y1"":201.06466674804688,""x2"":506.33160400390625,""y2"":288.9506530761719}]"
732,0.315997,0.7409440004266798,39.686630998403416,0.4264409999450436,41.175917,41.491914,2,"[{""class_id"":0,""class_name"":""ball"",""confidence"":0.9093589186668396,""x1"":307.9093017578125,""y1"":283.1265869140625,""x2"":334.19921875,""y2"":312.110595703125},{""class_id"":2,""class_name"":""robot"",""confidence"":0.8358154296875,""x1"":460.555908203125,""y1"":200.9398193359375,""x2"":506.3509521484375,""y2"":288.98211669921875}]"
733,16.831104,0.8743450016481802,42.32668999975431,0.7365909987129271,44.330999000000006,61.162103,2,"[{""class_id"":0,""class_name"":""ball"",""confidence"":0.909111499786377,""x1"":308.06280517578125,""y1"":283.2194519042969,""x2"":334.15509033203125,""y2"":311.9652404785156},{""class_id"":2,""class_name"":""robot"",""confidence"":0.8312315940856934,""x1"":460.7288818359375,""y1"":200.83331298828125,""x2"":506.6600341796875,""y2"":289.37841796875}]"
734,0.57194,0.9059560015884927,44.11790300036955,0.7470399996236665,46.180189,46.752129,2,"[{""class_id"":0,""class_name"":""ball"",""confidence"":0.9074331521987915,""x1"":308.03863525390625,""y1"":283.3155517578125,""x2"":334.36163330078125,""y2"":312.17041015625},{""class_id"":2,""class_name"":""robot"",""confidence"":0.834271252155304,""x1"":460.16839599609375,""y1"":200.9337158203125,""x2"":506.197265625,""y2"":289.63330078125}]"
735,8.962941,0.95686900021974,42.27228899981128,0.7561769998574164,44.435435,53.398376,2,"[{""class_id"":0,""class_name"":""ball"",""confidence"":0.9103279113769531,""x1"":308.169189453125,""y1"":283.19036865234375,""x2"":334.086181640625,""y2"":311.95623779296875},{""class_id"":2,""class_name"":""robot"",""confidence"":0.8298123478889465,""x1"":460.76458740234375,""y1"":200.6903076171875,""x2"":506.43756103515625,""y2"":289.1275634765625}]"
736,0.57379,0.8020179993764032,43.77531499994802,0.7472260003851261,45.737109,46.310899,2,"[{""class_id"":0,""class_name"":""ball"",""confidence"":0.9098330736160278,""x1"":308.08148193359375,""y1"":283.1648254394531,""x2"":334.22625732421875,""y2"":311.9950256347656},{""class_id"":2,""class_name"":""robot"",""confidence"":0.8280432224273682,""x1"":460.6317138671875,""y1"":201.09259033203125,""x2"":506.1676025390625,""y2"":288.51983642578125}]"
737,13.332751,1.033717000609613,42.499748000409454,0.8140589998220094,44.76777,58.100521,2,"[{""class_id"":0,""class_name"":""ball"",""confidence"":0.9084019660949707,""x1"":308.2294616699219,""y1"":283.28338623046875,""x2"":334.0937805175781,""y2"":312.0162353515625},{""class_id"":2,""class_name"":""robot"",""confidence"":0.8292797803878784,""x1"":461.35223388671875,""y1"":200.80328369140625,""x2"":506.14068603515625,""y2"":288.95361328125}]"
738,19.421048,0.8761000008234987,43.87612100072147,0.7304219998331973,45.892886000000004,65.313934,2,"[{""class_id"":0,""class_name"":""ball"",""confidence"":0.9082750678062439,""x1"":308.1617431640625,""y1"":283.2240295410156,""x2"":334.1622314453125,""y2"":311.9889221191406},{""class_id"":2,""class_name"":""robot"",""confidence"":0.8313924670219421,""x1"":460.20751953125,""y1"":200.953857421875,""x2"":506.3704833984375,""y2"":289.2365417480469}]"
739,0.573103,0.8679570000822423,44.59102399960102,0.7936870006233221,46.673463999999996,47.246567,2,"[{""class_id"":0,""class_name"":""ball"",""confidence"":0.9122405052185059,""x1"":308.17547607421875,""y1"":283.08837890625,""x2"":333.9942626953125,""y2"":311.953857421875},{""class_id"":2,""class_name"":""robot"",""confidence"":0.8366355895996094,""x1"":460.73651123046875,""y1"":200.9193115234375,""x2"":506.46539306640625,""y2"":289.34442138671875}]"
740,6.44937,0.9437829994567437,43.41263899914338,0.7434119997924427,45.544565,51.993935,2,"[{""class_id"":0,""class_name"":""ball"",""confidence"":0.9071258306503296,""x1"":308.0372619628906,""y1"":283.23480224609375,""x2"":334.2277526855469,""y2"":311.98101806640625},{""class_id"":2,""class_name"":""robot"",""confidence"":0.8202053904533386,""x1"":456.3128356933594,""y1"":200.58175659179688,""x2"":507.2932434082031,""y2"":290.0636291503906}]"
741,0.580537,0.9275369993702043,42.15210900110833,0.7414049996441463,44.230143,44.81068,2,"[{""class_id"":0,""class_name"":""ball"",""confidence"":0.9081730246543884,""x1"":307.9995422363281,""y1"":283.28668212890625,""x2"":334.3115539550781,""y2"":312.25994873046875},{""class_id"":2,""class_name"":""robot"",""confidence"":0.8312905430793762,""x1"":460.7745361328125,""y1"":200.7098388671875,""x2"":506.1151123046875,""y2"":289.4765930175781}]"
742,9.677529,0.9911899996950524,40.958014000352705,0.7293030012078816,43.108211,52.78574,2,"[{""class_id"":0,""class_name"":""ball"",""confidence"":0.9117238521575928,""x1"":307.92388916015625,""y1"":283.16119384765625,""x2"":334.24017333984375,""y2"":312.03839111328125},{""class_id"":2,""class_name"":""robot"",""confidence"":0.8410550355911255,""x1"":460.06781005859375,""y1"":200.9031982421875,""x2"":506.69476318359375,""y2"":289.3358154296875}]"
743,0.569812,0.8596570005465765,42.605723998349276,0.7404700008919463,44.607219,45.177031,2,"[{""class_id"":0,""class_name"":""ball"",""confidence"":0.9026921391487122,""x1"":307.971923828125,""y1"":283.20904541015625,""x2"":334.207275390625,""y2"":312.09600830078125},{""class_id"":2,""class_name"":""robot"",""confidence"":0.8268169164657593,""x1"":460.7257080078125,""y1"":201.13983154296875,""x2"":506.34613037109375,""y2"":289.125732421875}]"
744,11.608783,0.9797469992918195,43.15859499911312,0.747441999919829,45.316237,56.92502,2,"[{""class_id"":0,""class_name"":""ball"",""confidence"":0.9079772233963013,""x1"":308.0728454589844,""y1"":283.2662353515625,""x2"":334.1631164550781,""y2"":312.0546875},{""class_id"":2,""class_name"":""robot"",""confidence"":0.8397128582000732,""x1"":460.9231262207031,""y1"":200.90814208984375,""x2"":506.6264343261719,""y2"":289.2276611328125}]"
745,0.573223,0.8522339994669892,35.27494499940076,0.4348459988250397,36.929463,37.502686,2,"[{""class_id"":0,""class_name"":""ball"",""confidence"":0.9102538228034973,""x1"":308.13018798828125,""y1"":283.090087890625,""x2"":334.15411376953125,""y2"":311.9964599609375},{""class_id"":2,""class_name"":""robot"",""confidence"":0.8313177824020386,""x1"":456.06787109375,""y1"":200.681884765625,""x2"":507.5689697265625,""y2"":290.9119873046875}]"
746,17.053872,0.8561640006519156,38.154190999193816,0.4343390010035364,39.797243,56.851115,2,"[{""class_id"":0,""class_name"":""ball"",""confidence"":0.9117905497550964,""x1"":308.1473083496094,""y1"":283.1298828125,""x2"":334.0990905761719,""y2"":312.01959228515625},{""class_id"":2,""class_name"":""robot"",""confidence"":0.832672119140625,""x1"":460.57843017578125,""y1"":201.08901977539062,""x2"":506.25384521484375,""y2"":288.9940490722656}]"
747,0.343576,0.727976999769453,38.94193900123355,0.47852399984549265,40.48241,40.825986,2,"[{""class_id"":0,""class_name"":""ball"",""confidence"":0.9051052927970886,""x1"":308.2489929199219,""y1"":283.2695007324219,""x2"":334.1737976074219,""y2"":312.3110656738281},{""class_id"":2,""class_name"":""robot"",""confidence"":0.8318296074867249,""x1"":460.71673583984375,""y1"":200.78097534179688,""x2"":506.31927490234375,""y2"":289.6665344238281}]"
748,19.328178,0.8509250001225155,37.73147399988375,0.4386489999887999,39.364252,58.69243,2,"[{""class_id"":0,""class_name"":""ball"",""confidence"":0.9114127159118652,""x1"":308.26513671875,""y1"":283.2242431640625,""x2"":334.09814453125,""y2"":312.1240234375},{""class_id"":2,""class_name"":""robot"",""confidence"":0.8319523334503174,""x1"":460.8948974609375,""y1"":200.81570434570312,""x2"":506.30084228515625,""y2"":289.65008544921875}]"
749,0.323035,0.8803380005701911,38.45572600039304,0.4340819996286882,40.098229,40.421264,2,"[{""class_id"":0,""class_name"":""ball"",""confidence"":0.9111953377723694,""x1"":308.0740966796875,""y1"":283.22247314453125,""x2"":334.195068359375,""y2"":311.90252685546875},{""class_id"":2,""class_name"":""robot"",""confidence"":0.8304741978645325,""x1"":460.643798828125,""y1"":201.16046142578125,""x2"":506.169189453125,""y2"":289.4129638671875}]"
750,24.038863,0.8975909986475017,36.54565699980594,0.425031001213938,38.220199,62.259062,2,"[{""class_id"":0,""class_name"":""ball"",""confidence"":0.9082455039024353,""x1"":307.9615478515625,""y1"":283.1488037109375,""x2"":334.12841796875,""y2"":312.0882568359375},{""class_id"":2,""class_name"":""robot"",""confidence"":0.8394011855125427,""x1"":457.59942626953125,""y1"":201.09002685546875,""x2"":507.18426513671875,""y2"":289.8624572753906}]"
751,25.730998,0.9165460014628479,42.86896800113027,0.4399600002216175,44.558789000000004,70.289787,2,"[{""class_id"":0,""class_name"":""ball"",""confidence"":0.908441424369812,""x1"":307.8964538574219,""y1"":283.324951171875,""x2"":334.1571960449219,""y2"":312.2293701171875},{""class_id"":2,""class_name"":""robot"",""confidence"":0.8343148827552795,""x1"":460.55938720703125,""y1"":200.78009033203125,""x2"":506.46270751953125,""y2"":289.2383728027344}]"
752,0.318084,0.7091530005709501,36.17980399940279,0.7614700007252395,38.057239,38.375323,2,"[{""class_id"":0,""class_name"":""ball"",""confidence"":0.9087573289871216,""x1"":307.8978271484375,""y1"":283.153564453125,""x2"":334.0701904296875,""y2"":312.06866455078125},{""class_id"":2,""class_name"":""robot"",""confidence"":0.8344572186470032,""x1"":460.72930908203125,""y1"":200.72683715820312,""x2"":506.47802734375,""y2"":289.1205749511719}]"
753,17.268911,0.8552440012863372,37.58116499921016,0.4440140000951942,39.379127999999994,56.648039,2,"[{""class_id"":0,""class_name"":""ball"",""confidence"":0.9099661707878113,""x1"":307.8321228027344,""y1"":283.12884521484375,""x2"":334.0300598144531,""y2"":311.9451904296875},{""class_id"":2,""class_name"":""robot"",""confidence"":0.8370465040206909,""x1"":460.69561767578125,""y1"":201.02554321289062,""x2"":506.58551025390625,""y2"":289.148681640625}]"
754,0.315329,0.7014629991317634,38.02710400123033,0.442173999545048,39.508346,39.823675,2,"[{""class_id"":0,""class_name"":""ball"",""confidence"":0.9088665246963501,""x1"":308.18927001953125,""y1"":283.2929382324219,""x2"":334.2596435546875,""y2"":312.1081237792969},{""class_id"":2,""class_name"":""robot"",""confidence"":0.8383309841156006,""x1"":460.4169616699219,""y1"":200.93972778320312,""x2"":506.4066467285156,""y2"":289.25531005859375}]"
755,20.4849,0.8492469987686491,40.404709998256294,0.7421379996230826,42.39774800000001,62.882648,2,"[{""class_id"":0,""class_name"":""ball"",""confidence"":0.9091816544532776,""x1"":308.18719482421875,""y1"":283.2200927734375,""x2"":334.06268310546875,""y2"":312.1322021484375},{""class_id"":2,""class_name"":""robot"",""confidence"":0.837922990322113,""x1"":460.444580078125,""y1"":200.79110717773438,""x2"":506.5721435546875,""y2"":289.3482971191406}]"
756,0.659781,0.9167450007225852,42.69283400026325,0.8925889997044578,44.930741999999995,45.590523,2,"[{""class_id"":0,""class_name"":""ball"",""confidence"":0.9090080261230469,""x1"":307.97607421875,""y1"":283.00750732421875,""x2"":334.0518798828125,""y2"":312.04583740234375},{""class_id"":2,""class_name"":""robot"",""confidence"":0.8291199803352356,""x1"":460.44903564453125,""y1"":200.9786376953125,""x2"":506.320556640625,""y2"":289.1108093261719}]"
757,12.074782,0.9693629999674158,39.81772800034378,0.4358380010671681,41.606106000000004,53.680888,2,"[{""class_id"":0,""class_name"":""ball"",""confidence"":0.9070112705230713,""x1"":308.0220031738281,""y1"":283.30181884765625,""x2"":334.3578796386719,""y2"":312.10198974609375},{""class_id"":2,""class_name"":""robot"",""confidence"":0.8331305384635925,""x1"":460.7704162597656,""y1"":200.779541015625,""x2"":506.6202087402344,""y2"":289.65069580078125}]"
758,0.35703,1.1476759991637664,46.41063500093878,0.7444319999194704,48.699785,49.056815,2,"[{""class_id"":0,""class_name"":""ball"",""confidence"":0.9131981134414673,""x1"":308.0057373046875,""y1"":283.1811828613281,""x2"":334.08544921875,""y2"":311.9987487792969},{""class_id"":2,""class_name"":""robot"",""confidence"":0.8249542117118835,""x1"":460.8941955566406,""y1"":200.9122314453125,""x2"":505.8006896972656,""y2"":288.65667724609375}]"
759,9.271482,0.9979059996112483,40.715971001191065,0.8005279996723402,42.9788,52.250282,2,"[{""class_id"":0,""class_name"":""ball"",""confidence"":0.9125710725784302,""x1"":308.021728515625,""y1"":283.21343994140625,""x2"":334.0916748046875,""y2"":312.10687255859375},{""class_id"":2,""class_name"":""robot"",""confidence"":0.8340906500816345,""x1"":460.1817626953125,""y1"":201.01031494140625,""x2"":506.2666015625,""y2"":289.8005676269531}]"
760,0.648461,0.8616049999545794,43.44724099973973,0.7312699999602046,45.46005,46.108511,2,"[{""class_id"":0,""class_name"":""ball"",""confidence"":0.9096381068229675,""x1"":307.8719177246094,""y1"":283.16864013671875,""x2"":334.1380920410156,""y2"":312.03900146484375},{""class_id"":2,""class_name"":""robot"",""confidence"":0.8348433375358582,""x1"":460.4791564941406,""y1"":200.87722778320312,""x2"":506.4778747558594,""y2"":289.3661193847656}]"
761,14.866934,1.0303380004188512,42.933067999911145,0.7467439991160063,45.186163,60.053097,2,"[{""class_id"":0,""class_name"":""ball"",""confidence"":0.9120692014694214,""x1"":308.0528564453125,""y1"":283.2037658691406,""x2"":334.1031494140625,""y2"":312.1045227050781},{""class_id"":2,""class_name"":""robot"",""confidence"":0.8253430128097534,""x1"":460.95672607421875,""y1"":201.07211303710938,""x2"":506.38250732421875,""y2"":289.12384033203125}]"
762,18.772459,1.0725140000431566,41.24127700015379,0.7465809994755546,43.529878999999994,62.302338,2,"[{""class_id"":0,""class_name"":""ball"",""confidence"":0.910175085067749,""x1"":308.0553894042969,""y1"":283.06463623046875,""x2"":334.0528869628906,""y2"":311.96221923828125},{""class_id"":2,""class_name"":""robot"",""confidence"":0.8338466286659241,""x1"":460.06890869140625,""y1"":200.80886840820312,""x2"":506.47808837890625,""y2"":289.3318786621094}]"
763,0.585266,0.8407360001001507,41.02366799997981,0.7322019991988782,43.019294,43.60456,2,"[{""class_id"":0,""class_name"":""ball"",""confidence"":0.9077648520469666,""x1"":307.9382629394531,""y1"":283.26837158203125,""x2"":334.1596984863281,""y2"":312.07635498046875},{""class_id"":2,""class_name"":""robot"",""confidence"":0.8341551423072815,""x1"":461.0176086425781,""y1"":201.00958251953125,""x2"":506.4012145996094,""y2"":289.0740966796875}]"
764,12.701152,0.9599730001355056,42.51819799901568,0.749917000575806,44.663735,57.364887,2,"[{""class_id"":0,""class_name"":""ball"",""confidence"":0.9100986123085022,""x1"":308.19091796875,""y1"":283.1640625,""x2"":334.0997314453125,""y2"":312.00787353515625},{""class_id"":2,""class_name"":""robot"",""confidence"":0.8292758464813232,""x1"":455.90399169921875,""y1"":200.63162231445312,""x2"":507.3369140625,""y2"":290.6214294433594}]"
765,0.580339,0.8440430010523414,44.753178999599186,0.747271998989163,46.751852,47.332191,2,"[{""class_id"":0,""class_name"":""ball"",""confidence"":0.9105572700500488,""x1"":308.0767517089844,""y1"":283.2666931152344,""x2"":334.0998229980469,""y2"":312.0010681152344},{""class_id"":2,""class_name"":""robot"",""confidence"":0.8282774090766907,""x1"":456.22064208984375,""y1"":200.647705078125,""x2"":507.2293701171875,""y2"":290.48760986328125}]"
766,7.970928,0.9723010007292032,43.54747799879988,0.7409310001094127,45.700646,53.671574,2,"[{""class_id"":0,""class_name"":""ball"",""confidence"":0.911719799041748,""x1"":308.12969970703125,""y1"":283.1844482421875,""x2"":334.110107421875,""y2"":312.13665771484375},{""class_id"":2,""class_name"":""robot"",""confidence"":0.8216553330421448,""x1"":461.36700439453125,""y1"":200.9105224609375,""x2"":505.93182373046875,""y2"":289.67462158203125}]"
767,0.574723,0.8917689992813393,40.577083000243874,0.7374719989456935,42.613966,43.188689,2,"[{""class_id"":0,""class_name"":""ball"",""confidence"":0.9068998694419861,""x1"":308.03179931640625,""y1"":283.13623046875,""x2"":334.10040283203125,""y2"":311.90484619140625},{""class_id"":2,""class_name"":""robot"",""confidence"":0.8292689919471741,""x1"":460.78192138671875,""y1"":200.78219604492188,""x2"":505.88848876953125,""y2"":289.05877685546875}]"
768,10.993005,0.9724480005388614,45.39199200007715,0.7452049994753907,47.543093999999996,58.536099,2,"[{""class_id"":0,""class_name"":""ball"",""confidence"":0.908879816532135,""x1"":308.07318115234375,""y1"":283.1519775390625,""x2"":334.14166259765625,""y2"":311.9632568359375},{""class_id"":2,""class_name"":""robot"",""confidence"":0.8390942215919495,""x1"":460.1642150878906,""y1"":200.76473999023438,""x2"":506.7261657714844,""y2"":289.8400573730469}]"
769,0.580635,0.9452909998799441,41.2258380001731,0.7505339999624994,43.333504,43.914139,2,"[{""class_id"":0,""class_name"":""ball"",""confidence"":0.9095491170883179,""x1"":308.0246276855469,""y1"":283.1351013183594,""x2"":334.1389465332031,""y2"":311.9872131347656},{""class_id"":2,""class_name"":""robot"",""confidence"":0.8314975500106812,""x1"":460.69970703125,""y1"":200.86929321289062,""x2"":506.681396484375,""y2"":289.5870666503906}]"
770,8.516098,0.9540749997540843,41.81893899840361,0.7456949988409178,43.961828,52.477926,2,"[{""class_id"":0,""class_name"":""ball"",""confidence"":0.9096317887306213,""x1"":307.9794921875,""y1"":283.1871337890625,""x2"":334.204833984375,""y2"":312.005126953125},{""class_id"":2,""class_name"":""robot"",""confidence"":0.8302382826805115,""x1"":460.82373046875,""y1"":200.97195434570312,""x2"":505.7755126953125,""y2"":289.0319519042969}]"
771,0.581444,0.8721020003576996,42.63397800059465,0.7279999990714714,44.655762,45.237206,2,"[{""class_id"":0,""class_name"":""ball"",""confidence"":0.9049126505851746,""x1"":307.9649963378906,""y1"":283.31634521484375,""x2"":334.1717834472656,""y2"":312.1181640625},{""class_id"":2,""class_name"":""robot"",""confidence"":0.8281498551368713,""x1"":456.14892578125,""y1"":200.69998168945312,""x2"":507.42596435546875,""y2"":290.6246032714844}]"
772,14.938263,1.046817000315059,37.82245100046566,0.4439650001586415,39.721732,54.659995,2,"[{""class_id"":0,""class_name"":""ball"",""confidence"":0.9110133051872253,""x1"":308.02703857421875,""y1"":283.1317138671875,""x2"":333.97149658203125,""y2"":311.9716796875},{""class_id"":2,""class_name"":""robot"",""confidence"":0.8356906175613403,""x1"":460.1636657714844,""y1"":201.00857543945312,""x2"":507.0299987792969,""y2"":289.5006408691406}]"
773,23.970091,0.880363999385736,37.46308399968257,0.43039699994551484,39.126974000000004,63.097065,2,"[{""class_id"":0,""class_name"":""ball"",""confidence"":0.9083636999130249,""x1"":308.0255432128906,""y1"":283.2120361328125,""x2"":334.2107238769531,""y2"":312.0213623046875},{""class_id"":2,""class_name"":""robot"",""confidence"":0.8277629613876343,""x1"":461.1678466796875,""y1"":200.67105102539062,""x2"":505.5675048828125,""y2"":289.0379638671875}]"
774,0.319009,0.778650999563979,38.29064899946388,0.4399600002216175,39.841727999999996,40.160737,2,"[{""class_id"":0,""class_name"":""ball"",""confidence"":0.912936270236969,""x1"":308.0684814453125,""y1"":283.2572021484375,""x2"":334.1826171875,""y2"":311.9986572265625},{""class_id"":2,""class_name"":""robot"",""confidence"":0.8340911269187927,""x1"":461.1739501953125,""y1"":200.96585083007812,""x2"":506.40460205078125,""y2"":289.5003967285156}]"
775,20.702925,0.9458540007472038,35.16307700010657,0.4322360000514891,36.920259,57.623184,2,"[{""class_id"":0,""class_name"":""ball"",""confidence"":0.912804126739502,""x1"":308.04803466796875,""y1"":283.2030334472656,""x2"":334.081787109375,""y2"":312.0182800292969},{""class_id"":2,""class_name"":""robot"",""confidence"":0.8346701860427856,""x1"":460.9434814453125,""y1"":200.90548706054688,""x2"":506.6298828125,""y2"":289.2131042480469}]"
776,0.335921,0.7630519994563656,36.66220299965062,0.4636089997802628,38.281966000000004,38.617887,2,"[{""class_id"":0,""class_name"":""ball"",""confidence"":0.9149901866912842,""x1"":308.08056640625,""y1"":283.17779541015625,""x2"":334.1583251953125,""y2"":311.9775390625},{""class_id"":2,""class_name"":""robot"",""confidence"":0.8392691016197205,""x1"":460.62615966796875,""y1"":200.815673828125,""x2"":506.57806396484375,""y2"":289.608154296875}]"
777,24.374566,0.8924760004447307,37.49098300067999,0.42840800051635597,39.167736999999995,63.542303,2,"[{""class_id"":0,""class_name"":""ball"",""confidence"":0.9102948307991028,""x1"":308.0391540527344,""y1"":283.2740173339844,""x2"":334.1674499511719,""y2"":311.9953308105469},{""class_id"":2,""class_name"":""robot"",""confidence"":0.8343781232833862,""x1"":460.44073486328125,""y1"":200.99789428710938,""x2"":506.72406005859375,""y2"":289.20025634765625}]"
778,0.339755,0.7270189998962451,37.794808000398916,0.42580599983921275,39.290144000000005,39.629899,2,"[{""class_id"":0,""class_name"":""ball"",""confidence"":0.9079213738441467,""x1"":308.03662109375,""y1"":283.2833557128906,""x2"":334.2120361328125,""y2"":312.0326843261719},{""class_id"":2,""class_name"":""robot"",""confidence"":0.8321223855018616,""x1"":460.67132568359375,""y1"":200.8397216796875,""x2"":506.06976318359375,""y2"":289.2037048339844}]"
779,21.157299,0.9367139991809381,36.243816999558476,0.44055200123693794,37.977776000000006,59.135075,2,"[{""class_id"":0,""class_name"":""ball"",""confidence"":0.911731481552124,""x1"":308.08538818359375,""y1"":283.2076110839844,""x2"":334.09796142578125,""y2"":312.0545349121094},{""class_id"":2,""class_name"":""robot"",""confidence"":0.835440993309021,""x1"":460.43194580078125,""y1"":200.818359375,""x2"":506.06646728515625,""y2"":289.60028076171875}]"
780,0.330658,0.7837579996703425,38.00096799932362,0.43051699867646676,39.548922,39.87958,2,"[{""class_id"":0,""class_name"":""ball"",""confidence"":0.9060673713684082,""x1"":308.01513671875,""y1"":283.1439208984375,""x2"":333.9964599609375,""y2"":312.0205078125},{""class_id"":2,""class_name"":""robot"",""confidence"":0.8238784074783325,""x1"":461.40289306640625,""y1"":200.70620727539062,""x2"":505.9576416015625,""y2"":289.2246398925781}]"
781,0.331456,0.850104999699397,37.993808000464924,0.43210900003032293,39.61017,39.941626,2,"[{""class_id"":0,""class_name"":""ball"",""confidence"":0.9066953063011169,""x1"":308.0126953125,""y1"":283.1809997558594,""x2"":334.041015625,""y2"":312.0815124511719},{""class_id"":2,""class_name"":""robot"",""confidence"":0.8338224291801453,""x1"":460.6109619140625,""y1"":200.906982421875,""x2"":506.333984375,""y2"":289.163330078125}]"
782,18.119221,0.9831490006035892,43.157533000339754,0.817276999441674,45.359795000000005,63.479016,2,"[{""class_id"":0,""class_name"":""ball"",""confidence"":0.9084784984588623,""x1"":308.0824890136719,""y1"":283.1734924316406,""x2"":333.9865417480469,""y2"":312.1688537597656},{""class_id"":2,""class_name"":""robot"",""confidence"":0.840481698513031,""x1"":460.0970458984375,""y1"":200.8792724609375,""x2"":506.72802734375,""y2"":289.49835205078125}]"
783,0.583735,0.8838829999149311,42.551018001177,0.7941410003695637,44.719526,45.303261,2,"[{""class_id"":0,""class_name"":""ball"",""confidence"":0.9097359776496887,""x1"":307.9945983886719,""y1"":283.23223876953125,""x2"":334.2684631347656,""y2"":312.10174560546875},{""class_id"":2,""class_name"":""robot"",""confidence"":0.8245100378990173,""x1"":460.8693542480469,""y1"":201.0306396484375,""x2"":506.2053527832031,""y2"":288.8824462890625}]"
784,9.321754,0.9829130012803944,44.59803799909423,0.7511559997510631,46.753838,56.075592,2,"[{""class_id"":0,""class_name"":""ball"",""confidence"":0.9044414162635803,""x1"":307.842529296875,""y1"":283.2174987792969,""x2"":334.286865234375,""y2"":312.0088195800781},{""class_id"":2,""class_name"":""robot"",""confidence"":0.8347827196121216,""x1"":460.26416015625,""y1"":200.76437377929688,""x2"":506.32037353515625,""y2"":288.99627685546875}]"
785,0.581366,0.8738969991100021,40.64434099927894,0.7294829993043095,42.657308,43.238674,2,"[{""class_id"":0,""class_name"":""ball"",""confidence"":0.9139794707298279,""x1"":308.0841979980469,""y1"":283.20794677734375,""x2"":334.0679626464844,""y2"":312.12518310546875},{""class_id"":2,""class_name"":""robot"",""confidence"":0.8317987322807312,""x1"":460.40936279296875,""y1"":200.7706298828125,""x2"":506.23126220703125,""y2"":288.7659606933594}]"
786,9.93165,0.974481001321692,41.46829800083651,0.7415649997710716,43.606488,53.538138,2,"[{""class_id"":0,""class_name"":""ball"",""confidence"":0.910753607749939,""x1"":308.0830993652344,""y1"":283.16339111328125,""x2"":334.0223083496094,""y2"":312.13031005859375},{""class_id"":2,""class_name"":""robot"",""confidence"":0.836309552192688,""x1"":460.45428466796875,""y1"":200.93569946289062,""x2"":506.54156494140625,""y2"":289.8857421875}]"
787,0.577854,0.9896129995468073,44.60293200099841,0.7929619987407932,46.847376999999994,47.425231,2,"[{""class_id"":0,""class_name"":""ball"",""confidence"":0.9085714817047119,""x1"":308.149658203125,""y1"":283.24017333984375,""x2"":334.27752685546875,""y2"":312.10443115234375},{""class_id"":2,""class_name"":""robot"",""confidence"":0.833345890045166,""x1"":460.5303955078125,""y1"":200.76361083984375,""x2"":506.3009033203125,""y2"":289.3712463378906}]"
788,8.876414,1.0314360006304923,43.05418900003133,0.8158900000125868,45.323587,54.200001,2,"[{""class_id"":0,""class_name"":""ball"",""confidence"":0.9092910289764404,""x1"":308.113037109375,""y1"":283.3084716796875,""x2"":334.08251953125,""y2"":312.05902099609375},{""class_id"":2,""class_name"":""robot"",""confidence"":0.8359017968177795,""x1"":460.5772705078125,""y1"":200.98309326171875,""x2"":506.01953125,""y2"":289.01190185546875}]"
789,0.574483,0.8606390001659747,43.103731999508454,0.8926450009312248,45.283197,45.85768,2,"[{""class_id"":0,""class_name"":""ball"",""confidence"":0.9092382192611694,""x1"":308.01165771484375,""y1"":283.2427673339844,""x2"":334.2239990234375,""y2"":312.1603698730469},{""class_id"":2,""class_name"":""robot"",""confidence"":0.8392136096954346,""x1"":459.7846374511719,""y1"":200.94464111328125,""x2"":506.2633972167969,""y2"":289.35406494140625}]"
790,8.758202,1.0056640003313078,43.2743040000787,0.7442959995387355,45.452940999999996,54.211143,2,"[{""class_id"":0,""class_name"":""ball"",""confidence"":0.9111918210983276,""x1"":307.91326904296875,""y1"":283.1342468261719,""x2"":334.0924072265625,""y2"":312.0154113769531},{""class_id"":2,""class_name"":""robot"",""confidence"":0.8388631343841553,""x1"":460.2386169433594,""y1"":200.84097290039062,""x2"":506.6380920410156,""y2"":289.3099670410156}]"
791,0.589976,0.8681200015416835,41.964609999922686,0.7399269998131786,44.011758,44.601734,2,"[{""class_id"":0,""class_name"":""ball"",""confidence"":0.9120916128158569,""x1"":308.0299072265625,""y1"":283.242919921875,""x2"":334.1826171875,""y2"":311.97998046875},{""class_id"":2,""class_name"":""robot"",""confidence"":0.8383107781410217,""x1"":460.27044677734375,""y1"":200.68545532226562,""x2"":506.08306884765625,""y2"":289.2550354003906}]"
792,9.863353,0.9751910001796205,39.53395799908321,0.755181999920751,42.64131999999999,52.504673,2,"[{""class_id"":0,""class_name"":""ball"",""confidence"":0.9075142741203308,""x1"":307.99090576171875,""y1"":283.30914306640625,""x2"":334.23382568359375,""y2"":312.14898681640625},{""class_id"":2,""class_name"":""robot"",""confidence"":0.8359174728393555,""x1"":460.589599609375,""y1"":200.78964233398438,""x2"":506.72735595703125,""y2"":289.58575439453125}]"
793,0.588652,0.8500830008415505,40.95804799908365,0.7426789998135064,42.961174,43.549826,2,"[{""class_id"":0,""class_name"":""ball"",""confidence"":0.9093306660652161,""x1"":307.93402099609375,""y1"":283.33856201171875,""x2"":334.28265380859375,""y2"":312.15203857421875},{""class_id"":2,""class_name"":""robot"",""confidence"":0.829822301864624,""x1"":460.5581359863281,""y1"":200.9959716796875,""x2"":506.2702331542969,""y2"":289.119140625}]"
794,13.745416,1.0677949994715163,43.29676599991217,0.7955000000947621,45.580067,59.325483,2,"[{""class_id"":0,""class_name"":""ball"",""confidence"":0.9138374924659729,""x1"":308.08062744140625,""y1"":283.2732238769531,""x2"":334.17474365234375,""y2"":311.8959045410156},{""class_id"":2,""class_name"":""robot"",""confidence"":0.8277115821838379,""x1"":460.78863525390625,""y1"":200.86209106445312,""x2"":505.68988037109375,""y2"":288.7869873046875}]"
795,0.580748,0.9383590004290454,40.61232700041728,0.4342120009823702,42.344003,42.924751,2,"[{""class_id"":0,""class_name"":""ball"",""confidence"":0.9106636047363281,""x1"":307.96807861328125,""y1"":283.1773376464844,""x2"":334.21795654296875,""y2"":311.9180603027344},{""class_id"":2,""class_name"":""robot"",""confidence"":0.8321027159690857,""x1"":460.6571044921875,""y1"":200.84036254882812,""x2"":506.25689697265625,""y2"":288.8214416503906}]"
796,11.260935,0.9149159996013623,38.67109999919194,0.46125699918775354,40.42693800000001,51.687873,2,"[{""class_id"":0,""class_name"":""ball"",""confidence"":0.90654057264328,""x1"":307.98236083984375,""y1"":283.155517578125,""x2"":334.1658935546875,""y2"":312.11761474609375},{""class_id"":2,""class_name"":""robot"",""confidence"":0.8247538208961487,""x1"":455.789306640625,""y1"":200.85531616210938,""x2"":507.43603515625,""y2"":290.84149169921875}]"
797,0.326055,0.8552780000172788,37.67913400042744,0.43721700058085844,39.30472,39.630775,2,"[{""class_id"":0,""class_name"":""ball"",""confidence"":0.9098486304283142,""x1"":307.94677734375,""y1"":283.1807861328125,""x2"":334.186279296875,""y2"":311.9420166015625},{""class_id"":2,""class_name"":""robot"",""confidence"":0.8357877135276794,""x1"":460.3255615234375,""y1"":200.7550048828125,""x2"":506.3154296875,""y2"":289.29315185546875}]"
798,19.803796,0.8947090009314707,36.85112899984233,0.4364870001154486,38.540909,58.344705,2,"[{""class_id"":0,""class_name"":""ball"",""confidence"":0.9104450941085815,""x1"":308.09130859375,""y1"":283.20318603515625,""x2"":334.25048828125,""y2"":312.1461181640625},{""class_id"":2,""class_name"":""robot"",""confidence"":0.8274288773536682,""x1"":461.2194519042969,""y1"":200.94769287109375,""x2"":506.5361633300781,""y2"":289.5521545410156}]"
799,0.317957,0.7630060008523287,37.60486600003787,0.4396170006657485,39.140214,39.458171,2,"[{""class_id"":0,""class_name"":""ball"",""confidence"":0.9093863368034363,""x1"":308.1404113769531,""y1"":283.277099609375,""x2"":334.2513122558594,""y2"":312.0806884765625},{""class_id"":2,""class_name"":""robot"",""confidence"":0.8291580080986023,""x1"":460.8154296875,""y1"":200.77252197265625,""x2"":506.37841796875,""y2"":289.0369567871094}]"
800,22.077879,0.8920589989429573,37.996580998878926,0.4320400003052782,39.669262,61.747141,2,"[{""class_id"":0,""class_name"":""ball"",""confidence"":0.9060753583908081,""x1"":307.944580078125,""y1"":283.2128601074219,""x2"":334.115966796875,""y2"":312.0229187011719},{""class_id"":2,""class_name"":""robot"",""confidence"":0.8331446647644043,""x1"":455.8009033203125,""y1"":200.7567138671875,""x2"":507.4808349609375,""y2"":290.9642639160156}]"
801,0.320942,0.7652780004718807,37.96502200020768,0.4436010003701085,39.518207,39.839149,2,"[{""class_id"":0,""class_name"":""ball"",""confidence"":0.9093765020370483,""x1"":308.32781982421875,""y1"":283.20098876953125,""x2"":334.12640380859375,""y2"":312.11663818359375},{""class_id"":2,""class_name"":""robot"",""confidence"":0.831547737121582,""x1"":460.569091796875,""y1"":200.8037109375,""x2"":505.7435302734375,""y2"":289.26641845703125}]"
802,20.456001,1.0432319995743455,43.98876300001575,0.7408519995806273,46.178265999999994,66.634267,2,"[{""class_id"":0,""class_name"":""ball"",""confidence"":0.9123111367225647,""x1"":308.1625061035156,""y1"":283.2038269042969,""x2"":334.2176818847656,""y2"":312.1871032714844},{""class_id"":2,""class_name"":""robot"",""confidence"":0.8335124254226685,""x1"":460.85400390625,""y1"":201.05072021484375,""x2"":506.3021240234375,""y2"":289.3172607421875}]"
803,0.584477,0.931168000533944,42.226182000376866,0.8165930012182798,44.404511,44.988988,2,"[{""class_id"":0,""class_name"":""ball"",""confidence"":0.9136525988578796,""x1"":308.09368896484375,""y1"":283.1112060546875,""x2"":334.00836181640625,""y2"":312.0350341796875},{""class_id"":2,""class_name"":""robot"",""confidence"":0.8307801485061646,""x1"":460.63653564453125,""y1"":200.73831176757812,""x2"":505.96392822265625,""y2"":289.1846618652344}]"
804,8.837491,0.9974189997592475,41.00338500029466,0.7423799997923197,43.175406,52.012897,2,"[{""class_id"":0,""class_name"":""ball"",""confidence"":0.9091943502426147,""x1"":308.0552062988281,""y1"":282.996826171875,""x2"":334.1819152832031,""y2"":312.01971435546875},{""class_id"":2,""class_name"":""robot"",""confidence"":0.8323670625686646,""x1"":460.4652099609375,""y1"":201.20526123046875,""x2"":506.340087890625,""y2"":289.1167297363281}]"
805,0.576411,0.9579029992892174,43.866127998626325,0.7426009997288929,45.982258,46.558669,2,"[{""class_id"":0,""class_name"":""ball"",""confidence"":0.906726062297821,""x1"":308.2445068359375,""y1"":283.28228759765625,""x2"":334.2403564453125,""y2"":312.06927490234375},{""class_id"":2,""class_name"":""robot"",""confidence"":0.828140139579773,""x1"":460.85467529296875,""y1"":201.09323120117188,""x2"":506.1751708984375,""y2"":289.0751037597656}]"
806,14.331838,0.8559420002711704,39.03109600105381,0.48372099990956485,40.724512000000004,55.05635,2,"[{""class_id"":0,""class_name"":""ball"",""confidence"":0.9079363346099854,""x1"":308.1240234375,""y1"":283.2899169921875,""x2"":334.2576904296875,""y2"":312.114501953125},{""class_id"":2,""class_name"":""robot"",""confidence"":0.820802628993988,""x1"":456.4112243652344,""y1"":200.82293701171875,""x2"":506.9165344238281,""y2"":290.14556884765625}]"
807,22.953178,0.8435899999312824,39.21892700054741,0.4330570009187795,40.840007,63.793185,2,"[{""class_id"":0,""class_name"":""ball"",""confidence"":0.9060680270195007,""x1"":308.1061706542969,""y1"":283.1676025390625,""x2"":334.1661071777344,""y2"":312.11444091796875},{""class_id"":2,""class_name"":""robot"",""confidence"":0.8333608508110046,""x1"":460.83734130859375,""y1"":201.00201416015625,""x2"":506.63482666015625,""y2"":289.4813232421875}]"
808,0.336289,0.6816739987698384,36.43510899928515,0.43476799874042626,37.888995,38.225284,2,"[{""class_id"":0,""class_name"":""ball"",""confidence"":0.9101550579071045,""x1"":307.8812255859375,""y1"":283.12353515625,""x2"":334.2413330078125,""y2"":312.06427001953125},{""class_id"":2,""class_name"":""robot"",""confidence"":0.8301746249198914,""x1"":460.80108642578125,""y1"":200.85366821289062,""x2"":506.0576171875,""y2"":289.1263122558594}]"
809,20.814603,0.8790869997028494,35.86294200067641,0.43742600064433645,37.553428,58.368031,2,"[{""class_id"":0,""class_name"":""ball"",""confidence"":0.912076473236084,""x1"":308.084228515625,""y1"":283.23126220703125,""x2"":334.091552734375,""y2"":312.05487060546875},{""class_id"":2,""class_name"":""robot"",""confidence"":0.8389216065406799,""x1"":458.15753173828125,""y1"":201.1187744140625,""x2"":507.15350341796875,""y2"":289.53131103515625}]"
810,0.323994,0.7182580011431128,34.98603499974706,0.4391350012156181,36.470315,36.794309,2,"[{""class_id"":0,""class_name"":""ball"",""confidence"":0.907268762588501,""x1"":308.00439453125,""y1"":283.1778564453125,""x2"":334.07861328125,""y2"":311.89874267578125},{""class_id"":2,""class_name"":""robot"",""confidence"":0.8274312615394592,""x1"":460.9693908691406,""y1"":200.92745971679688,""x2"":506.3525695800781,""y2"":289.09002685546875}]"
811,25.522533,0.8506300000590272,38.85788799925649,0.5401559992606053,40.610985,66.133518,2,"[{""class_id"":0,""class_name"":""ball"",""confidence"":0.9077227115631104,""x1"":308.0246887207031,""y1"":283.1338195800781,""x2"":334.1597595214844,""y2"":311.8932189941406},{""class_id"":2,""class_name"":""robot"",""confidence"":0.8355308175086975,""x1"":460.6630859375,""y1"":200.71963500976562,""x2"":506.7486572265625,""y2"":288.9591369628906}]"
812,0.33865,0.7794410012138542,44.20456899970304,0.7435179995809449,46.116299999999995,46.45495,2,"[{""class_id"":0,""class_name"":""ball"",""confidence"":0.9094767570495605,""x1"":308.261474609375,""y1"":283.19488525390625,""x2"":334.1416015625,""y2"":312.08758544921875},{""class_id"":2,""class_name"":""robot"",""confidence"":0.8378055095672607,""x1"":460.590576171875,""y1"":200.88717651367188,""x2"":506.31024169921875,""y2"":289.1656799316406}]"
813,13.088445,0.9357420003652805,42.92132399859838,0.7966719986143289,45.081006,58.169451,2,"[{""class_id"":0,""class_name"":""ball"",""confidence"":0.9069962501525879,""x1"":308.1654052734375,""y1"":283.1112060546875,""x2"":334.1090087890625,""y2"":312.077392578125},{""class_id"":2,""class_name"":""robot"",""confidence"":0.8313137888908386,""x1"":460.590087890625,""y1"":200.7225341796875,""x2"":505.886962890625,""y2"":289.3763427734375}]"
814,0.58265,0.8815080000204034,44.51137599971844,0.757279000026756,46.560847,47.143497,2,"[{""class_id"":0,""class_name"":""ball"",""confidence"":0.9067472219467163,""x1"":307.99957275390625,""y1"":283.132080078125,""x2"":333.99188232421875,""y2"":312.054443359375},{""class_id"":2,""class_name"":""robot"",""confidence"":0.8361566662788391,""x1"":460.5660705566406,""y1"":200.80801391601562,""x2"":506.7018127441406,""y2"":289.3123779296875}]"
815,7.705642,0.9709949990792666,43.17421700034174,0.8167669984686654,45.381758000000005,53.0874,2,"[{""class_id"":0,""class_name"":""ball"",""confidence"":0.9112815260887146,""x1"":308.00628662109375,""y1"":283.18243408203125,""x2"":334.23248291015625,""y2"":312.04876708984375},{""class_id"":2,""class_name"":""robot"",""confidence"":0.8361920118331909,""x1"":460.4219970703125,""y1"":200.76531982421875,""x2"":506.37890625,""y2"":289.0439453125}]"
816,0.572204,1.0758249991340563,43.008950000512414,0.74530500023684,45.239947,45.812151,2,"[{""class_id"":0,""class_name"":""ball"",""confidence"":0.9103074669837952,""x1"":308.1963195800781,""y1"":283.2532958984375,""x2"":334.3290710449219,""y2"":312.251220703125},{""class_id"":2,""class_name"":""robot"",""confidence"":0.8198299407958984,""x1"":461.81005859375,""y1"":200.81167602539062,""x2"":506.18243408203125,""y2"":288.9567565917969}]"
817,12.717967,1.0214419999101665,40.48533700006374,0.759698999900138,42.756412999999995,55.47438,2,"[{""class_id"":0,""class_name"":""ball"",""confidence"":0.9082444310188293,""x1"":308.14453125,""y1"":283.20416259765625,""x2"":334.1007080078125,""y2"":312.01898193359375},{""class_id"":2,""class_name"":""robot"",""confidence"":0.8347278833389282,""x1"":460.8592529296875,""y1"":200.92221069335938,""x2"":506.70050048828125,""y2"":289.5459289550781}]"
818,21.444057,0.8455030001641717,43.61423000045761,0.750948000131757,45.605526999999995,67.049584,2,"[{""class_id"":0,""class_name"":""ball"",""confidence"":0.9104642868041992,""x1"":308.164306640625,""y1"":283.26068115234375,""x2"":334.08038330078125,""y2"":312.05511474609375},{""class_id"":2,""class_name"":""robot"",""confidence"":0.8364114761352539,""x1"":460.9114990234375,""y1"":200.72396850585938,""x2"":506.47509765625,""y2"":289.1683044433594}]"
819,0.582906,0.8849210007610964,43.08145600043645,0.7496119997085771,45.128220999999996,45.711127,2,"[{""class_id"":0,""class_name"":""ball"",""confidence"":0.9111794829368591,""x1"":307.993408203125,""y1"":283.2490539550781,""x2"":334.2022705078125,""y2"":312.2454528808594},{""class_id"":2,""class_name"":""robot"",""confidence"":0.8290756940841675,""x1"":460.57476806640625,""y1"":200.96612548828125,""x2"":506.1961669921875,""y2"":289.36981201171875}]"
820,8.384941,0.98457099920779,44.04281600000104,0.7785310008330271,46.230826,54.615767,2,"[{""class_id"":0,""class_name"":""ball"",""confidence"":0.9117447733879089,""x1"":308.09759521484375,""y1"":283.15863037109375,""x2"":334.106201171875,""y2"":312.01385498046875},{""class_id"":2,""class_name"":""robot"",""confidence"":0.8348284363746643,""x1"":460.3908996582031,""y1"":200.77197265625,""x2"":506.4313049316406,""y2"":289.556884765625}]"
821,0.600399,0.9391140010848176,39.97627100034151,0.42711100104497746,41.711085,42.311484,2,"[{""class_id"":0,""class_name"":""ball"",""confidence"":0.9133992195129395,""x1"":308.01312255859375,""y1"":283.28485107421875,""x2"":334.03912353515625,""y2"":312.10760498046875},{""class_id"":2,""class_name"":""robot"",""confidence"":0.8274834752082825,""x1"":460.58062744140625,""y1"":200.96157836914062,""x2"":505.92413330078125,""y2"":289.103759765625}]"
822,11.23277,0.9320600001956336,38.1601960016269,0.43744600043282844,39.884597,51.117367,2,"[{""class_id"":0,""class_name"":""ball"",""confidence"":0.9125905632972717,""x1"":307.86407470703125,""y1"":283.2392883300781,""x2"":334.10308837890625,""y2"":312.0650939941406},{""class_id"":2,""class_name"":""robot"",""confidence"":0.8349717259407043,""x1"":455.6759338378906,""y1"":200.6279296875,""x2"":507.6099548339844,""y2"":290.5881652832031}]"
823,0.334142,0.7177449988375884,36.93293300057121,0.44177400013722945,38.419421,38.753563,2,"[{""class_id"":0,""class_name"":""ball"",""confidence"":0.9109073877334595,""x1"":308.0936584472656,""y1"":283.3298645019531,""x2"":334.1941223144531,""y2"":312.0022277832031},{""class_id"":2,""class_name"":""robot"",""confidence"":0.8317590951919556,""x1"":460.46881103515625,""y1"":201.00405883789062,""x2"":506.10394287109375,""y2"":288.9258117675781}]"
824,21.257818,0.8646289988973876,39.49749300045369,0.4342219999671215,41.169451,62.427269,2,"[{""class_id"":0,""class_name"":""ball"",""confidence"":0.9100845456123352,""x1"":308.0601806640625,""y1"":283.19964599609375,""x2"":334.147705078125,""y2"":311.967529296875},{""class_id"":2,""class_name"":""robot"",""confidence"":0.8411029577255249,""x1"":460.23077392578125,""y1"":200.883544921875,""x2"":506.654052734375,""y2"":289.1470947265625}]"
825,0.317329,0.761700999646564,36.255896999136894,0.5028380001022015,37.86144,38.178769,2,"[{""class_id"":0,""class_name"":""ball"",""confidence"":0.9085592031478882,""x1"":308.0376892089844,""y1"":283.12298583984375,""x2"":334.0757751464844,""y2"":311.94085693359375},{""class_id"":2,""class_name"":""robot"",""confidence"":0.8279429078102112,""x1"":455.734130859375,""y1"":200.6297607421875,""x2"":507.9244384765625,""y2"":290.50640869140625}]"
826,20.526083,0.824673999886727,36.98954900028184,0.4433390004123794,38.594204,59.120287,2,"[{""class_id"":0,""class_name"":""ball"",""confidence"":0.9066978693008423,""x1"":308.01348876953125,""y1"":283.2164306640625,""x2"":334.12725830078125,""y2"":311.97723388671875},{""class_id"":2,""class_name"":""robot"",""confidence"":0.8336238265037537,""x1"":460.27203369140625,""y1"":200.91629028320312,""x2"":505.95611572265625,""y2"":289.40631103515625}]"
827,0.32013,0.748452999687288,35.90274899943324,0.48865299868339207,37.468425,37.788555,2,"[{""class_id"":0,""class_name"":""ball"",""confidence"":0.9130913019180298,""x1"":308.1972351074219,""y1"":283.25628662109375,""x2"":334.1838684082031,""y2"":312.02825927734375},{""class_id"":2,""class_name"":""robot"",""confidence"":0.8292012810707092,""x1"":461.2413024902344,""y1"":200.82858276367188,""x2"":506.2081604003906,""y2"":288.9538269042969}]"
828,0.316685,0.7361099997069687,35.083237000435474,0.42768599996634293,36.589028,36.905713,2,"[{""class_id"":0,""class_name"":""ball"",""confidence"":0.9096742868423462,""x1"":308.0206298828125,""y1"":283.1756896972656,""x2"":334.1170654296875,""y2"":312.0413513183594},{""class_id"":2,""class_name"":""robot"",""confidence"":0.8335278034210205,""x1"":455.4711608886719,""y1"":200.77005004882812,""x2"":507.5236511230469,""y2"":290.4259338378906}]"
829,22.517306,0.8721279991732445,36.443307000809,0.4325949994381517,38.089281,60.606587,2,"[{""class_id"":0,""class_name"":""ball"",""confidence"":0.9092199802398682,""x1"":307.9764404296875,""y1"":283.23577880859375,""x2"":334.25927734375,""y2"":312.2138671875},{""class_id"":2,""class_name"":""robot"",""confidence"":0.8315783143043518,""x1"":460.18408203125,""y1"":201.05615234375,""x2"":506.2894287109375,""y2"":289.144775390625}]"
830,0.349431,1.026817999445484,36.46915900026215,0.44812200030719396,38.326249,38.67568,2,"[{""class_id"":0,""class_name"":""ball"",""confidence"":0.9077290296554565,""x1"":308.20220947265625,""y1"":283.2411193847656,""x2"":334.22723388671875,""y2"":311.9789123535156},{""class_id"":2,""class_name"":""robot"",""confidence"":0.8351469039916992,""x1"":460.96331787109375,""y1"":201.06927490234375,""x2"":506.58648681640625,""y2"":289.1143798828125}]"
831,23.096882,1.0091730000567622,35.856913000316126,0.4418150001583854,37.660237,60.757119,2,"[{""class_id"":0,""class_name"":""ball"",""confidence"":0.9106245636940002,""x1"":308.04217529296875,""y1"":283.17279052734375,""x2"":334.2557373046875,""y2"":312.10443115234375},{""class_id"":2,""class_name"":""robot"",""confidence"":0.8354081511497498,""x1"":460.5777282714844,""y1"":201.05377197265625,""x2"":506.3188781738281,""y2"":289.16436767578125}]"
832,0.323487,0.7156100000429433,39.59133100033796,0.4657989993575029,41.16692,41.490407,2,"[{""class_id"":0,""class_name"":""ball"",""confidence"":0.9102315902709961,""x1"":308.1240234375,""y1"":283.25146484375,""x2"":334.13818359375,""y2"":312.016357421875},{""class_id"":2,""class_name"":""robot"",""confidence"":0.8277600407600403,""x1"":461.02276611328125,""y1"":200.98318481445312,""x2"":505.73516845703125,""y2"":288.80657958984375}]"
833,20.928862,0.8581359998061089,37.22361800100771,0.4527239998424193,38.939812,59.868674,2,"[{""class_id"":0,""class_name"":""ball"",""confidence"":0.9107767343521118,""x1"":308.165283203125,""y1"":283.30841064453125,""x2"":334.2913818359375,""y2"":312.07391357421875},{""class_id"":2,""class_name"":""robot"",""confidence"":0.8336610794067383,""x1"":460.25653076171875,""y1"":200.93902587890625,""x2"":506.38397216796875,""y2"":288.94403076171875}]"
834,0.435568,0.9838599999056896,37.77420400001574,0.4957629989803536,39.702216,40.137784,2,"[{""class_id"":0,""class_name"":""ball"",""confidence"":0.9105976819992065,""x1"":308.08477783203125,""y1"":283.30389404296875,""x2"":334.14337158203125,""y2"":312.0809326171875},{""class_id"":2,""class_name"":""robot"",""confidence"":0.8234421014785767,""x1"":456.1413269042969,""y1"":200.70053100585938,""x2"":507.2929382324219,""y2"":290.5769348144531}]"
835,20.891862,0.8484059999318561,36.08080400044855,0.4507350004132604,37.724941,58.616803,2,"[{""class_id"":0,""class_name"":""ball"",""confidence"":0.9088422060012817,""x1"":308.10797119140625,""y1"":283.2286682128906,""x2"":334.22845458984375,""y2"":312.1723327636719},{""class_id"":2,""class_name"":""robot"",""confidence"":0.8353918194770813,""x1"":460.4533996582031,""y1"":201.00399780273438,""x2"":506.4689025878906,""y2"":289.4488525390625}]"
836,0.323195,0.772130999393994,38.183826000022236,0.43772400022135116,39.738139000000004,40.061334,2,"[{""class_id"":0,""class_name"":""ball"",""confidence"":0.9105198979377747,""x1"":308.08489990234375,""y1"":283.2154541015625,""x2"":334.18304443359375,""y2"":312.13714599609375},{""class_id"":2,""class_name"":""robot"",""confidence"":0.8300536870956421,""x1"":460.581787109375,""y1"":200.86651611328125,""x2"":505.9844970703125,""y2"":288.99700927734375}]"
837,22.030321,0.8355310001206817,38.80551900147111,0.46665100126119796,40.465044999999996,62.495366,2,"[{""class_id"":0,""class_name"":""ball"",""confidence"":0.9105254411697388,""x1"":308.216064453125,""y1"":283.25946044921875,""x2"":334.1866455078125,""y2"":312.18084716796875},{""class_id"":2,""class_name"":""robot"",""confidence"":0.8322944045066833,""x1"":460.4744873046875,""y1"":201.01834106445312,""x2"":506.33154296875,""y2"":289.60760498046875}]"
838,0.314662,0.7385230001091259,35.01014699941152,0.4285649993107654,36.515778000000005,36.83044,2,"[{""class_id"":0,""class_name"":""ball"",""confidence"":0.9073076248168945,""x1"":307.9172058105469,""y1"":283.14703369140625,""x2"":334.1859436035156,""y2"":312.09222412109375},{""class_id"":2,""class_name"":""robot"",""confidence"":0.8279110789299011,""x1"":460.82861328125,""y1"":200.86886596679688,""x2"":506.2271728515625,""y2"":289.1391296386719}]"
839,22.643869,0.83958100003656,38.53011899991543,0.4318819992477074,40.16133000000001,62.805199,2,"[{""class_id"":0,""class_name"":""ball"",""confidence"":0.9106462001800537,""x1"":308.08856201171875,""y1"":283.19525146484375,""x2"":334.26251220703125,""y2"":312.19049072265625},{""class_id"":2,""class_name"":""robot"",""confidence"":0.8363484144210815,""x1"":460.7763366699219,""y1"":200.89443969726562,""x2"":506.4258728027344,""y2"":289.2030334472656}]"
840,0.344004,0.6866920011816546,35.23343100096099,0.4311439988669008,36.68437,37.028374,2,"[{""class_id"":0,""class_name"":""ball"",""confidence"":0.911223292350769,""x1"":307.9935302734375,""y1"":283.22650146484375,""x2"":334.25341796875,""y2"":312.24810791015625},{""class_id"":2,""class_name"":""robot"",""confidence"":0.8349760174751282,""x1"":460.0023498535156,""y1"":200.8394775390625,""x2"":505.6562194824219,""y2"":288.6146545410156}]"
841,22.627777,0.8218000002671033,37.70289999920351,0.5185780009924201,39.39883400000001,62.026611,2,"[{""class_id"":0,""class_name"":""ball"",""confidence"":0.9099015593528748,""x1"":307.99664306640625,""y1"":283.273193359375,""x2"":334.1533203125,""y2"":312.150634765625},{""class_id"":2,""class_name"":""robot"",""confidence"":0.8403535485267639,""x1"":460.1890869140625,""y1"":200.85394287109375,""x2"":507.0308837890625,""y2"":289.49383544921875}]"
842,0.338297,0.8134300005622208,36.714486001073965,0.4304690010030754,38.292255000000004,38.630552,2,"[{""class_id"":0,""class_name"":""ball"",""confidence"":0.9138607978820801,""x1"":308.16522216796875,""y1"":283.20196533203125,""x2"":334.2529296875,""y2"":312.01312255859375},{""class_id"":2,""class_name"":""robot"",""confidence"":0.8301070928573608,""x1"":456.0523681640625,""y1"":200.64627075195312,""x2"":507.235107421875,""y2"":290.82958984375}]"
843,21.986743,0.8757150008023018,37.41484599959222,0.6215820012585027,39.316047999999995,61.302791,2,"[{""class_id"":0,""class_name"":""ball"",""confidence"":0.911614179611206,""x1"":307.992919921875,""y1"":283.1092834472656,""x2"":334.0445556640625,""y2"":312.0353698730469},{""class_id"":2,""class_name"":""robot"",""confidence"":0.835253894329071,""x1"":459.9913330078125,""y1"":200.79098510742188,""x2"":505.89111328125,""y2"":289.65570068359375}]"
844,0.377586,0.9920769989548717,36.80088400142267,0.4332330008764984,38.572631,38.950217,2,"[{""class_id"":0,""class_name"":""ball"",""confidence"":0.9097049832344055,""x1"":308.18609619140625,""y1"":283.2118225097656,""x2"":334.02044677734375,""y2"":312.0227966308594},{""class_id"":2,""class_name"":""robot"",""confidence"":0.8300397992134094,""x1"":460.77386474609375,""y1"":201.05044555664062,""x2"":506.03106689453125,""y2"":288.9585876464844}]"
845,21.709083,0.8666389985592104,35.89262700006657,0.43573199945967644,37.538838,59.247921,2,"[{""class_id"":0,""class_name"":""ball"",""confidence"":0.9116734266281128,""x1"":308.1223449707031,""y1"":283.1641845703125,""x2"":334.0785827636719,""y2"":312.037353515625},{""class_id"":2,""class_name"":""robot"",""confidence"":0.8243890404701233,""x1"":455.95684814453125,""y1"":200.70172119140625,""x2"":507.16448974609375,""y2"":290.38348388671875}]"
846,0.321652,0.7158669995988021,36.634114001572016,0.4340600007708417,38.111188,38.43284,2,"[{""class_id"":0,""class_name"":""ball"",""confidence"":0.908757746219635,""x1"":308.18572998046875,""y1"":283.349853515625,""x2"":334.2867431640625,""y2"":312.174560546875},{""class_id"":2,""class_name"":""robot"",""confidence"":0.829882800579071,""x1"":456.413330078125,""y1"":200.66436767578125,""x2"":507.3736572265625,""y2"":290.3753662109375}]"
847,0.357315,0.7126429991330951,37.48513500067929,0.4326720008975826,38.97396,39.331275,2,"[{""class_id"":0,""class_name"":""ball"",""confidence"":0.9099375605583191,""x1"":308.1751708984375,""y1"":283.2510986328125,""x2"":334.17413330078125,""y2"":312.0040283203125},{""class_id"":2,""class_name"":""robot"",""confidence"":0.8306933641433716,""x1"":460.7473449707031,""y1"":200.69345092773438,""x2"":505.7099914550781,""y2"":289.51666259765625}]"
848,20.718649,0.859847999890917,38.37503399881825,0.4267650001565926,40.011242,60.729891,2,"[{""class_id"":0,""class_name"":""ball"",""confidence"":0.9057300090789795,""x1"":308.1937561035156,""y1"":283.286376953125,""x2"":334.2242126464844,""y2"":312.13494873046875},{""class_id"":2,""class_name"":""robot"",""confidence"":0.8397475481033325,""x1"":460.49200439453125,""y1"":200.89080810546875,""x2"":506.55242919921875,""y2"":289.1864929199219}]"
849,0.33743,0.7178010000643553,39.99517699958233,0.4397939992486499,41.487281,41.824711,2,"[{""class_id"":0,""class_name"":""ball"",""confidence"":0.9102263450622559,""x1"":307.98504638671875,""y1"":283.08831787109375,""x2"":334.1365966796875,""y2"":312.155029296875},{""class_id"":2,""class_name"":""robot"",""confidence"":0.8216295838356018,""x1"":460.8829650878906,""y1"":201.02349853515625,""x2"":505.9828796386719,""y2"":288.76348876953125}]"
850,18.181155,0.8674350010551279,40.56807099914295,0.4485459994612029,42.228967,60.410122,2,"[{""class_id"":0,""class_name"":""ball"",""confidence"":0.9090532660484314,""x1"":308.10748291015625,""y1"":283.18841552734375,""x2"":334.07098388671875,""y2"":312.03961181640625},{""class_id"":2,""class_name"":""robot"",""confidence"":0.8385136723518372,""x1"":460.11859130859375,""y1"":200.78012084960938,""x2"":506.48040771484375,""y2"":289.1949462890625}]"
851,0.392865,0.7978899993759114,37.68750500057649,0.4277040006854804,39.278242999999996,39.671108,2,"[{""class_id"":0,""class_name"":""ball"",""confidence"":0.9097262024879456,""x1"":308.135498046875,""y1"":283.24981689453125,""x2"":334.16595458984375,""y2"":311.91278076171875},{""class_id"":2,""class_name"":""robot"",""confidence"":0.8294039964675903,""x1"":460.6166687011719,""y1"":200.72988891601562,""x2"":506.3879089355469,""y2"":289.2653503417969}]"
852,17.861497,0.8466550007142359,37.60350800075685,0.4396500007715076,39.247405,57.108902,2,"[{""class_id"":0,""class_name"":""ball"",""confidence"":0.9091930389404297,""x1"":307.9925842285156,""y1"":283.23907470703125,""x2"":334.0491027832031,""y2"":312.07952880859375},{""class_id"":2,""class_name"":""robot"",""confidence"":0.8361296653747559,""x1"":460.4189453125,""y1"":200.98519897460938,""x2"":506.475830078125,""y2"":289.31695556640625}]"
853,0.31857,0.6960459995752899,36.8908200016449,0.42910299998766277,38.349258999999996,38.667829,2,"[{""class_id"":0,""class_name"":""ball"",""confidence"":0.9127011299133301,""x1"":308.0450439453125,""y1"":283.15948486328125,""x2"":334.112548828125,""y2"":312.01171875},{""class_id"":2,""class_name"":""robot"",""confidence"":0.8298621773719788,""x1"":455.75732421875,""y1"":200.637939453125,""x2"":507.4287109375,""y2"":290.6403503417969}]"
854,22.04296,0.8367290010937722,39.493255000706995,0.4263139999238774,41.104434,63.147394,2,"[{""class_id"":0,""class_name"":""ball"",""confidence"":0.9107290506362915,""x1"":307.93572998046875,""y1"":283.1128234863281,""x2"":334.15179443359375,""y2"":312.1302185058594},{""class_id"":2,""class_name"":""robot"",""confidence"":0.8279607892036438,""x1"":460.47772216796875,""y1"":200.91439819335938,""x2"":506.01678466796875,""y2"":289.2690124511719}]"
855,0.324667,0.7218720002128975,35.24001400000998,0.4295050002838252,36.729367,37.054034,2,"[{""class_id"":0,""class_name"":""ball"",""confidence"":0.9117498397827148,""x1"":308.0093994140625,""y1"":283.2086181640625,""x2"":334.09771728515625,""y2"":312.0689697265625},{""class_id"":2,""class_name"":""robot"",""confidence"":0.8281369805335999,""x1"":460.66314697265625,""y1"":200.80001831054688,""x2"":505.71221923828125,""y2"":288.4598083496094}]"
856,21.800175,0.8797049995337147,38.90004400091129,0.4516949993558228,40.587869,62.388044,2,"[{""class_id"":0,""class_name"":""ball"",""confidence"":0.9101869463920593,""x1"":308.0045166015625,""y1"":283.15875244140625,""x2"":334.1619873046875,""y2"":312.11102294921875},{""class_id"":2,""class_name"":""robot"",""confidence"":0.830327033996582,""x1"":460.74737548828125,""y1"":201.0245361328125,""x2"":506.09710693359375,""y2"":289.49017333984375}]"
857,0.319734,0.767056000768207,38.66422600003716,0.43300699871906545,40.19632,40.516054,2,"[{""class_id"":0,""class_name"":""ball"",""confidence"":0.9100025296211243,""x1"":307.99822998046875,""y1"":283.12518310546875,""x2"":334.08319091796875,""y2"":312.03521728515625},{""class_id"":2,""class_name"":""robot"",""confidence"":0.8311166763305664,""x1"":455.48101806640625,""y1"":200.67709350585938,""x2"":507.50262451171875,""y2"":290.7817077636719}]"
858,18.821649,0.8189660002244636,38.17987199909112,0.47191099838528316,39.817414,58.639063,2,"[{""class_id"":0,""class_name"":""ball"",""confidence"":0.9079633355140686,""x1"":307.8756103515625,""y1"":283.1053161621094,""x2"":334.1768798828125,""y2"":312.1065979003906},{""class_id"":2,""class_name"":""robot"",""confidence"":0.8324763178825378,""x1"":460.40203857421875,""y1"":200.92550659179688,""x2"":506.21490478515625,""y2"":289.11981201171875}]"
859,0.327087,0.6881810004415456,40.1512870012084,0.43184399874007795,41.610273,41.93736,2,"[{""class_id"":0,""class_name"":""ball"",""confidence"":0.9056730270385742,""x1"":308.04876708984375,""y1"":283.1757507324219,""x2"":334.1678466796875,""y2"":312.0590515136719},{""class_id"":2,""class_name"":""robot"",""confidence"":0.8326274752616882,""x1"":460.62664794921875,""y1"":200.71868896484375,""x2"":505.77044677734375,""y2"":289.36102294921875}]"
860,18.205862,0.8449279994238168,37.705617998653906,0.44588099990505725,39.33828200000001,57.544144,2,"[{""class_id"":0,""class_name"":""ball"",""confidence"":0.9105522036552429,""x1"":308.324462890625,""y1"":283.3087158203125,""x2"":334.222412109375,""y2"":312.2076416015625},{""class_id"":2,""class_name"":""robot"",""confidence"":0.8318625092506409,""x1"":460.8795166015625,""y1"":200.87881469726562,""x2"":505.72119140625,""y2"":289.1182861328125}]"
861,0.31986,0.6948709997232072,40.148744999896735,0.4326839989516884,41.608709000000005,41.928569,2,"[{""class_id"":0,""class_name"":""ball"",""confidence"":0.9083648920059204,""x1"":307.9451599121094,""y1"":283.10595703125,""x2"":334.1750793457031,""y2"":312.004638671875},{""class_id"":2,""class_name"":""robot"",""confidence"":0.8373848795890808,""x1"":460.25830078125,""y1"":200.80462646484375,""x2"":505.8756103515625,""y2"":289.3330078125}]"
862,18.786195,0.8455049992335262,37.90577200015832,0.4408730001159711,39.539808,58.326003,2,"[{""class_id"":0,""class_name"":""ball"",""confidence"":0.9083264470100403,""x1"":307.99664306640625,""y1"":283.200439453125,""x2"":334.20733642578125,""y2"":312.065673828125},{""class_id"":2,""class_name"":""robot"",""confidence"":0.8319913744926453,""x1"":460.6400146484375,""y1"":200.96298217773438,""x2"":506.16510009765625,""y2"":289.2884216308594}]"
863,0.316319,0.7166739997046534,36.53543200016429,0.427873999797157,38.011773,38.328092,2,"[{""class_id"":0,""class_name"":""ball"",""confidence"":0.91273033618927,""x1"":308.1044921875,""y1"":283.1726379394531,""x2"":334.0667724609375,""y2"":311.9836120605469},{""class_id"":2,""class_name"":""robot"",""confidence"":0.8330485224723816,""x1"":460.891845703125,""y1"":200.95050048828125,""x2"":506.5562744140625,""y2"":289.3699035644531}]"
864,22.05579,0.8480380001856247,40.35447099886369,0.43049899977631867,41.979472,64.035262,2,"[{""class_id"":0,""class_name"":""ball"",""confidence"":0.9091182947158813,""x1"":308.0383605957031,""y1"":283.45867919921875,""x2"":334.3450012207031,""y2"":312.2584228515625},{""class_id"":2,""class_name"":""robot"",""confidence"":0.8281646966934204,""x1"":460.71246337890625,""y1"":200.94113159179688,""x2"":506.17340087890625,""y2"":289.17962646484375}]"
865,0.346985,0.9124249991145916,34.96942099991429,0.42829999983950984,36.651837,36.998822,2,"[{""class_id"":0,""class_name"":""ball"",""confidence"":0.90654057264328,""x1"":308.189697265625,""y1"":283.2208251953125,""x2"":334.2275390625,""y2"":312.10357666015625},{""class_id"":2,""class_name"":""robot"",""confidence"":0.8296295404434204,""x1"":460.62213134765625,""y1"":200.92190551757812,""x2"":505.99859619140625,""y2"":289.1363525390625}]"
866,20.954292,0.8347640014108038,39.20855499927711,0.4385550000733929,40.881294999999994,61.835587,2,"[{""class_id"":0,""class_name"":""ball"",""confidence"":0.9088016152381897,""x1"":308.01531982421875,""y1"":283.13238525390625,""x2"":334.09576416015625,""y2"":311.97137451171875},{""class_id"":2,""class_name"":""robot"",""confidence"":0.8237673044204712,""x1"":460.85247802734375,""y1"":200.83920288085938,""x2"":506.20025634765625,""y2"":289.1169128417969}]"
867,0.338717,0.7191049990069587,37.099810999279725,0.4360549992270535,38.586987,38.925704,2,"[{""class_id"":0,""class_name"":""ball"",""confidence"":0.9095691442489624,""x1"":308.286865234375,""y1"":283.110107421875,""x2"":333.97509765625,""y2"":312.09130859375},{""class_id"":2,""class_name"":""robot"",""confidence"":0.825655460357666,""x1"":456.43157958984375,""y1"":200.65472412109375,""x2"":507.46856689453125,""y2"":290.2332458496094}]"
868,20.11613,0.8515059998899233,38.647618999675615,0.4495739995036274,40.305589000000005,60.421719,2,"[{""class_id"":0,""class_name"":""ball"",""confidence"":0.9134511351585388,""x1"":308.052978515625,""y1"":283.27764892578125,""x2"":334.31494140625,""y2"":312.24371337890625},{""class_id"":2,""class_name"":""robot"",""confidence"":0.8314021229743958,""x1"":460.4790344238281,""y1"":200.87701416015625,""x2"":506.0346374511719,""y2"":288.91778564453125}]"
869,0.318154,0.7068960003380198,37.27089900166902,0.4368110003269976,38.747077,39.065231,2,"[{""class_id"":0,""class_name"":""ball"",""confidence"":0.9101496338844299,""x1"":308.12213134765625,""y1"":283.21331787109375,""x2"":334.16302490234375,""y2"":312.1456298828125},{""class_id"":2,""class_name"":""robot"",""confidence"":0.8320696949958801,""x1"":460.66448974609375,""y1"":200.85125732421875,""x2"":506.713134765625,""y2"":288.73126220703125}]"
870,20.456491,0.8435330000793329,38.44275099982042,0.43318899952282663,40.073903,60.530394,2,"[{""class_id"":0,""class_name"":""ball"",""confidence"":0.9082996845245361,""x1"":307.92047119140625,""y1"":283.12933349609375,""x2"":334.233154296875,""y2"":312.14617919921875},{""class_id"":2,""class_name"":""robot"",""confidence"":0.8349060416221619,""x1"":460.8531799316406,""y1"":200.8660888671875,""x2"":506.1486511230469,""y2"":289.5659484863281}]"
871,0.326761,0.6919750012457371,35.554707999835955,0.43380100032663904,37.013182,37.339943,2,"[{""class_id"":0,""class_name"":""ball"",""confidence"":0.910839855670929,""x1"":308.09442138671875,""y1"":283.2242126464844,""x2"":334.12982177734375,""y2"":311.9836730957031},{""class_id"":2,""class_name"":""robot"",""confidence"":0.8316463232040405,""x1"":460.90338134765625,""y1"":200.76364135742188,""x2"":506.36175537109375,""y2"":289.25421142578125}]"
872,22.681751,0.8677290006744443,40.00034499949834,0.4199739996693097,41.661853,64.343604,2,"[{""class_id"":0,""class_name"":""ball"",""confidence"":0.9096197485923767,""x1"":308.1703796386719,""y1"":283.23016357421875,""x2"":334.2095642089844,""y2"":312.05938720703125},{""class_id"":2,""class_name"":""robot"",""confidence"":0.8330917954444885,""x1"":460.9837646484375,""y1"":200.71249389648438,""x2"":506.4559326171875,""y2"":288.71380615234375}]"
873,0.342456,0.7666460005566478,37.48672599976999,0.4296530005376553,39.029273,39.371729,2,"[{""class_id"":0,""class_name"":""ball"",""confidence"":0.9099715948104858,""x1"":308.02099609375,""y1"":283.22607421875,""x2"":334.2750244140625,""y2"":312.1856689453125},{""class_id"":2,""class_name"":""robot"",""confidence"":0.8291365504264832,""x1"":460.3603515625,""y1"":200.99676513671875,""x2"":505.5269775390625,""y2"":288.98297119140625}]"
874,18.627186,0.8887740004865918,37.48597800040443,0.43579500015766826,39.150251,57.777437,2,"[{""class_id"":0,""class_name"":""ball"",""confidence"":0.9089239239692688,""x1"":307.96490478515625,""y1"":283.1279296875,""x2"":334.08929443359375,""y2"":311.976318359375},{""class_id"":2,""class_name"":""robot"",""confidence"":0.8414894342422485,""x1"":460.0401306152344,""y1"":200.85311889648438,""x2"":506.2131042480469,""y2"":289.36175537109375}]"
875,0.325916,0.7050809999782359,40.5795719998423,0.44348199844534975,42.057915,42.383831,2,"[{""class_id"":0,""class_name"":""ball"",""confidence"":0.9042332172393799,""x1"":308.03436279296875,""y1"":283.2333984375,""x2"":334.1929931640625,""y2"":312.12841796875},{""class_id"":2,""class_name"":""robot"",""confidence"":0.8367594480514526,""x1"":460.34307861328125,""y1"":200.85775756835938,""x2"":506.6337890625,""y2"":289.3002624511719}]"
876,0.332978,0.7471879998774966,37.63113400054863,0.40740899930824526,39.117292000000006,39.45027,2,"[{""class_id"":0,""class_name"":""ball"",""confidence"":0.9062520861625671,""x1"":308.0672607421875,""y1"":283.20611572265625,""x2"":334.2008056640625,""y2"":312.10357666015625},{""class_id"":2,""class_name"":""robot"",""confidence"":0.8284845352172852,""x1"":460.4118957519531,""y1"":200.8017578125,""x2"":506.0243835449219,""y2"":289.3753967285156}]"
877,15.158832,0.9024329992826097,38.196368999706465,0.4344650005805306,39.88389599999999,55.042728,2,"[{""class_id"":0,""class_name"":""ball"",""confidence"":0.9129436016082764,""x1"":307.9937744140625,""y1"":283.1700744628906,""x2"":334.1378173828125,""y2"":312.0195007324219},{""class_id"":2,""class_name"":""robot"",""confidence"":0.8308867812156677,""x1"":460.41485595703125,""y1"":201.0870361328125,""x2"":506.31036376953125,""y2"":289.4661560058594}]"
878,0.350929,0.7334189995162887,37.67498799970781,0.4436020008142805,39.191493,39.542422,2,"[{""class_id"":0,""class_name"":""ball"",""confidence"":0.9087357521057129,""x1"":307.95611572265625,""y1"":283.3299255371094,""x2"":334.1527099609375,""y2"":311.9459533691406},{""class_id"":2,""class_name"":""robot"",""confidence"":0.8369092345237732,""x1"":460.2857666015625,""y1"":200.67916870117188,""x2"":506.613037109375,""y2"":289.4966735839844}]"
879,20.506452,0.9101530013140291,39.973156999622006,0.43261999962851405,41.662977,62.169429,2,"[{""class_id"":0,""class_name"":""ball"",""confidence"":0.9098101854324341,""x1"":308.03369140625,""y1"":283.22015380859375,""x2"":334.0679931640625,""y2"":312.06451416015625},{""class_id"":2,""class_name"":""robot"",""confidence"":0.8353598713874817,""x1"":460.6993713378906,""y1"":200.93310546875,""x2"":506.6831970214844,""y2"":289.3369140625}]"
880,0.325058,0.7291269994311733,37.57059700001264,0.43770599950221367,39.087006,39.412064,2,"[{""class_id"":0,""class_name"":""ball"",""confidence"":0.9068928956985474,""x1"":308.0044860839844,""y1"":283.19354248046875,""x2"":334.1819152832031,""y2"":312.05670166015625},{""class_id"":2,""class_name"":""robot"",""confidence"":0.8309367299079895,""x1"":455.9613037109375,""y1"":200.8099365234375,""x2"":507.2869873046875,""y2"":290.33404541015625}]"
881,18.858366,0.8813809999992372,35.85928899883584,0.43353000000934117,37.519355000000004,56.377721,2,"[{""class_id"":0,""class_name"":""ball"",""confidence"":0.9093260169029236,""x1"":307.91265869140625,""y1"":283.24444580078125,""x2"":334.19085693359375,""y2"":312.25506591796875},{""class_id"":2,""class_name"":""robot"",""confidence"":0.8290421962738037,""x1"":460.7121276855469,""y1"":200.82110595703125,""x2"":505.3921203613281,""y2"":289.11663818359375}]"
882,0.32133,0.7403660001727985,37.85442800108285,0.43618999916361645,39.370926,39.692256,2,"[{""class_id"":0,""class_name"":""ball"",""confidence"":0.9132080078125,""x1"":308.0355224609375,""y1"":283.2725830078125,""x2"":334.223876953125,""y2"":311.9918212890625},{""class_id"":2,""class_name"":""robot"",""confidence"":0.8260748386383057,""x1"":461.09033203125,""y1"":201.00613403320312,""x2"":506.2843017578125,""y2"":288.89581298828125}]"
883,22.644104,0.8884809994924581,38.588831999732065,0.43326400009391364,40.266849,62.910953,2,"[{""class_id"":0,""class_name"":""ball"",""confidence"":0.9103949069976807,""x1"":307.896728515625,""y1"":283.185546875,""x2"":334.3438720703125,""y2"":312.08770751953125},{""class_id"":2,""class_name"":""robot"",""confidence"":0.8320141434669495,""x1"":460.7706298828125,""y1"":200.98150634765625,""x2"":506.131591796875,""y2"":289.23016357421875}]"
884,0.3208,0.7122539991541998,36.8922850011586,0.42991499867639504,38.366017,38.686817,2,"[{""class_id"":0,""class_name"":""ball"",""confidence"":0.912132978439331,""x1"":307.9857177734375,""y1"":283.21295166015625,""x2"":334.09912109375,""y2"":312.07952880859375},{""class_id"":2,""class_name"":""robot"",""confidence"":0.8296169638633728,""x1"":461.00250244140625,""y1"":201.00357055664062,""x2"":506.45220947265625,""y2"":289.6683044433594}]"
885,21.085561,0.8744479982851772,39.37974699874758,0.4488100003072759,41.055248,62.140809,2,"[{""class_id"":0,""class_name"":""ball"",""confidence"":0.9104455709457397,""x1"":308.095947265625,""y1"":283.1985168457031,""x2"":334.05242919921875,""y2"":312.0185852050781},{""class_id"":2,""class_name"":""robot"",""confidence"":0.8387951254844666,""x1"":460.4580078125,""y1"":200.85650634765625,""x2"":505.9783935546875,""y2"":289.2572326660156}]"
886,0.320316,0.6750190004822798,36.573255998519016,0.43786199967144057,38.027459,38.347775,2,"[{""class_id"":0,""class_name"":""ball"",""confidence"":0.9100509881973267,""x1"":308.08123779296875,""y1"":283.22784423828125,""x2"":334.2384033203125,""y2"":312.00250244140625},{""class_id"":2,""class_name"":""robot"",""confidence"":0.8354260325431824,""x1"":460.410888671875,""y1"":200.76602172851562,""x2"":506.049072265625,""y2"":288.9576110839844}]"
887,20.254314,0.845929998831707,38.47780199976114,0.43720299981941935,40.110033,60.364347,2,"[{""class_id"":0,""class_name"":""ball"",""confidence"":0.9123179912567139,""x1"":308.04522705078125,""y1"":283.1564025878906,""x2"":334.15740966796875,""y2"":312.0295104980469},{""class_id"":2,""class_name"":""robot"",""confidence"":0.8302544355392456,""x1"":455.45001220703125,""y1"":200.73672485351562,""x2"":507.39312744140625,""y2"":290.6113586425781}]"
888,0.330322,0.7146439984353492,37.96324500035553,0.4408489985507913,39.444292999999995,39.774615,2,"[{""class_id"":0,""class_name"":""ball"",""confidence"":0.9124511480331421,""x1"":308.162109375,""y1"":283.21185302734375,""x2"":334.1719970703125,""y2"":312.14141845703125},{""class_id"":2,""class_name"":""robot"",""confidence"":0.8335796594619751,""x1"":460.6488037109375,""y1"":200.85491943359375,""x2"":505.83746337890625,""y2"":289.07183837890625}]"
889,20.291168,0.8763679998082807,39.802002000215,0.43923299926973414,41.491559,61.782727,2,"[{""class_id"":0,""class_name"":""ball"",""confidence"":0.9095607995986938,""x1"":307.98516845703125,""y1"":283.1296081542969,""x2"":334.20123291015625,""y2"":311.9432067871094},{""class_id"":2,""class_name"":""robot"",""confidence"":0.8294323086738586,""x1"":456.0289306640625,""y1"":200.64654541015625,""x2"":507.3134765625,""y2"":290.3057861328125}]"
890,0.326876,0.6773109998903237,37.51409899996361,0.438090000898228,38.960504,39.28738,2,"[{""class_id"":0,""class_name"":""ball"",""confidence"":0.9092571139335632,""x1"":308.0425109863281,""y1"":283.20330810546875,""x2"":334.2179260253906,""y2"":312.12310791015625},{""class_id"":2,""class_name"":""robot"",""confidence"":0.8300123810768127,""x1"":460.7994384765625,""y1"":200.93411254882812,""x2"":506.824951171875,""y2"":288.9828796386719}]"
891,18.890074,0.9055650007212535,35.71624299911491,0.4323820012359647,37.390748,56.280822,2,"[{""class_id"":0,""class_name"":""ball"",""confidence"":0.9074986577033997,""x1"":308.1033935546875,""y1"":283.1854248046875,""x2"":334.2099609375,""y2"":312.25189208984375},{""class_id"":2,""class_name"":""robot"",""confidence"":0.8363057971000671,""x1"":460.6988525390625,""y1"":201.03118896484375,""x2"":506.45330810546875,""y2"":289.1640930175781}]"
892,0.318579,0.7672120009374339,37.16505699958361,0.4477719994611107,38.740728,39.059307,2,"[{""class_id"":0,""class_name"":""ball"",""confidence"":0.9095190763473511,""x1"":308.1401062011719,""y1"":283.29852294921875,""x2"":334.1961364746094,""y2"":312.15777587890625},{""class_id"":2,""class_name"":""robot"",""confidence"":0.8363744020462036,""x1"":460.36578369140625,""y1"":200.70193481445312,""x2"":506.5950927734375,""y2"":289.5033874511719}]"
893,23.693357,0.8892750011000317,41.989835001004394,0.4415019993757596,43.659208,67.352565,2,"[{""class_id"":0,""class_name"":""ball"",""confidence"":0.9130170345306396,""x1"":308.3363037109375,""y1"":283.22607421875,""x2"":334.045654296875,""y2"":312.05859375},{""class_id"":2,""class_name"":""robot"",""confidence"":0.8326426148414612,""x1"":460.64471435546875,""y1"":201.0048828125,""x2"":506.26580810546875,""y2"":289.10577392578125}]"
894,0.325232,0.6675180011370685,38.975928000581916,0.4565439994621556,40.438687,40.763919,2,"[{""class_id"":0,""class_name"":""ball"",""confidence"":0.9086602926254272,""x1"":308.084228515625,""y1"":283.15032958984375,""x2"":334.1087646484375,""y2"":311.90771484375},{""class_id"":2,""class_name"":""robot"",""confidence"":0.8316071629524231,""x1"":460.63568115234375,""y1"":201.0826416015625,""x2"":506.62591552734375,""y2"":289.1116943359375}]"
895,15.330329,0.933762999920873,36.757509000381106,0.44619900108955335,38.476488,53.806817,2,"[{""class_id"":0,""class_name"":""ball"",""confidence"":0.9061537981033325,""x1"":307.897705078125,""y1"":283.18597412109375,""x2"":334.116943359375,""y2"":311.98358154296875},{""class_id"":2,""class_name"":""robot"",""confidence"":0.8327203989028931,""x1"":460.68048095703125,""y1"":200.6473388671875,""x2"":506.01397705078125,""y2"":289.24560546875}]"
896,0.324959,0.7203650002338691,34.81202600050892,0.43015800110879354,36.293732,36.618691,2,"[{""class_id"":0,""class_name"":""ball"",""confidence"":0.912679135799408,""x1"":307.98895263671875,""y1"":283.2247314453125,""x2"":334.2088623046875,""y2"":311.9854736328125},{""class_id"":2,""class_name"":""robot"",""confidence"":0.8289754390716553,""x1"":460.93304443359375,""y1"":200.86087036132812,""x2"":506.23187255859375,""y2"":289.2038879394531}]"
897,0.327396,0.7352350003202446,33.413046001442126,0.4292470002837945,35.652651,35.980047,2,"[{""class_id"":0,""class_name"":""ball"",""confidence"":0.9098472595214844,""x1"":308.1689453125,""y1"":283.1680908203125,""x2"":334.17169189453125,""y2"":312.048095703125},{""class_id"":2,""class_name"":""robot"",""confidence"":0.839233934879303,""x1"":460.45361328125,""y1"":200.74575805664062,""x2"":506.30096435546875,""y2"":289.3744201660156}]"
898,25.020261,0.8986890006781323,42.628273000445915,0.44395199984137435,44.31800199999999,69.338263,2,"[{""class_id"":0,""class_name"":""ball"",""confidence"":0.9099572896957397,""x1"":308.18341064453125,""y1"":283.19189453125,""x2"":334.07574462890625,""y2"":311.960693359375},{""class_id"":2,""class_name"":""robot"",""confidence"":0.8334197402000427,""x1"":460.5811767578125,""y1"":200.82379150390625,""x2"":506.2369384765625,""y2"":289.5030517578125}]"
899,0.345979,0.7265219992405036,38.45059600098466,0.43743600144807715,39.949377,40.295356,2,"[{""class_id"":0,""class_name"":""ball"",""confidence"":0.9113877415657043,""x1"":308.2403564453125,""y1"":283.1692810058594,""x2"":334.129150390625,""y2"":311.9686584472656},{""class_id"":2,""class_name"":""robot"",""confidence"":0.8344002366065979,""x1"":456.01959228515625,""y1"":200.65603637695312,""x2"":507.115234375,""y2"":290.4392395019531}]"
900,15.215673,0.8464020011160756,36.101809000683716,0.44171099943923764,37.746347,52.96202,2,"[{""class_id"":0,""class_name"":""ball"",""confidence"":0.9107869267463684,""x1"":308.03009033203125,""y1"":283.18109130859375,""x2"":334.18011474609375,""y2"":311.9990234375},{""class_id"":2,""class_name"":""robot"",""confidence"":0.833600640296936,""x1"":460.471923828125,""y1"":200.6925048828125,""x2"":506.5150146484375,""y2"":289.40875244140625}]"
901,0.31611,0.639797000985709,36.71223600031226,0.43134100087627303,38.13138,38.44749,2,"[{""class_id"":0,""class_name"":""ball"",""confidence"":0.9104846119880676,""x1"":308.038330078125,""y1"":283.23944091796875,""x2"":334.14581298828125,""y2"":312.08184814453125},{""class_id"":2,""class_name"":""robot"",""confidence"":0.835952877998352,""x1"":460.51666259765625,""y1"":200.63092041015625,""x2"":506.45269775390625,""y2"":289.20941162109375}]"
902,23.760153,0.8631389991933247,40.33941899979254,0.43629300125758164,42.02143099999999,65.781584,2,"[{""class_id"":0,""class_name"":""ball"",""confidence"":0.9104024171829224,""x1"":308.07977294921875,""y1"":283.16082763671875,""x2"":333.99139404296875,""y2"":312.09698486328125},{""class_id"":2,""class_name"":""robot"",""confidence"":0.8356433510780334,""x1"":460.6710510253906,""y1"":201.03329467773438,""x2"":506.5865783691406,""y2"":289.0214538574219}]"
903,0.325736,0.6935139990673633,37.47436800040305,0.4264390008756891,38.928223,39.253959,2,"[{""class_id"":0,""class_name"":""ball"",""confidence"":0.9050632119178772,""x1"":308.01702880859375,""y1"":283.0621337890625,""x2"":334.19696044921875,""y2"":311.9085693359375},{""class_id"":2,""class_name"":""robot"",""confidence"":0.8320328593254089,""x1"":455.8050537109375,""y1"":200.68695068359375,""x2"":507.479736328125,""y2"":290.8254699707031}]"
904,18.773321,0.8542979994672351,35.99106799993024,0.4394869993120665,37.65185100000001,56.425172,2,"[{""class_id"":0,""class_name"":""ball"",""confidence"":0.9077617526054382,""x1"":307.96771240234375,""y1"":283.1839904785156,""x2"":334.18450927734375,""y2"":312.0230407714844},{""class_id"":2,""class_name"":""robot"",""confidence"":0.8394498229026794,""x1"":460.1261291503906,""y1"":200.7705078125,""x2"":506.6246643066406,""y2"":289.53021240234375}]"
905,0.316932,0.7019830009085126,35.37205999964499,0.4419719989527948,36.858436,37.175368,2,"[{""class_id"":0,""class_name"":""ball"",""confidence"":0.9095112681388855,""x1"":307.933837890625,""y1"":283.26336669921875,""x2"":334.1380615234375,""y2"":311.98321533203125},{""class_id"":2,""class_name"":""robot"",""confidence"":0.8341776728630066,""x1"":460.5972900390625,""y1"":201.02835083007812,""x2"":506.4967041015625,""y2"":289.5725402832031}]"
906,25.187682,0.8377590002055513,41.00613400078146,0.4263829996489221,42.614998,67.80268,2,"[{""class_id"":0,""class_name"":""ball"",""confidence"":0.912295401096344,""x1"":308.05950927734375,""y1"":283.26739501953125,""x2"":334.19207763671875,""y2"":312.15264892578125},{""class_id"":2,""class_name"":""robot"",""confidence"":0.8442614674568176,""x1"":459.8077392578125,""y1"":200.94219970703125,""x2"":506.408203125,""y2"":289.42694091796875}]"
907,0.319606,0.6279990011535119,36.025901999892085,0.43888499931199476,37.431178,37.750784,2,"[{""class_id"":0,""class_name"":""ball"",""confidence"":0.9115833640098572,""x1"":307.9853210449219,""y1"":283.1285705566406,""x2"":334.1471862792969,""y2"":311.9947814941406},{""class_id"":2,""class_name"":""robot"",""confidence"":0.8310336470603943,""x1"":460.6515808105469,""y1"":200.72027587890625,""x2"":506.4020690917969,""y2"":289.255126953125}]"
908,19.563657,0.8904730002541328,37.69774099964707,0.4470709991437616,39.372788,58.936445,2,"[{""class_id"":0,""class_name"":""ball"",""confidence"":0.9081091284751892,""x1"":308.076171875,""y1"":283.07330322265625,""x2"":334.0548095703125,""y2"":311.92779541015625},{""class_id"":2,""class_name"":""robot"",""confidence"":0.8323280215263367,""x1"":460.712646484375,""y1"":200.91671752929688,""x2"":506.57623291015625,""y2"":289.0760192871094}]"
909,0.31941,0.7118399989849422,35.323959000379546,0.43958199967164546,36.829778000000005,37.149188,2,"[{""class_id"":0,""class_name"":""ball"",""confidence"":0.9112460017204285,""x1"":308.04541015625,""y1"":283.1523742675781,""x2"":334.09515380859375,""y2"":312.0251770019531},{""class_id"":2,""class_name"":""robot"",""confidence"":0.8371896147727966,""x1"":460.95928955078125,""y1"":200.97149658203125,""x2"":506.89666748046875,""y2"":289.3899841308594}]"
910,23.397614,0.8707340002729325,38.80349000064598,0.4474299985304242,40.461774000000005,63.859388,2,"[{""class_id"":0,""class_name"":""ball"",""confidence"":0.9147500395774841,""x1"":308.0068054199219,""y1"":283.22845458984375,""x2"":334.1608581542969,""y2"":311.94281005859375},{""class_id"":2,""class_name"":""robot"",""confidence"":0.8353717923164368,""x1"":460.182373046875,""y1"":200.956787109375,""x2"":506.3663330078125,""y2"":289.09503173828125}]"
911,0.322354,0.6935429992154241,36.79689400087227,0.43972599996777717,38.271113,38.593467,2,"[{""class_id"":0,""class_name"":""ball"",""confidence"":0.9108482599258423,""x1"":307.86419677734375,""y1"":283.2501220703125,""x2"":334.12060546875,""y2"":312.023681640625},{""class_id"":2,""class_name"":""robot"",""confidence"":0.8455999493598938,""x1"":457.88177490234375,""y1"":200.98080444335938,""x2"":507.23248291015625,""y2"":289.3049011230469}]"
912,20.890621,0.8927499984565657,38.50717199929932,0.44316599996818695,40.182469,61.07309,2,"[{""class_id"":0,""class_name"":""ball"",""confidence"":0.9125723838806152,""x1"":307.9361572265625,""y1"":283.18310546875,""x2"":334.10400390625,""y2"":312.0196533203125},{""class_id"":2,""class_name"":""robot"",""confidence"":0.8354201316833496,""x1"":460.67938232421875,""y1"":200.86300659179688,""x2"":505.86285400390625,""y2"":289.1249084472656}]"
913,0.318358,0.6898319988977164,37.11832899898582,0.43160499990335666,38.594201,38.912559,2,"[{""class_id"":0,""class_name"":""ball"",""confidence"":0.9066703915596008,""x1"":307.92706298828125,""y1"":283.26617431640625,""x2"":334.06939697265625,""y2"":312.05914306640625},{""class_id"":2,""class_name"":""robot"",""confidence"":0.8281387090682983,""x1"":455.8309326171875,""y1"":200.71682739257812,""x2"":507.6783447265625,""y2"":290.2596740722656}]"
914,20.877926,0.8593229995312868,38.971113001025515,0.4344629996921867,40.605439000000004,61.483365,2,"[{""class_id"":0,""class_name"":""ball"",""confidence"":0.9088185429573059,""x1"":307.9505615234375,""y1"":283.29205322265625,""x2"":334.2918701171875,""y2"":312.20916748046875},{""class_id"":2,""class_name"":""robot"",""confidence"":0.8289670944213867,""x1"":460.6000671386719,""y1"":200.88534545898438,""x2"":506.4020690917969,""y2"":289.5429992675781}]"
915,0.329637,0.7387890000245534,37.47350500088942,0.4338909984653583,38.998366000000004,39.328003,2,"[{""class_id"":0,""class_name"":""ball"",""confidence"":0.9130348563194275,""x1"":307.97161865234375,""y1"":283.3094787597656,""x2"":334.28271484375,""y2"":312.2295227050781},{""class_id"":2,""class_name"":""robot"",""confidence"":0.8284591436386108,""x1"":460.69970703125,""y1"":200.95001220703125,""x2"":506.451904296875,""y2"":289.6784973144531}]"
916,19.973544,0.8662750005896669,36.45660399888584,0.43045199890912045,38.09909999999999,58.072644,2,"[{""class_id"":0,""class_name"":""ball"",""confidence"":0.9090093374252319,""x1"":308.0623779296875,""y1"":283.0750732421875,""x2"":334.12847900390625,""y2"":312.0704345703125},{""class_id"":2,""class_name"":""robot"",""confidence"":0.838405191898346,""x1"":460.17132568359375,""y1"":200.90847778320312,""x2"":506.61627197265625,""y2"":289.45245361328125}]"
917,0.313454,0.7323450008698273,36.797926000872394,0.4323560006014304,38.289568,38.603022,2,"[{""class_id"":0,""class_name"":""ball"",""confidence"":0.9065895676612854,""x1"":307.990966796875,""y1"":283.30426025390625,""x2"":334.14013671875,""y2"":312.01263427734375},{""class_id"":2,""class_name"":""robot"",""confidence"":0.8257945775985718,""x1"":460.58544921875,""y1"":200.6942138671875,""x2"":505.51556396484375,""y2"":288.6751708984375}]"
918,0.352024,0.682274001519545,37.76368599937996,0.44681700092041865,39.223856,39.57588,2,"[{""class_id"":0,""class_name"":""ball"",""confidence"":0.9107852578163147,""x1"":308.1517333984375,""y1"":283.1875915527344,""x2"":334.0914306640625,""y2"":312.1227722167969},{""class_id"":2,""class_name"":""robot"",""confidence"":0.8328362107276917,""x1"":460.69989013671875,""y1"":200.77157592773438,""x2"":506.25030517578125,""y2"":289.5036315917969}]"
919,19.317438,0.9230449995811796,37.634062000506674,0.43182999979762826,39.339253,58.656691,2,"[{""class_id"":0,""class_name"":""ball"",""confidence"":0.9099668860435486,""x1"":307.88531494140625,""y1"":283.1016540527344,""x2"":334.11456298828125,""y2"":311.9710388183594},{""class_id"":2,""class_name"":""robot"",""confidence"":0.828345775604248,""x1"":460.8036804199219,""y1"":200.64105224609375,""x2"":506.3699035644531,""y2"":289.6265563964844}]"
920,0.322706,0.722048998795799,37.0778930009692,0.42790099905687384,38.557327,38.880033,2,"[{""class_id"":0,""class_name"":""ball"",""confidence"":0.9118815660476685,""x1"":308.17388916015625,""y1"":283.18499755859375,""x2"":334.06085205078125,""y2"":311.95465087890625},{""class_id"":2,""class_name"":""robot"",""confidence"":0.8317921757698059,""x1"":456.53692626953125,""y1"":200.71023559570312,""x2"":507.42901611328125,""y2"":290.6144714355469}]"
921,21.820115,0.8919720003177645,36.27075899930787,0.4245830004947493,37.937265,59.75738,2,"[{""class_id"":0,""class_name"":""ball"",""confidence"":0.9073655605316162,""x1"":307.90509033203125,""y1"":283.154296875,""x2"":334.21514892578125,""y2"":312.122802734375},{""class_id"":2,""class_name"":""robot"",""confidence"":0.8235437870025635,""x1"":460.9803466796875,""y1"":200.80145263671875,""x2"":505.5172119140625,""y2"":288.9641418457031}]"
922,0.328014,0.6716770003549755,37.452728998687235,0.42560300062177703,38.883728999999995,39.211743,2,"[{""class_id"":0,""class_name"":""ball"",""confidence"":0.9073658585548401,""x1"":307.99444580078125,""y1"":283.21466064453125,""x2"":334.05126953125,""y2"":312.02044677734375},{""class_id"":2,""class_name"":""robot"",""confidence"":0.8404241800308228,""x1"":460.168701171875,""y1"":200.849853515625,""x2"":506.6739501953125,""y2"":288.79864501953125}]"
923,22.843499,0.8420510002906667,38.50914299982833,0.4412460002640728,40.175764,63.019263,2,"[{""class_id"":0,""class_name"":""ball"",""confidence"":0.9087695479393005,""x1"":308.0740966796875,""y1"":283.2399597167969,""x2"":334.16778564453125,""y2"":312.0688781738281},{""class_id"":2,""class_name"":""robot"",""confidence"":0.8316490650177002,""x1"":456.0982666015625,""y1"":200.65383911132812,""x2"":507.43017578125,""y2"":290.7181091308594}]"
924,0.323789,0.6968279994907789,35.70828299962159,0.42813800064323004,37.160748000000005,37.484537,2,"[{""class_id"":0,""class_name"":""ball"",""confidence"":0.9110261797904968,""x1"":308.17120361328125,""y1"":283.31597900390625,""x2"":334.10260009765625,""y2"":311.97991943359375},{""class_id"":2,""class_name"":""robot"",""confidence"":0.8344144821166992,""x1"":460.4404602050781,""y1"":200.92047119140625,""x2"":506.5063781738281,""y2"":289.3770446777344}]"
925,22.186242,0.894733000677661,35.89990999898873,0.44190600056026597,37.586212,59.772454,2,"[{""class_id"":0,""class_name"":""ball"",""confidence"":0.9073277711868286,""x1"":308.01922607421875,""y1"":283.19171142578125,""x2"":334.10687255859375,""y2"":311.93157958984375},{""class_id"":2,""class_name"":""robot"",""confidence"":0.832405686378479,""x1"":460.20074462890625,""y1"":200.962158203125,""x2"":506.73736572265625,""y2"":289.0387268066406}]"
926,0.313792,0.6898749998072162,39.8939220012835,0.42316799954278395,41.335582,41.649374,2,"[{""class_id"":0,""class_name"":""ball"",""confidence"":0.9100210666656494,""x1"":308.0987548828125,""y1"":283.25323486328125,""x2"":334.2279052734375,""y2"":312.225830078125},{""class_id"":2,""class_name"":""robot"",""confidence"":0.8282290697097778,""x1"":461.03424072265625,""y1"":200.89968872070312,""x2"":506.16094970703125,""y2"":288.8534240722656}]"
927,20.602844,0.8938350001699291,37.69537000152923,0.4267170006642118,39.367149999999995,59.969994,2,"[{""class_id"":0,""class_name"":""ball"",""confidence"":0.9066183567047119,""x1"":308.0348205566406,""y1"":283.134521484375,""x2"":334.2195739746094,""y2"":312.09185791015625},{""class_id"":2,""class_name"":""robot"",""confidence"":0.8349957466125488,""x1"":460.41448974609375,""y1"":200.78759765625,""x2"":506.25787353515625,""y2"":289.0733642578125}]"
928,0.320304,0.7256349999806844,36.998969999331166,0.44295699990470894,38.503014,38.823318,2,"[{""class_id"":0,""class_name"":""ball"",""confidence"":0.9086254239082336,""x1"":308.14044189453125,""y1"":283.1978454589844,""x2"":334.09417724609375,""y2"":312.0433044433594},{""class_id"":2,""class_name"":""robot"",""confidence"":0.8273286819458008,""x1"":456.0545654296875,""y1"":200.59335327148438,""x2"":506.9447021484375,""y2"":290.57879638671875}]"
929,21.889891,0.8702970008016564,36.07355100029963,0.42860200119321235,37.742853000000004,59.632744,2,"[{""class_id"":0,""class_name"":""ball"",""confidence"":0.9089326858520508,""x1"":308.0537109375,""y1"":283.21990966796875,""x2"":334.1680908203125,""y2"":312.03607177734375},{""class_id"":2,""class_name"":""robot"",""confidence"":0.8339974284172058,""x1"":460.3014831542969,""y1"":200.87945556640625,""x2"":505.9733581542969,""y2"":289.51397705078125}]"
930,0.317474,0.7174940001277719,37.797263999891584,0.4368520003481535,39.290960000000005,39.608434,2,"[{""class_id"":0,""class_name"":""ball"",""confidence"":0.9081209897994995,""x1"":308.18389892578125,""y1"":283.2587585449219,""x2"":334.18817138671875,""y2"":311.9284973144531},{""class_id"":2,""class_name"":""robot"",""confidence"":0.8385326266288757,""x1"":460.3707275390625,""y1"":200.97738647460938,""x2"":506.4735107421875,""y2"":289.1640319824219}]"
931,22.603484,0.9042389992828248,40.42702799961262,0.42744299935293384,42.115687,64.719171,2,"[{""class_id"":0,""class_name"":""ball"",""confidence"":0.909953236579895,""x1"":308.1696472167969,""y1"":283.1048583984375,""x2"":334.0419006347656,""y2"":312.01513671875},{""class_id"":2,""class_name"":""robot"",""confidence"":0.8285262584686279,""x1"":456.34954833984375,""y1"":200.772705078125,""x2"":507.17840576171875,""y2"":290.11163330078125}]"
932,0.324778,0.7437929998559412,35.52809299981163,0.44735200026480015,37.05319,37.377968,2,"[{""class_id"":0,""class_name"":""ball"",""confidence"":0.9098400473594666,""x1"":308.06884765625,""y1"":283.1986999511719,""x2"":334.1627197265625,""y2"":312.0872497558594},{""class_id"":2,""class_name"":""robot"",""confidence"":0.8242367506027222,""x1"":456.35699462890625,""y1"":200.8472900390625,""x2"":507.50762939453125,""y2"":290.562255859375}]"
933,20.371418,0.9261340001103235,36.71705499982636,0.41654699998616707,38.404106,58.775524,2,"[{""class_id"":0,""class_name"":""ball"",""confidence"":0.9099870324134827,""x1"":307.969482421875,""y1"":283.1304931640625,""x2"":334.0662841796875,""y2"":312.023193359375},{""class_id"":2,""class_name"":""robot"",""confidence"":0.830948531627655,""x1"":460.564453125,""y1"":200.932373046875,""x2"":506.087890625,""y2"":289.23016357421875}]"
934,0.303496,0.7827890003682114,38.677435000863625,0.4333080014475854,40.229506,40.533002,2,"[{""class_id"":0,""class_name"":""ball"",""confidence"":0.9066624641418457,""x1"":308.11370849609375,""y1"":283.17034912109375,""x2"":334.22381591796875,""y2"":312.11871337890625},{""class_id"":2,""class_name"":""robot"",""confidence"":0.8352596759796143,""x1"":460.6148681640625,""y1"":200.93356323242188,""x2"":505.9683837890625,""y2"":288.87921142578125}]"
935,20.988738,0.8794639998086495,37.89016100017761,0.4387540011521196,39.553146,60.541884,2,"[{""class_id"":0,""class_name"":""ball"",""confidence"":0.9079294204711914,""x1"":308.015625,""y1"":283.2516784667969,""x2"":334.3026123046875,""y2"":312.1038513183594},{""class_id"":2,""class_name"":""robot"",""confidence"":0.8354323506355286,""x1"":460.3299560546875,""y1"":200.887939453125,""x2"":506.581298828125,""y2"":289.2470397949219}]"
936,0.347829,0.7210280000435887,37.16441699907591,0.4342740012361901,38.670593000000004,39.018422,2,"[{""class_id"":0,""class_name"":""ball"",""confidence"":0.9064464569091797,""x1"":308.05950927734375,""y1"":283.2659606933594,""x2"":334.1195068359375,""y2"":311.9502258300781},{""class_id"":2,""class_name"":""robot"",""confidence"":0.8361479043960571,""x1"":460.82257080078125,""y1"":200.81106567382812,""x2"":506.56951904296875,""y2"":289.367919921875}]"
937,21.355098,0.8979319991340162,37.29695000038191,0.42829799895116594,39.035714999999996,60.390813,2,"[{""class_id"":0,""class_name"":""ball"",""confidence"":0.912300705909729,""x1"":307.9898986816406,""y1"":283.1846923828125,""x2"":334.1001892089844,""y2"":312.1123046875},{""class_id"":2,""class_name"":""robot"",""confidence"":0.837261974811554,""x1"":460.4228515625,""y1"":200.81072998046875,""x2"":506.77838134765625,""y2"":289.175537109375}]"
938,0.326841,0.7122769984562183,37.10580600090907,0.429208999776165,38.583681,38.910522,2,"[{""class_id"":0,""class_name"":""ball"",""confidence"":0.9117163419723511,""x1"":307.9110107421875,""y1"":283.2313232421875,""x2"":334.16455078125,""y2"":312.02978515625},{""class_id"":2,""class_name"":""robot"",""confidence"":0.8333910703659058,""x1"":460.64453125,""y1"":200.8695068359375,""x2"":506.734619140625,""y2"":289.24273681640625}]"
939,21.946918,0.8587470001657493,36.89665700039768,0.4419759989104932,38.549777000000006,60.496695,2,"[{""class_id"":0,""class_name"":""ball"",""confidence"":0.9142653942108154,""x1"":308.05029296875,""y1"":283.11572265625,""x2"":333.9600830078125,""y2"":312.030517578125},{""class_id"":2,""class_name"":""robot"",""confidence"":0.8314249515533447,""x1"":460.76611328125,""y1"":200.9476318359375,""x2"":505.9659423828125,""y2"":289.1935119628906}]"
940,0.320767,0.7251870010804851,36.36543399989023,0.44257199988351204,37.864125,38.184892,2,"[{""class_id"":0,""class_name"":""ball"",""confidence"":0.9093014001846313,""x1"":308.17578125,""y1"":283.181640625,""x2"":334.07196044921875,""y2"":312.07672119140625},{""class_id"":2,""class_name"":""robot"",""confidence"":0.829321026802063,""x1"":460.9809265136719,""y1"":200.9224853515625,""x2"":506.3150329589844,""y2"":289.0404357910156}]"
941,0.308857,0.7100030015863013,37.94362200096657,0.4466719983611256,39.43772499999999,39.746582,2,"[{""class_id"":0,""class_name"":""ball"",""confidence"":0.9093834161758423,""x1"":307.8597412109375,""y1"":283.24395751953125,""x2"":334.2567138671875,""y2"":312.04193115234375},{""class_id"":2,""class_name"":""robot"",""confidence"":0.8400648832321167,""x1"":460.1233215332031,""y1"":200.80438232421875,""x2"":506.8453063964844,""y2"":289.53350830078125}]"
942,19.452142,0.8569019992137328,37.21803499865928,0.43959599861409515,38.884809000000004,58.336951,2,"[{""class_id"":0,""class_name"":""ball"",""confidence"":0.9086792469024658,""x1"":308.12225341796875,""y1"":283.3101806640625,""x2"":334.238037109375,""y2"":312.20245361328125},{""class_id"":2,""class_name"":""robot"",""confidence"":0.8395392894744873,""x1"":460.0092468261719,""y1"":200.96719360351562,""x2"":506.5837097167969,""y2"":289.4779968261719}]"
943,0.41017,0.800859999799286,37.206463999609696,0.4345319994172314,38.78256,39.19273,2,"[{""class_id"":0,""class_name"":""ball"",""confidence"":0.9106346368789673,""x1"":308.15521240234375,""y1"":283.2338562011719,""x2"":334.17803955078125,""y2"":311.9750671386719},{""class_id"":2,""class_name"":""robot"",""confidence"":0.8279605507850647,""x1"":461.23876953125,""y1"":200.68966674804688,""x2"":506.0936279296875,""y2"":288.94024658203125}]"
944,21.970911,0.8741700003156438,42.04187399955117,0.4335409994382644,43.692251999999996,65.663163,2,"[{""class_id"":0,""class_name"":""ball"",""confidence"":0.9145504832267761,""x1"":307.9123840332031,""y1"":283.15557861328125,""x2"":334.1208190917969,""y2"":312.16748046875},{""class_id"":2,""class_name"":""robot"",""confidence"":0.8305177688598633,""x1"":460.58587646484375,""y1"":200.8131103515625,""x2"":505.91119384765625,""y2"":289.1763916015625}]"
945,0.319468,0.715565000064089,38.56680600074469,0.4167459992459044,40.035115,40.354583,2,"[{""class_id"":0,""class_name"":""ball"",""confidence"":0.9071203470230103,""x1"":307.9490661621094,""y1"":283.140380859375,""x2"":334.1679382324219,""y2"":312.061279296875},{""class_id"":2,""class_name"":""robot"",""confidence"":0.836518406867981,""x1"":460.572021484375,""y1"":200.771728515625,""x2"":506.55975341796875,""y2"":289.0566101074219}]"
946,15.753799,0.8753319998504594,35.22031000102288,0.4289429998607375,36.859228,52.613027,2,"[{""class_id"":0,""class_name"":""ball"",""confidence"":0.9069597125053406,""x1"":307.96185302734375,""y1"":283.2861022949219,""x2"":334.25543212890625,""y2"":312.1507873535156},{""class_id"":2,""class_name"":""robot"",""confidence"":0.8335152268409729,""x1"":460.3370056152344,""y1"":200.85958862304688,""x2"":506.6095886230469,""y2"":289.4552917480469}]"
947,0.322538,0.6655910001427401,38.3885930004908,0.40423199970973656,39.798558,40.121096,2,"[{""class_id"":0,""class_name"":""ball"",""confidence"":0.9088609218597412,""x1"":308.0502014160156,""y1"":283.20550537109375,""x2"":334.1944885253906,""y2"":311.9345703125},{""class_id"":2,""class_name"":""robot"",""confidence"":0.8295495510101318,""x1"":461.14764404296875,""y1"":200.9368896484375,""x2"":506.4842529296875,""y2"":289.3258056640625}]"
948,22.958101,0.8654890007164795,38.13821000039752,0.4761319996759994,39.830707000000004,62.788808,2,"[{""class_id"":0,""class_name"":""ball"",""confidence"":0.9080119729042053,""x1"":308.04180908203125,""y1"":283.1770935058594,""x2"":334.20770263671875,""y2"":312.1849670410156},{""class_id"":2,""class_name"":""robot"",""confidence"":0.8353753685951233,""x1"":460.5404052734375,""y1"":200.91012573242188,""x2"":506.370849609375,""y2"":289.2815856933594}]"
949,0.322347,0.7235479988594307,37.16947800057824,0.4606099992088275,38.711498,39.033845,2,"[{""class_id"":0,""class_name"":""ball"",""confidence"":0.9087296724319458,""x1"":308.0572814941406,""y1"":283.19873046875,""x2"":334.1120910644531,""y2"":312.25970458984375},{""class_id"":2,""class_name"":""robot"",""confidence"":0.8362411856651306,""x1"":460.31329345703125,""y1"":200.98095703125,""x2"":505.93267822265625,""y2"":288.75537109375}]"
950,21.368842,0.8783550001680851,35.55410099943401,0.43794500015792437,37.204513999999996,58.573356,2,"[{""class_id"":0,""class_name"":""ball"",""confidence"":0.9059164524078369,""x1"":308.1070556640625,""y1"":283.26312255859375,""x2"":334.279052734375,""y2"":312.12872314453125},{""class_id"":2,""class_name"":""robot"",""confidence"":0.8305184245109558,""x1"":460.86419677734375,""y1"":200.83908081054688,""x2"":506.1190185546875,""y2"":288.9424743652344}]"
951,0.318142,0.6641729996772483,36.16895699997258,0.4475940004340373,37.607285999999995,37.925428,2,"[{""class_id"":0,""class_name"":""ball"",""confidence"":0.909785807132721,""x1"":307.97039794921875,""y1"":283.1099853515625,""x2"":334.2032470703125,""y2"":312.1761474609375},{""class_id"":2,""class_name"":""robot"",""confidence"":0.8381712436676025,""x1"":460.19696044921875,""y1"":201.09140014648438,""x2"":506.74920654296875,""y2"":289.6028747558594}]"
952,24.741011,0.8984100004454376,39.58185600095021,0.4342909996921662,41.25173100000001,65.992742,2,"[{""class_id"":0,""class_name"":""ball"",""confidence"":0.9136943817138672,""x1"":308.135498046875,""y1"":283.2015075683594,""x2"":334.1180419921875,""y2"":312.0510559082031},{""class_id"":2,""class_name"":""robot"",""confidence"":0.8272220492362976,""x1"":455.83172607421875,""y1"":200.71646118164062,""x2"":507.36993408203125,""y2"":290.3917541503906}]"
953,0.311036,0.7103370007826015,35.74830000070506,0.4815160009457031,37.283151,37.594187,2,"[{""class_id"":0,""class_name"":""ball"",""confidence"":0.909073531627655,""x1"":308.052734375,""y1"":283.30853271484375,""x2"":334.120849609375,""y2"":311.93792724609375},{""class_id"":2,""class_name"":""robot"",""confidence"":0.8305167555809021,""x1"":460.8175048828125,""y1"":201.00933837890625,""x2"":506.5771484375,""y2"":289.4181213378906}]"
954,20.921927,0.8629029998701299,44.7141870008636,0.7453060006810119,46.725205,67.647132,2,"[{""class_id"":0,""class_name"":""ball"",""confidence"":0.9121416211128235,""x1"":307.93896484375,""y1"":283.2098083496094,""x2"":334.2098388671875,""y2"":312.0951232910156},{""class_id"":2,""class_name"":""robot"",""confidence"":0.8271862864494324,""x1"":460.609619140625,""y1"":200.97833251953125,""x2"":505.82421875,""y2"":288.80255126953125}]"
955,0.587816,0.9138929999608081,41.391962000489,0.7381470004474977,43.450582000000004,44.038398,2,"[{""class_id"":0,""class_name"":""ball"",""confidence"":0.9087831377983093,""x1"":308.038818359375,""y1"":283.2170104980469,""x2"":334.139404296875,""y2"":312.0701599121094},{""class_id"":2,""class_name"":""robot"",""confidence"":0.8380544781684875,""x1"":460.41680908203125,""y1"":200.79351806640625,""x2"":506.57537841796875,""y2"":289.22784423828125}]"
956,9.450758,1.0280719998263521,38.83363000022655,0.43641100091917906,40.684421,50.135179,2,"[{""class_id"":0,""class_name"":""ball"",""confidence"":0.9105153679847717,""x1"":307.921875,""y1"":283.06817626953125,""x2"":334.192138671875,""y2"":312.04949951171875},{""class_id"":2,""class_name"":""robot"",""confidence"":0.8287689685821533,""x1"":460.3381652832031,""y1"":200.96087646484375,""x2"":506.0946350097656,""y2"":288.8762512207031}]"
957,0.336635,0.7360780000453815,37.1581649997097,0.5495919995155418,38.767306,39.103941,2,"[{""class_id"":0,""class_name"":""ball"",""confidence"":0.9123589992523193,""x1"":307.891845703125,""y1"":283.23431396484375,""x2"":334.1851806640625,""y2"":312.0992431640625},{""class_id"":2,""class_name"":""robot"",""confidence"":0.8342124819755554,""x1"":460.1776123046875,""y1"":201.08389282226562,""x2"":506.3538818359375,""y2"":289.2937927246094}]"
958,19.864165,0.874564999321592,34.83813799903146,0.44442600119509734,36.523566,56.387731,2,"[{""class_id"":0,""class_name"":""ball"",""confidence"":0.9096533060073853,""x1"":308.0319519042969,""y1"":283.1945495605469,""x2"":334.1438903808594,""y2"":312.1020812988281},{""class_id"":2,""class_name"":""robot"",""confidence"":0.8415001034736633,""x1"":460.35528564453125,""y1"":200.79901123046875,""x2"":506.64031982421875,""y2"":289.4625244140625}]"
959,0.313648,0.7137400007195538,37.12371700021322,0.44989500020164996,38.614012,38.92766,2,"[{""class_id"":0,""class_name"":""ball"",""confidence"":0.907717227935791,""x1"":308.0998229980469,""y1"":283.16278076171875,""x2"":334.1163635253906,""y2"":312.01861572265625},{""class_id"":2,""class_name"":""robot"",""confidence"":0.8296948075294495,""x1"":460.8264465332031,""y1"":200.97299194335938,""x2"":505.7734680175781,""y2"":289.13897705078125}]"
960,24.476482,0.8484289992338745,45.91202000119665,0.7471349999832455,47.893733,72.370215,2,"[{""class_id"":0,""class_name"":""ball"",""confidence"":0.9062475562095642,""x1"":308.0539245605469,""y1"":283.2698974609375,""x2"":334.1444396972656,""y2"":312.05462646484375},{""class_id"":2,""class_name"":""robot"",""confidence"":0.8319798111915588,""x1"":460.43170166015625,""y1"":201.05953979492188,""x2"":506.35504150390625,""y2"":289.17279052734375}]"
961,0.616588,0.8925170004658867,40.60949199993047,0.7302089998120209,42.657688,43.274276,2,"[{""class_id"":0,""class_name"":""ball"",""confidence"":0.9117811322212219,""x1"":308.25018310546875,""y1"":283.2230224609375,""x2"":334.45281982421875,""y2"":312.3455810546875},{""class_id"":2,""class_name"":""robot"",""confidence"":0.8404592871665955,""x1"":460.19580078125,""y1"":200.85211181640625,""x2"":505.934814453125,""y2"":289.3142395019531}]"
962,8.993893,0.99976300043636,44.66226799922879,0.7448510004905984,46.852814,55.846707,2,"[{""class_id"":0,""class_name"":""ball"",""confidence"":0.9088354706764221,""x1"":308.0558776855469,""y1"":283.2322082519531,""x2"":334.1729431152344,""y2"":312.0306701660156},{""class_id"":2,""class_name"":""robot"",""confidence"":0.8340779542922974,""x1"":460.50274658203125,""y1"":200.98699951171875,""x2"":506.04913330078125,""y2"":288.9369201660156}]"
963,0.583246,0.9266529996239115,41.37981799976842,0.7281630005309125,43.436825,44.020071,2,"[{""class_id"":0,""class_name"":""ball"",""confidence"":0.9071451425552368,""x1"":308.025634765625,""y1"":283.1636962890625,""x2"":334.223876953125,""y2"":311.94677734375},{""class_id"":2,""class_name"":""robot"",""confidence"":0.8365586996078491,""x1"":460.49798583984375,""y1"":200.8564453125,""x2"":506.77203369140625,""y2"":289.5515441894531}]"
964,9.071784,0.9617779996915488,46.59203200026241,0.7902050001575844,48.793742,57.865526,2,"[{""class_id"":0,""class_name"":""ball"",""confidence"":0.9080401062965393,""x1"":308.09521484375,""y1"":283.03314208984375,""x2"":334.10333251953125,""y2"":312.0535888671875},{""class_id"":2,""class_name"":""robot"",""confidence"":0.8305141925811768,""x1"":460.73638916015625,""y1"":200.9066162109375,""x2"":506.44097900390625,""y2"":289.054443359375}]"
965,0.597792,0.9102650001295842,42.92828500001633,0.7466540009772871,44.979992,45.577784,2,"[{""class_id"":0,""class_name"":""ball"",""confidence"":0.9118214845657349,""x1"":308.1236572265625,""y1"":283.31982421875,""x2"":334.0015869140625,""y2"":312.0377197265625},{""class_id"":2,""class_name"":""robot"",""confidence"":0.8274285793304443,""x1"":460.7847595214844,""y1"":200.77520751953125,""x2"":506.4339904785156,""y2"":289.11724853515625}]"
966,5.370012,1.0065160004160134,43.34058700078458,0.7463860001735156,45.515735,50.885747,2,"[{""class_id"":0,""class_name"":""ball"",""confidence"":0.9098188281059265,""x1"":308.0019226074219,""y1"":283.2564697265625,""x2"":334.0718078613281,""y2"":312.035400390625},{""class_id"":2,""class_name"":""robot"",""confidence"":0.8309126496315002,""x1"":460.38189697265625,""y1"":200.95782470703125,""x2"":506.02850341796875,""y2"":289.638427734375}]"
967,0.580713,0.8526849996997043,47.72576900177228,0.7876850013417425,49.770249,50.350962,2,"[{""class_id"":0,""class_name"":""ball"",""confidence"":0.9058395624160767,""x1"":308.04559326171875,""y1"":283.29803466796875,""x2"":334.27532958984375,""y2"":311.91497802734375},{""class_id"":2,""class_name"":""robot"",""confidence"":0.8346918225288391,""x1"":460.4615478515625,""y1"":200.78359985351562,""x2"":506.553955078125,""y2"":289.6135559082031}]"
968,4.086914,1.1563740008568857,45.260342998517444,0.7386340002994984,47.575842,51.662756,2,"[{""class_id"":0,""class_name"":""ball"",""confidence"":0.9113448858261108,""x1"":307.8970947265625,""y1"":283.20233154296875,""x2"":334.0948486328125,""y2"":311.96563720703125},{""class_id"":2,""class_name"":""robot"",""confidence"":0.8289284110069275,""x1"":456.0564270019531,""y1"":200.78228759765625,""x2"":507.2200622558594,""y2"":290.34735107421875}]"
969,0.644153,0.956620000579278,40.84510800021235,0.7311459994525649,42.957426999999996,43.60158,2,"[{""class_id"":0,""class_name"":""ball"",""confidence"":0.9139111042022705,""x1"":308.0625,""y1"":283.1810607910156,""x2"":334.1212158203125,""y2"":311.9067077636719},{""class_id"":2,""class_name"":""robot"",""confidence"":0.8361011743545532,""x1"":460.3793029785156,""y1"":200.92556762695312,""x2"":506.4184875488281,""y2"":289.8126220703125}]"
970,13.011968,1.0097060003317893,40.274844999657944,0.7432009988406207,42.47403800000001,55.486006,2,"[{""class_id"":0,""class_name"":""ball"",""confidence"":0.909179151058197,""x1"":308.1270751953125,""y1"":283.3243713378906,""x2"":334.2000732421875,""y2"":312.1903991699219},{""class_id"":2,""class_name"":""robot"",""confidence"":0.8374235033988953,""x1"":460.5753479003906,""y1"":200.78408813476562,""x2"":506.0810241699219,""y2"":289.53973388671875}]"
971,21.519604,1.0407849986222573,41.18385199944896,0.5713509999623057,43.207851000000005,64.727455,2,"[{""class_id"":0,""class_name"":""ball"",""confidence"":0.9110717177391052,""x1"":308.03753662109375,""y1"":283.23785400390625,""x2"":334.09381103515625,""y2"":312.060302734375},{""class_id"":2,""class_name"":""robot"",""confidence"":0.8331040740013123,""x1"":460.19500732421875,""y1"":201.00338745117188,""x2"":506.14654541015625,""y2"":289.1746520996094}]"
972,0.326049,0.809078999736812,35.89626900065923,0.4487910009629559,37.482941000000004,37.80899,2,"[{""class_id"":0,""class_name"":""ball"",""confidence"":0.9150593280792236,""x1"":308.028076171875,""y1"":283.161865234375,""x2"":334.27471923828125,""y2"":312.00927734375},{""class_id"":2,""class_name"":""robot"",""confidence"":0.8379159569740295,""x1"":460.5889892578125,""y1"":200.73532104492188,""x2"":506.59295654296875,""y2"":289.2071838378906}]"
973,18.833809,0.8595749986852752,37.479348000488244,0.44705400068778545,39.141563000000005,57.975372,2,"[{""class_id"":0,""class_name"":""ball"",""confidence"":0.9051734209060669,""x1"":308.03179931640625,""y1"":283.1107177734375,""x2"":334.12933349609375,""y2"":311.90460205078125},{""class_id"":2,""class_name"":""robot"",""confidence"":0.8336520791053772,""x1"":460.57745361328125,""y1"":200.8927001953125,""x2"":505.96319580078125,""y2"":289.37554931640625}]"
974,0.324244,0.723017001291737,36.61580300104106,0.43051299871876836,38.09842,38.422664,2,"[{""class_id"":0,""class_name"":""ball"",""confidence"":0.9104925990104675,""x1"":308.0107421875,""y1"":283.1732482910156,""x2"":334.061767578125,""y2"":312.1176452636719},{""class_id"":2,""class_name"":""robot"",""confidence"":0.8348590135574341,""x1"":460.3477783203125,""y1"":200.90444946289062,""x2"":506.488037109375,""y2"":289.27435302734375}]"
975,22.293963,0.8720169989828719,35.33549200074049,0.4200769999442855,37.021029999999996,59.314993,2,"[{""class_id"":0,""class_name"":""ball"",""confidence"":0.9124135375022888,""x1"":308.07354736328125,""y1"":283.1972961425781,""x2"":334.12860107421875,""y2"":312.1009216308594},{""class_id"":2,""class_name"":""robot"",""confidence"":0.8320353627204895,""x1"":460.3952331542969,""y1"":200.80606079101562,""x2"":506.0799255371094,""y2"":289.6199035644531}]"
976,0.331409,0.662354999803938,36.27907900045102,0.4464760004339041,37.722704,38.054113,2,"[{""class_id"":0,""class_name"":""ball"",""confidence"":0.9089527130126953,""x1"":308.0841064453125,""y1"":283.1388244628906,""x2"":334.0980224609375,""y2"":311.9322204589844},{""class_id"":2,""class_name"":""robot"",""confidence"":0.8353886604309082,""x1"":460.128662109375,""y1"":201.09979248046875,""x2"":506.9893798828125,""y2"":289.364990234375}]"
977,0.321734,0.7224929995572893,36.3638090002496,0.44790699939767364,37.858929,38.180663,2,"[{""class_id"":0,""class_name"":""ball"",""confidence"":0.9109315276145935,""x1"":308.0762023925781,""y1"":283.1396484375,""x2"":334.1703186035156,""y2"":312.0213623046875},{""class_id"":2,""class_name"":""robot"",""confidence"":0.834798276424408,""x1"":460.06744384765625,""y1"":201.20257568359375,""x2"":506.19134521484375,""y2"":289.43414306640625}]"
978,22.480079,0.8732350015634438,35.94190100011474,0.451915999292396,37.618504,60.098583,2,"[{""class_id"":0,""class_name"":""ball"",""confidence"":0.9082874655723572,""x1"":308.03558349609375,""y1"":283.161376953125,""x2"":334.21832275390625,""y2"":312.1104736328125},{""class_id"":2,""class_name"":""robot"",""confidence"":0.8351203203201294,""x1"":460.78057861328125,""y1"":200.783447265625,""x2"":506.56939697265625,""y2"":289.5382080078125}]"
979,0.314765,0.7644679990335135,34.770446000038646,0.45044599937682506,36.324281,36.639046,2,"[{""class_id"":0,""class_name"":""ball"",""confidence"":0.9110202789306641,""x1"":307.98785400390625,""y1"":283.1659851074219,""x2"":334.08770751953125,""y2"":312.1058654785156},{""class_id"":2,""class_name"":""robot"",""confidence"":0.8380041718482971,""x1"":460.44635009765625,""y1"":200.90032958984375,""x2"":506.30499267578125,""y2"":289.26025390625}]"
980,25.655112,0.8692709998285864,41.69136900054582,0.44330600030662026,43.362639,69.017751,2,"[{""class_id"":0,""class_name"":""ball"",""confidence"":0.9115700125694275,""x1"":308.1866760253906,""y1"":283.3350524902344,""x2"":334.2339782714844,""y2"":312.1519470214844},{""class_id"":2,""class_name"":""robot"",""confidence"":0.829166829586029,""x1"":460.97735595703125,""y1"":200.95013427734375,""x2"":506.2596435546875,""y2"":289.4076232910156}]"
981,0.322529,0.8157860011124285,34.551409999039606,0.4270310000720201,36.121972,36.444501,2,"[{""class_id"":0,""class_name"":""ball"",""confidence"":0.9100379347801208,""x1"":308.0499572753906,""y1"":283.12933349609375,""x2"":334.1207580566406,""y2"":312.04827880859375},{""class_id"":2,""class_name"":""robot"",""confidence"":0.8260352611541748,""x1"":460.9151611328125,""y1"":201.01242065429688,""x2"":506.243896484375,""y2"":289.19696044921875}]"
982,20.335103,0.8995469997898908,37.049417000162066,0.4418900007294724,38.729338999999996,59.064442,2,"[{""class_id"":0,""class_name"":""ball"",""confidence"":0.9098038673400879,""x1"":308.15185546875,""y1"":283.2348327636719,""x2"":334.2454833984375,""y2"":312.2325744628906},{""class_id"":2,""class_name"":""robot"",""confidence"":0.8317374587059021,""x1"":456.39599609375,""y1"":200.80499267578125,""x2"":507.74365234375,""y2"":290.2356262207031}]"
983,0.346687,0.7342179997067433,37.56147999956738,0.4462159995455295,39.073777,39.420464,2,"[{""class_id"":0,""class_name"":""ball"",""confidence"":0.9119452834129333,""x1"":308.0702209472656,""y1"":283.1929626464844,""x2"":334.1607360839844,""y2"":312.1587219238281},{""class_id"":2,""class_name"":""robot"",""confidence"":0.8289351463317871,""x1"":460.54278564453125,""y1"":200.95736694335938,""x2"":505.98919677734375,""y2"":289.43524169921875}]"
984,21.815505,0.9850559999904362,37.61727100027201,0.44654799967247527,39.386322,61.201827,2,"[{""class_id"":0,""class_name"":""ball"",""confidence"":0.9082109928131104,""x1"":308.19366455078125,""y1"":283.23870849609375,""x2"":334.21026611328125,""y2"":312.04534912109375},{""class_id"":2,""class_name"":""robot"",""confidence"":0.8371341824531555,""x1"":460.4669189453125,""y1"":200.93075561523438,""x2"":506.357666015625,""y2"":289.4220275878906}]"
985,0.320132,0.7806070007063681,36.63611100091657,0.4397230004542507,38.227577,38.547709,2,"[{""class_id"":0,""class_name"":""ball"",""confidence"":0.9088155031204224,""x1"":308.18731689453125,""y1"":283.1963195800781,""x2"":334.17425537109375,""y2"":311.9732971191406},{""class_id"":2,""class_name"":""robot"",""confidence"":0.8338274955749512,""x1"":460.3631591796875,""y1"":200.87472534179688,""x2"":506.38525390625,""y2"":289.75579833984375}]"
986,21.944867,0.8897850002540508,37.66911299862841,0.44415899901650846,39.335126,61.279993,2,"[{""class_id"":0,""class_name"":""ball"",""confidence"":0.906840443611145,""x1"":308.1590576171875,""y1"":283.1282958984375,""x2"":334.211181640625,""y2"":312.0079345703125},{""class_id"":2,""class_name"":""robot"",""confidence"":0.8235528469085693,""x1"":461.207275390625,""y1"":200.86572265625,""x2"":506.0526123046875,""y2"":289.32550048828125}]"
987,0.317778,0.7287660009751562,38.89185899970471,0.43361100142647047,40.399984,40.717762,2,"[{""class_id"":0,""class_name"":""ball"",""confidence"":0.9068381786346436,""x1"":308.146484375,""y1"":283.0999755859375,""x2"":334.0784912109375,""y2"":312.00244140625},{""class_id"":2,""class_name"":""robot"",""confidence"":0.8319095969200134,""x1"":456.06500244140625,""y1"":200.75570678710938,""x2"":507.15924072265625,""y2"":290.5100402832031}]"
988,19.793239,1.1992489999101963,39.47300800064113,0.44160200013720896,41.477601,61.27084,2,"[{""class_id"":0,""class_name"":""ball"",""confidence"":0.9080472588539124,""x1"":308.03955078125,""y1"":283.22979736328125,""x2"":334.17706298828125,""y2"":311.93731689453125},{""class_id"":2,""class_name"":""robot"",""confidence"":0.8331254124641418,""x1"":461.1766052246094,""y1"":200.96484375,""x2"":506.5478210449219,""y2"":289.218017578125}]"
989,0.314308,0.7170659991970751,35.82260799885262,0.422404998971615,37.31076100000001,37.625069,2,"[{""class_id"":0,""class_name"":""ball"",""confidence"":0.9089310169219971,""x1"":308.1204833984375,""y1"":283.14508056640625,""x2"":334.1201171875,""y2"":312.09661865234375},{""class_id"":2,""class_name"":""robot"",""confidence"":0.8275850415229797,""x1"":461.119140625,""y1"":200.8448486328125,""x2"":505.9832763671875,""y2"":288.918212890625}]"
990,20.941373,0.901711000551586,37.880007999774534,0.4413149999891175,39.556934,60.498307,2,"[{""class_id"":0,""class_name"":""ball"",""confidence"":0.9101698994636536,""x1"":308.0008544921875,""y1"":283.3140563964844,""x2"":334.1280517578125,""y2"":312.3697814941406},{""class_id"":2,""class_name"":""robot"",""confidence"":0.8335108160972595,""x1"":460.3267517089844,""y1"":200.9739990234375,""x2"":506.3678894042969,""y2"":289.5240173339844}]"
991,0.316342,0.7176969993452076,37.282333001712686,0.4291639997973107,38.77328,39.089622,2,"[{""class_id"":0,""class_name"":""ball"",""confidence"":0.9088819026947021,""x1"":308.21881103515625,""y1"":283.12554931640625,""x2"":334.15850830078125,""y2"":312.02862548828125},{""class_id"":2,""class_name"":""robot"",""confidence"":0.8351877927780151,""x1"":460.54034423828125,""y1"":201.00979614257812,""x2"":506.4156494140625,""y2"":289.5083312988281}]"
992,21.137525,0.8818759997666348,39.75925699887739,0.45814900113327894,41.465839,62.603364,2,"[{""class_id"":0,""class_name"":""ball"",""confidence"":0.9047436714172363,""x1"":308.01458740234375,""y1"":283.1763916015625,""x2"":334.22100830078125,""y2"":312.010009765625},{""class_id"":2,""class_name"":""robot"",""confidence"":0.8347988128662109,""x1"":460.31427001953125,""y1"":200.9219970703125,""x2"":506.32196044921875,""y2"":289.20330810546875}]"
993,0.319432,0.8013560000108555,39.24607699991611,0.43923300108872354,40.820383,41.139815,2,"[{""class_id"":0,""class_name"":""ball"",""confidence"":0.9078157544136047,""x1"":307.933349609375,""y1"":283.24737548828125,""x2"":334.18994140625,""y2"":312.12872314453125},{""class_id"":2,""class_name"":""robot"",""confidence"":0.8250477910041809,""x1"":460.60675048828125,""y1"":201.03582763671875,""x2"":505.90863037109375,""y2"":289.0792541503906}]"
994,17.485415,0.8916779988794588,38.40131700053462,0.44973700096306857,40.084109,57.569524,2,"[{""class_id"":0,""class_name"":""ball"",""confidence"":0.9053910970687866,""x1"":307.9830017089844,""y1"":283.138427734375,""x2"":334.0675964355469,""y2"":312.13189697265625},{""class_id"":2,""class_name"":""robot"",""confidence"":0.8317567706108093,""x1"":460.566162109375,""y1"":200.99075317382812,""x2"":505.74261474609375,""y2"":289.0507507324219}]"
995,0.320782,0.7261270002345555,39.270100998692214,0.4523530005826615,40.778679,41.099461,2,"[{""class_id"":0,""class_name"":""ball"",""confidence"":0.9090690016746521,""x1"":307.93310546875,""y1"":283.1441345214844,""x2"":334.1480712890625,""y2"":311.9549865722656},{""class_id"":2,""class_name"":""robot"",""confidence"":0.8336916565895081,""x1"":460.461181640625,""y1"":200.95681762695312,""x2"":506.4544677734375,""y2"":289.6792297363281}]"
996,18.683481,0.8675209992361488,38.586323000345146,0.4614570007106522,40.255364,58.938845,2,"[{""class_id"":0,""class_name"":""ball"",""confidence"":0.9103589057922363,""x1"":308.002197265625,""y1"":283.1456298828125,""x2"":334.184326171875,""y2"":312.121826171875},{""class_id"":2,""class_name"":""robot"",""confidence"":0.8367375731468201,""x1"":460.23797607421875,""y1"":201.1534423828125,""x2"":506.69830322265625,""y2"":289.1754150390625}]"
997,0.317229,0.7537000001320848,36.09130900076707,0.44179199903737754,37.615707,37.932936,2,"[{""class_id"":0,""class_name"":""ball"",""confidence"":0.90794438123703,""x1"":308.2852783203125,""y1"":283.0519714355469,""x2"":334.2984619140625,""y2"":312.0189514160156},{""class_id"":2,""class_name"":""robot"",""confidence"":0.8396278023719788,""x1"":460.0091552734375,""y1"":200.8487548828125,""x2"":506.3990478515625,""y2"":289.11566162109375}]"
998,21.81495,0.8866200005286373,40.12918899934448,0.424423000367824,41.774536,63.589486,2,"[{""class_id"":0,""class_name"":""ball"",""confidence"":0.9105685353279114,""x1"":307.89276123046875,""y1"":283.19879150390625,""x2"":334.218017578125,""y2"":312.06781005859375},{""class_id"":2,""class_name"":""robot"",""confidence"":0.8222801089286804,""x1"":456.82073974609375,""y1"":200.82376098632812,""x2"":507.52349853515625,""y2"":290.53399658203125}]"
999,0.331736,0.7313520000025164,37.04548099995009,0.4316549984650919,38.540913,38.872649,2,"[{""class_id"":0,""class_name"":""ball"",""confidence"":0.9129685759544373,""x1"":308.03936767578125,""y1"":283.1485290527344,""x2"":334.1016845703125,""y2"":312.0195007324219},{""class_id"":2,""class_name"":""robot"",""confidence"":0.830981433391571,""x1"":460.6903076171875,""y1"":200.89761352539062,""x2"":506.4691162109375,""y2"":289.7748718261719}]"
1000,19.316943,0.8471180008200463,37.385096000434714,0.4413759997987654,39.021101,58.338044,2,"[{""class_id"":0,""class_name"":""ball"",""confidence"":0.9106823205947876,""x1"":307.99139404296875,""y1"":283.13916015625,""x2"":334.11981201171875,""y2"":312.09722900390625},{""class_id"":2,""class_name"":""robot"",""confidence"":0.8292515873908997,""x1"":456.22418212890625,""y1"":200.55465698242188,""x2"":507.75018310546875,""y2"":290.7353210449219}]"
1001,0.323357,0.7285820011020405,34.968378000485245,0.5178320006962167,36.559571999999996,36.882929,2,"[{""class_id"":0,""class_name"":""ball"",""confidence"":0.9046697616577148,""x1"":308.067138671875,""y1"":283.1354675292969,""x2"":334.1190185546875,""y2"":312.0108947753906},{""class_id"":2,""class_name"":""robot"",""confidence"":0.8325797319412231,""x1"":461.19586181640625,""y1"":200.84140014648438,""x2"":506.16650390625,""y2"":288.8973693847656}]"
1002,24.032363,0.8675449989823392,37.80027799984964,0.44176800111017656,39.446580999999995,63.478944,2,"[{""class_id"":0,""class_name"":""ball"",""confidence"":0.9071431159973145,""x1"":308.3897705078125,""y1"":283.3290100097656,""x2"":334.2935791015625,""y2"":312.0807189941406},{""class_id"":2,""class_name"":""robot"",""confidence"":0.8280081152915955,""x1"":460.72467041015625,""y1"":201.19052124023438,""x2"":506.11004638671875,""y2"":289.00390625}]"
1003,0.319809,0.7022089994279668,38.21909099860932,0.4374150012154132,39.710147,40.029956,2,"[{""class_id"":0,""class_name"":""ball"",""confidence"":0.9120542407035828,""x1"":308.0191955566406,""y1"":283.164794921875,""x2"":334.1432800292969,""y2"":312.0748291015625},{""class_id"":2,""class_name"":""robot"",""confidence"":0.8329968452453613,""x1"":460.6397705078125,""y1"":201.06021118164062,""x2"":506.1861572265625,""y2"":289.0348815917969}]"
1004,24.473843,1.2021900001855101,41.36740899957658,0.45314899944060016,43.365042,67.838885,2,"[{""class_id"":0,""class_name"":""ball"",""confidence"":0.9145883321762085,""x1"":308.050048828125,""y1"":283.2447509765625,""x2"":334.157470703125,""y2"":311.939697265625},{""class_id"":2,""class_name"":""robot"",""confidence"":0.8330951929092407,""x1"":460.6581115722656,""y1"":200.89456176757812,""x2"":506.0903625488281,""y2"":289.35418701171875}]"
1005,20.365111,0.8584309998695971,36.05075000086799,0.4383470004540868,37.701932,58.067043,2,"[{""class_id"":0,""class_name"":""ball"",""confidence"":0.9101057648658752,""x1"":308.2322998046875,""y1"":283.14208984375,""x2"":334.06842041015625,""y2"":312.04345703125},{""class_id"":2,""class_name"":""robot"",""confidence"":0.8320713639259338,""x1"":460.6543273925781,""y1"":200.87127685546875,""x2"":506.3291931152344,""y2"":289.2548828125}]"
1006,0.379586,0.9673680015112041,37.36383400064369,0.4443159996299073,39.164181,39.543767,2,"[{""class_id"":0,""class_name"":""ball"",""confidence"":0.9146476984024048,""x1"":308.03814697265625,""y1"":283.2470397949219,""x2"":334.096923828125,""y2"":311.9939880371094},{""class_id"":2,""class_name"":""robot"",""confidence"":0.8313912749290466,""x1"":460.635009765625,""y1"":200.90087890625,""x2"":506.24847412109375,""y2"":289.2510986328125}]"
1007,22.593405,0.8672789990669116,40.120837998983916,0.49228300122194923,41.83889099999999,64.432296,2,"[{""class_id"":0,""class_name"":""ball"",""confidence"":0.9146367907524109,""x1"":308.09893798828125,""y1"":283.3365478515625,""x2"":334.1998291015625,""y2"":312.0892333984375},{""class_id"":2,""class_name"":""robot"",""confidence"":0.830482006072998,""x1"":460.5630187988281,""y1"":201.0428466796875,""x2"":505.7946472167969,""y2"":288.998779296875}]"
1008,0.312247,0.7251749993884005,37.95631300090463,0.45305300045583863,39.467067,39.779314,2,"[{""class_id"":0,""class_name"":""ball"",""confidence"":0.9086975455284119,""x1"":308.0033264160156,""y1"":283.2470703125,""x2"":334.1875915527344,""y2"":311.9935302734375},{""class_id"":2,""class_name"":""robot"",""confidence"":0.830713152885437,""x1"":460.85882568359375,""y1"":200.9605712890625,""x2"":506.17718505859375,""y2"":289.2044372558594}]"
1009,18.3815,0.8711030004633358,40.31449300055101,0.9278460001951316,42.462299,60.843799,2,"[{""class_id"":0,""class_name"":""ball"",""confidence"":0.911575436592102,""x1"":308.18109130859375,""y1"":283.20660400390625,""x2"":334.1806640625,""y2"":312.1240234375},{""class_id"":2,""class_name"":""robot"",""confidence"":0.8333660960197449,""x1"":460.24212646484375,""y1"":200.91387939453125,""x2"":505.83990478515625,""y2"":289.4518737792969}]"
1010,0.321581,0.7915450005384628,36.42337800010864,0.4132649992243387,37.949051999999995,38.270633,2,"[{""class_id"":0,""class_name"":""ball"",""confidence"":0.9107831716537476,""x1"":308.1949462890625,""y1"":283.26995849609375,""x2"":334.1810302734375,""y2"":312.01544189453125},{""class_id"":2,""class_name"":""robot"",""confidence"":0.8318949937820435,""x1"":460.866455078125,""y1"":200.9691162109375,""x2"":506.287353515625,""y2"":288.95391845703125}]"
1011,19.396135,0.9446200001548277,38.35143300057098,0.44394799988367595,40.116143,59.512278,2,"[{""class_id"":0,""class_name"":""ball"",""confidence"":0.9112452268600464,""x1"":308.01788330078125,""y1"":283.1315612792969,""x2"":334.04461669921875,""y2"":312.1733703613281},{""class_id"":2,""class_name"":""robot"",""confidence"":0.8432868123054504,""x1"":460.20660400390625,""y1"":200.84771728515625,""x2"":506.7069091796875,""y2"":289.37860107421875}]"
1012,0.317313,0.8594659993832465,36.0513310006354,0.44346399954520166,37.704080000000005,38.021393,2,"[{""class_id"":0,""class_name"":""ball"",""confidence"":0.9093688726425171,""x1"":308.189453125,""y1"":283.1759948730469,""x2"":334.156494140625,""y2"":312.1116027832031},{""class_id"":2,""class_name"":""robot"",""confidence"":0.8372709155082703,""x1"":460.40618896484375,""y1"":200.89349365234375,""x2"":506.650390625,""y2"":289.92022705078125}]"
1013,21.830845,0.8429939989582635,40.0933860000805,0.44143199920654297,41.713252999999995,63.544098,2,"[{""class_id"":0,""class_name"":""ball"",""confidence"":0.9099484086036682,""x1"":308.0302734375,""y1"":283.30120849609375,""x2"":334.369873046875,""y2"":312.15826416015625},{""class_id"":2,""class_name"":""robot"",""confidence"":0.8357633948326111,""x1"":460.5211181640625,""y1"":201.10662841796875,""x2"":506.61322021484375,""y2"":289.5762634277344}]"
1014,0.329678,0.7580679994134698,39.05005200067535,0.43172400000912603,40.574421,40.904099,2,"[{""class_id"":0,""class_name"":""ball"",""confidence"":0.9112212657928467,""x1"":308.05157470703125,""y1"":283.10736083984375,""x2"":334.06793212890625,""y2"":312.02154541015625},{""class_id"":2,""class_name"":""robot"",""confidence"":0.8331524729728699,""x1"":460.566650390625,""y1"":201.06329345703125,""x2"":506.62744140625,""y2"":289.50506591796875}]"
1015,17.123976,0.8373979999305448,38.10622700075328,1.001044000076945,40.341954,57.46593,2,"[{""class_id"":0,""class_name"":""ball"",""confidence"":0.9059585332870483,""x1"":307.9268798828125,""y1"":283.2706298828125,""x2"":334.28289794921875,""y2"":312.231689453125},{""class_id"":2,""class_name"":""robot"",""confidence"":0.8362182378768921,""x1"":460.3087158203125,""y1"":200.94314575195312,""x2"":506.25799560546875,""y2"":289.21990966796875}]"
1016,0.36193,0.9933630008163163,35.882614998627105,0.45780100117553957,37.66595,38.02788,2,"[{""class_id"":0,""class_name"":""ball"",""confidence"":0.9107598066329956,""x1"":308.062744140625,""y1"":283.2081298828125,""x2"":334.0635986328125,""y2"":311.97296142578125},{""class_id"":2,""class_name"":""robot"",""confidence"":0.8248717784881592,""x1"":456.70867919921875,""y1"":200.72650146484375,""x2"":507.1025390625,""y2"":290.25201416015625}]"
1017,25.626779,0.8561169997847173,44.029034999766736,0.432198001362849,45.675488,71.302267,2,"[{""class_id"":0,""class_name"":""ball"",""confidence"":0.9125771522521973,""x1"":307.96221923828125,""y1"":283.15655517578125,""x2"":334.12713623046875,""y2"":312.02984619140625},{""class_id"":2,""class_name"":""robot"",""confidence"":0.831601083278656,""x1"":460.87664794921875,""y1"":201.02230834960938,""x2"":506.33282470703125,""y2"":289.3358154296875}]"
1018,18.220926,0.8373450000362936,37.14685700106202,0.5921829997532768,38.980328,57.201254,2,"[{""class_id"":0,""class_name"":""ball"",""confidence"":0.9045320749282837,""x1"":308.01312255859375,""y1"":283.32861328125,""x2"":334.10296630859375,""y2"":312.14697265625},{""class_id"":2,""class_name"":""robot"",""confidence"":0.8375977277755737,""x1"":460.23443603515625,""y1"":200.83282470703125,""x2"":506.75360107421875,""y2"":289.39605712890625}]"
1019,0.418205,0.7475120000890456,38.01226699943072,0.5442400015454041,39.721942,40.140147,2,"[{""class_id"":0,""class_name"":""ball"",""confidence"":0.9083396792411804,""x1"":308.14642333984375,""y1"":283.21160888671875,""x2"":334.19964599609375,""y2"":312.00445556640625},{""class_id"":2,""class_name"":""robot"",""confidence"":0.8312187194824219,""x1"":460.6266174316406,""y1"":200.91964721679688,""x2"":506.4345397949219,""y2"":289.009033203125}]"
1020,20.875701,0.8673100001033163,37.4595989997033,0.6599590014957357,39.3635,60.239201,2,"[{""class_id"":0,""class_name"":""ball"",""confidence"":0.9115321636199951,""x1"":308.035888671875,""y1"":283.20513916015625,""x2"":334.0936279296875,""y2"":311.99774169921875},{""class_id"":2,""class_name"":""robot"",""confidence"":0.8365015983581543,""x1"":460.1724548339844,""y1"":201.0234375,""x2"":506.6001892089844,""y2"":289.3404846191406}]"
1021,0.325854,0.7477109993487829,35.07278600045538,0.4405719992064405,36.594998,36.920852,2,"[{""class_id"":0,""class_name"":""ball"",""confidence"":0.9079505801200867,""x1"":307.996826171875,""y1"":283.22772216796875,""x2"":334.07513427734375,""y2"":311.93096923828125},{""class_id"":2,""class_name"":""robot"",""confidence"":0.8276232481002808,""x1"":461.38226318359375,""y1"":200.99371337890625,""x2"":505.8948974609375,""y2"":289.53924560546875}]"
1022,23.715589,0.8619339987490093,42.01631700016151,0.43927399929089006,43.65443799999999,67.370027,2,"[{""class_id"":0,""class_name"":""ball"",""confidence"":0.9067032337188721,""x1"":308.27008056640625,""y1"":283.285888671875,""x2"":334.09112548828125,""y2"":311.96649169921875},{""class_id"":2,""class_name"":""robot"",""confidence"":0.8357064127922058,""x1"":460.4508056640625,""y1"":200.896728515625,""x2"":506.4765625,""y2"":289.240966796875}]"
1023,0.329409,0.7351189997280017,37.51217399985762,0.42734599992400035,39.020321,39.34973,2,"[{""class_id"":0,""class_name"":""ball"",""confidence"":0.9087035655975342,""x1"":307.9140625,""y1"":283.12420654296875,""x2"":334.232177734375,""y2"":312.20782470703125},{""class_id"":2,""class_name"":""robot"",""confidence"":0.8317865133285522,""x1"":460.51593017578125,""y1"":200.83877563476562,""x2"":505.40087890625,""y2"":289.0982360839844}]"
1024,16.772135,0.8295570005429909,35.528808999515604,0.43406099939602427,37.130333,53.902468,2,"[{""class_id"":0,""class_name"":""ball"",""confidence"":0.908911406993866,""x1"":308.1204833984375,""y1"":283.28082275390625,""x2"":334.2406005859375,""y2"":312.06134033203125},{""class_id"":2,""class_name"":""robot"",""confidence"":0.830493688583374,""x1"":460.23870849609375,""y1"":201.00546264648438,""x2"":506.69146728515625,""y2"":289.3420715332031}]"
1025,0.318245,0.7153859987738542,37.26170899972203,0.4359719987405697,38.749739000000005,39.067984,2,"[{""class_id"":0,""class_name"":""ball"",""confidence"":0.9153197407722473,""x1"":307.91033935546875,""y1"":283.24456787109375,""x2"":334.0106201171875,""y2"":312.06463623046875},{""class_id"":2,""class_name"":""robot"",""confidence"":0.8315446972846985,""x1"":455.62066650390625,""y1"":200.85809326171875,""x2"":506.69171142578125,""y2"":290.5137939453125}]"
1026,0.318569,0.7360740000876831,34.68270899975323,0.4517329998634523,36.202217000000005,36.520786,2,"[{""class_id"":0,""class_name"":""ball"",""confidence"":0.9103442430496216,""x1"":308.2561340332031,""y1"":283.29986572265625,""x2"":334.2318420410156,""y2"":312.1680908203125},{""class_id"":2,""class_name"":""robot"",""confidence"":0.8378027677536011,""x1"":460.13946533203125,""y1"":201.18423461914062,""x2"":506.31524658203125,""y2"":289.7044982910156}]"
1027,23.235563,0.8528989983460633,40.63589300130843,0.4552789996523643,42.304114,65.539677,2,"[{""class_id"":0,""class_name"":""ball"",""confidence"":0.9091166257858276,""x1"":308.00225830078125,""y1"":283.15924072265625,""x2"":334.11566162109375,""y2"":311.97161865234375},{""class_id"":2,""class_name"":""robot"",""confidence"":0.8306760787963867,""x1"":460.9405212402344,""y1"":200.81375122070312,""x2"":505.8187561035156,""y2"":288.9662170410156}]"
1028,0.440397,1.0173290011152858,36.35674100041797,0.43173499943804927,38.197140000000005,38.637537,2,"[{""class_id"":0,""class_name"":""ball"",""confidence"":0.9097661375999451,""x1"":308.0440673828125,""y1"":283.266845703125,""x2"":334.0560302734375,""y2"":311.998291015625},{""class_id"":2,""class_name"":""robot"",""confidence"":0.8296987414360046,""x1"":460.6784362792969,""y1"":201.03811645507812,""x2"":506.5030822753906,""y2"":289.85162353515625}]"
1029,18.949056,0.9193059995595831,37.34123699905467,0.4388799989101244,39.068444,58.0175,2,"[{""class_id"":0,""class_name"":""ball"",""confidence"":0.9097140431404114,""x1"":308.15985107421875,""y1"":283.219970703125,""x2"":334.12591552734375,""y2"":311.95684814453125},{""class_id"":2,""class_name"":""robot"",""confidence"":0.8366266489028931,""x1"":460.6711120605469,""y1"":200.84219360351562,""x2"":506.7129211425781,""y2"":289.5085754394531}]"
1030,0.326076,0.6512889995065052,36.51448900018295,0.44734800030710176,37.948373,38.274449,2,"[{""class_id"":0,""class_name"":""ball"",""confidence"":0.9107365608215332,""x1"":308.0293884277344,""y1"":283.18621826171875,""x2"":334.1280212402344,""y2"":311.96685791015625},{""class_id"":2,""class_name"":""robot"",""confidence"":0.8321576714515686,""x1"":460.91961669921875,""y1"":200.87063598632812,""x2"":506.74285888671875,""y2"":289.3110046386719}]"
1031,22.830371,0.8569279998482671,41.542898001353024,0.6486280017270474,43.449748,66.280119,2,"[{""class_id"":0,""class_name"":""ball"",""confidence"":0.9134353995323181,""x1"":308.07025146484375,""y1"":283.24554443359375,""x2"":334.26019287109375,""y2"":312.04937744140625},{""class_id"":2,""class_name"":""robot"",""confidence"":0.8268755674362183,""x1"":461.11676025390625,""y1"":200.82809448242188,""x2"":506.054931640625,""y2"":289.1449890136719}]"
1032,0.320839,0.7186109996837331,36.34237100050086,0.43409699901530985,37.855313,38.176152,2,"[{""class_id"":0,""class_name"":""ball"",""confidence"":0.9110597372055054,""x1"":307.9728088378906,""y1"":283.2784423828125,""x2"":334.1828918457031,""y2"":312.0419921875},{""class_id"":2,""class_name"":""robot"",""confidence"":0.829474151134491,""x1"":460.7052001953125,""y1"":200.85906982421875,""x2"":505.705322265625,""y2"":288.75738525390625}]"
1033,18.308952,0.879256998814526,37.7744020006503,0.44480399992608,39.434642,57.743594,2,"[{""class_id"":0,""class_name"":""ball"",""confidence"":0.9104907512664795,""x1"":307.953857421875,""y1"":283.08660888671875,""x2"":334.02783203125,""y2"":312.02703857421875},{""class_id"":2,""class_name"":""robot"",""confidence"":0.8377183079719543,""x1"":460.612060546875,""y1"":200.8907470703125,""x2"":506.7230224609375,""y2"":289.280029296875}]"
1034,0.315978,0.7031110017123865,36.701079001431935,0.4344400003901683,38.198684,38.514662,2,"[{""class_id"":0,""class_name"":""ball"",""confidence"":0.907396137714386,""x1"":307.95001220703125,""y1"":283.20062255859375,""x2"":334.23712158203125,""y2"":312.25335693359375},{""class_id"":2,""class_name"":""robot"",""confidence"":0.8395549654960632,""x1"":460.1499328613281,""y1"":201.00042724609375,""x2"":506.6448059082031,""y2"":289.7379455566406}]"
1035,21.963521,0.8725280004000524,37.256620000334806,0.43141199967067223,38.895351,60.858872,2,"[{""class_id"":0,""class_name"":""ball"",""confidence"":0.9098165035247803,""x1"":307.99725341796875,""y1"":283.2475280761719,""x2"":334.20159912109375,""y2"":311.9754333496094},{""class_id"":2,""class_name"":""robot"",""confidence"":0.8356969952583313,""x1"":460.55718994140625,""y1"":200.90689086914062,""x2"":505.8101806640625,""y2"":288.6683654785156}]"
1036,0.312508,0.9701429989945609,39.586509999935515,0.4345340003055753,41.327492,41.64,2,"[{""class_id"":0,""class_name"":""ball"",""confidence"":0.9092399477958679,""x1"":308.0599365234375,""y1"":283.24774169921875,""x2"":334.1865234375,""y2"":311.99072265625},{""class_id"":2,""class_name"":""robot"",""confidence"":0.8287301659584045,""x1"":460.7354736328125,""y1"":200.98544311523438,""x2"":506.09368896484375,""y2"":289.1201171875}]"
1037,19.24985,0.9902350011543604,39.991396999539575,0.43463200017868076,41.769778,61.019628,2,"[{""class_id"":0,""class_name"":""ball"",""confidence"":0.9102846384048462,""x1"":308.04608154296875,""y1"":283.2342529296875,""x2"":334.23748779296875,""y2"":312.07464599609375},{""class_id"":2,""class_name"":""robot"",""confidence"":0.8265650868415833,""x1"":456.1324157714844,""y1"":200.88128662109375,""x2"":507.2275085449219,""y2"":290.8564147949219}]"
1038,0.354421,0.9061919990926981,36.67803700045624,0.4607900009432342,38.384253,38.738674,2,"[{""class_id"":0,""class_name"":""ball"",""confidence"":0.9108366370201111,""x1"":307.9059753417969,""y1"":283.18853759765625,""x2"":334.2326354980469,""y2"":311.9510498046875},{""class_id"":2,""class_name"":""robot"",""confidence"":0.8299013376235962,""x1"":455.79046630859375,""y1"":200.771240234375,""x2"":507.27313232421875,""y2"":290.41241455078125}]"
1039,19.38491,0.8328410003741737,37.568675999864354,0.43842099876201246,39.187045,58.571955,2,"[{""class_id"":0,""class_name"":""ball"",""confidence"":0.9124686121940613,""x1"":308.1351318359375,""y1"":283.2967224121094,""x2"":334.02490234375,""y2"":312.0657043457031},{""class_id"":2,""class_name"":""robot"",""confidence"":0.8321040868759155,""x1"":455.8567199707031,""y1"":200.86093139648438,""x2"":507.5679626464844,""y2"":290.6643371582031}]"
1040,0.315766,0.7140580000850605,34.619740001289756,0.44593199891096447,36.114951000000005,36.430717,2,"[{""class_id"":0,""class_name"":""ball"",""confidence"":0.9100440740585327,""x1"":308.03326416015625,""y1"":283.2471923828125,""x2"":334.36749267578125,""y2"":312.23040771484375},{""class_id"":2,""class_name"":""robot"",""confidence"":0.8304770588874817,""x1"":460.91204833984375,""y1"":200.90789794921875,""x2"":505.827880859375,""y2"":289.056396484375}]"
1041,24.325226,0.8709149988135323,43.23154899975634,0.4349089995230315,44.876998,69.202224,2,"[{""class_id"":0,""class_name"":""ball"",""confidence"":0.9122565984725952,""x1"":308.10260009765625,""y1"":283.236572265625,""x2"":334.17462158203125,""y2"":311.96728515625},{""class_id"":2,""class_name"":""robot"",""confidence"":0.8397409915924072,""x1"":459.7117919921875,""y1"":201.03231811523438,""x2"":506.372314453125,""y2"":289.5016784667969}]"
1042,0.330872,0.7070070005283924,37.049296999612125,0.5956199984211707,38.729415,39.060287,2,"[{""class_id"":0,""class_name"":""ball"",""confidence"":0.9048102498054504,""x1"":307.9845886230469,""y1"":283.2994384765625,""x2"":334.2489929199219,""y2"":312.1951904296875},{""class_id"":2,""class_name"":""robot"",""confidence"":0.8322221636772156,""x1"":460.788818359375,""y1"":200.94915771484375,""x2"":506.46026611328125,""y2"":289.4449768066406}]"
1043,16.156767,0.8866759999364149,35.02641799968842,0.44642200009548105,36.699681999999996,52.856449,2,"[{""class_id"":0,""class_name"":""ball"",""confidence"":0.9099352955818176,""x1"":307.98004150390625,""y1"":283.11187744140625,""x2"":334.23272705078125,""y2"":312.12713623046875},{""class_id"":2,""class_name"":""robot"",""confidence"":0.8293912410736084,""x1"":460.62933349609375,""y1"":200.96124267578125,""x2"":506.32818603515625,""y2"":289.561279296875}]"
1044,0.453656,0.8790150004642783,37.266167000780115,0.4445930007932475,38.982333,39.435989,2,"[{""class_id"":0,""class_name"":""ball"",""confidence"":0.9113938212394714,""x1"":308.2904052734375,""y1"":283.3405456542969,""x2"":334.2816162109375,""y2"":312.1840515136719},{""class_id"":2,""class_name"":""robot"",""confidence"":0.8263424038887024,""x1"":460.65838623046875,""y1"":200.8026123046875,""x2"":505.93194580078125,""y2"":289.2589111328125}]"
1045,23.634065,0.8703280000190716,39.33784199944057,0.4343010004959069,41.012913000000005,64.646978,2,"[{""class_id"":0,""class_name"":""ball"",""confidence"":0.913744330406189,""x1"":307.88433837890625,""y1"":283.202392578125,""x2"":334.10565185546875,""y2"":312.114990234375},{""class_id"":2,""class_name"":""robot"",""confidence"":0.8242385387420654,""x1"":460.82989501953125,""y1"":201.01296997070312,""x2"":506.05157470703125,""y2"":289.1587829589844}]"
1046,0.359503,0.7376810008281609,34.776418999172165,0.4326369999034796,36.281261,36.640764,2,"[{""class_id"":0,""class_name"":""ball"",""confidence"":0.9070167541503906,""x1"":307.8340759277344,""y1"":283.24993896484375,""x2"":334.3227233886719,""y2"":312.19757080078125},{""class_id"":2,""class_name"":""robot"",""confidence"":0.8343062400817871,""x1"":460.69287109375,""y1"":200.89889526367188,""x2"":506.07452392578125,""y2"":289.5522155761719}]"
1047,22.285401,0.8291930007544579,40.58003600039228,0.46964099965407513,42.247745,64.533146,2,"[{""class_id"":0,""class_name"":""ball"",""confidence"":0.912817656993866,""x1"":308.13409423828125,""y1"":283.3560791015625,""x2"":334.11749267578125,""y2"":311.9423828125},{""class_id"":2,""class_name"":""robot"",""confidence"":0.8298937082290649,""x1"":460.93768310546875,""y1"":200.95785522460938,""x2"":506.15289306640625,""y2"":290.1557312011719}]"
1048,0.410969,1.0056289993372047,36.43801499856636,0.43145699964952655,38.277744999999996,38.688714,2,"[{""class_id"":0,""class_name"":""ball"",""confidence"":0.90883469581604,""x1"":307.95648193359375,""y1"":283.1593017578125,""x2"":334.21209716796875,""y2"":312.1571044921875},{""class_id"":2,""class_name"":""robot"",""confidence"":0.8339569568634033,""x1"":460.23553466796875,""y1"":200.90570068359375,""x2"":506.16522216796875,""y2"":289.31036376953125}]"
1049,19.042947,1.0196780003752792,37.26257500056818,0.4278599990357179,39.065313,58.10826,2,"[{""class_id"":0,""class_name"":""ball"",""confidence"":0.9120140671730042,""x1"":308.0562744140625,""y1"":283.2187805175781,""x2"":334.25732421875,""y2"":311.9401550292969},{""class_id"":2,""class_name"":""robot"",""confidence"":0.8338163495063782,""x1"":460.94482421875,""y1"":200.88677978515625,""x2"":506.7525634765625,""y2"":289.2309875488281}]"
1050,0.314891,0.7324220005102688,36.34039899952768,0.4526550001173746,37.86132,38.176211,2,"[{""class_id"":0,""class_name"":""ball"",""confidence"":0.9095540642738342,""x1"":308.1416015625,""y1"":283.25701904296875,""x2"":334.1331787109375,""y2"":312.18487548828125},{""class_id"":2,""class_name"":""robot"",""confidence"":0.8346022963523865,""x1"":460.55169677734375,""y1"":200.9398193359375,""x2"":506.72772216796875,""y2"":289.61541748046875}]"
1051,0.322324,0.751216999560711,36.39687200120534,0.45056499948259443,37.94529,38.267614,2,"[{""class_id"":0,""class_name"":""ball"",""confidence"":0.9072989821434021,""x1"":307.99853515625,""y1"":283.2500305175781,""x2"":334.0853271484375,""y2"":312.1052551269531},{""class_id"":2,""class_name"":""robot"",""confidence"":0.8250772356987,""x1"":461.21282958984375,""y1"":201.09185791015625,""x2"":506.32452392578125,""y2"":289.03826904296875}]"
1052,20.204502,0.9041789999173488,34.990382999239955,0.4564600003504893,36.690439,56.894941,2,"[{""class_id"":0,""class_name"":""ball"",""confidence"":0.9102583527565002,""x1"":308.025390625,""y1"":283.332275390625,""x2"":334.1201171875,""y2"":312.1722412109375},{""class_id"":2,""class_name"":""robot"",""confidence"":0.8416353464126587,""x1"":460.18682861328125,""y1"":200.95755004882812,""x2"":506.64813232421875,""y2"":289.4637451171875}]"
1053,0.321776,0.7212840009742649,37.168244998611044,0.4447169994818978,38.702031,39.023807,2,"[{""class_id"":0,""class_name"":""ball"",""confidence"":0.9095556735992432,""x1"":308.0885009765625,""y1"":283.22833251953125,""x2"":334.0848388671875,""y2"":312.04364013671875},{""class_id"":2,""class_name"":""robot"",""confidence"":0.8363789319992065,""x1"":460.20892333984375,""y1"":200.89752197265625,""x2"":506.37005615234375,""y2"":289.326171875}]"
1054,24.270695,0.9022109989018645,41.84533300031035,0.450391999038402,43.576966,67.847661,2,"[{""class_id"":0,""class_name"":""ball"",""confidence"":0.9091149568557739,""x1"":308.11859130859375,""y1"":283.2666320800781,""x2"":333.99237060546875,""y2"":312.0503234863281},{""class_id"":2,""class_name"":""robot"",""confidence"":0.8319545984268188,""x1"":461.1905517578125,""y1"":200.75616455078125,""x2"":506.0458984375,""y2"":289.22149658203125}]"
1055,0.32477,0.7533459993283032,39.18694799904188,0.4520350012171548,40.72284,41.04761,2,"[{""class_id"":0,""class_name"":""ball"",""confidence"":0.906166672706604,""x1"":308.13116455078125,""y1"":283.0804443359375,""x2"":334.08807373046875,""y2"":312.06787109375},{""class_id"":2,""class_name"":""robot"",""confidence"":0.8305509090423584,""x1"":455.88348388671875,""y1"":200.74008178710938,""x2"":507.36773681640625,""y2"":291.3182678222656}]"
1056,15.298122,0.8486149999953341,37.91254300085711,0.450522000392084,39.5634,54.861522,2,"[{""class_id"":0,""class_name"":""ball"",""confidence"":0.9093167781829834,""x1"":308.059326171875,""y1"":283.078125,""x2"":334.128173828125,""y2"":312.0516357421875},{""class_id"":2,""class_name"":""robot"",""confidence"":0.8279241919517517,""x1"":461.23956298828125,""y1"":200.9422607421875,""x2"":506.19830322265625,""y2"":289.3331298828125}]"
1057,0.31775,0.73069999962172,37.63431299921649,0.43007499880332034,39.126016,39.443766,2,"[{""class_id"":0,""class_name"":""ball"",""confidence"":0.9095751047134399,""x1"":307.9929504394531,""y1"":283.26239013671875,""x2"":334.1488952636719,""y2"":312.14239501953125},{""class_id"":2,""class_name"":""robot"",""confidence"":0.8367485404014587,""x1"":460.5338134765625,""y1"":201.08834838867188,""x2"":506.2750244140625,""y2"":288.95751953125}]"
1058,20.938536,0.9709160003694706,35.036917999605066,0.4380349982966436,36.802341,57.740877,2,"[{""class_id"":0,""class_name"":""ball"",""confidence"":0.9104427099227905,""x1"":308.06768798828125,""y1"":283.22296142578125,""x2"":334.11505126953125,""y2"":312.07379150390625},{""class_id"":2,""class_name"":""robot"",""confidence"":0.8275364637374878,""x1"":461.3379821777344,""y1"":200.91046142578125,""x2"":506.3706359863281,""y2"":289.26873779296875}]"
1059,0.351709,0.7675930010009324,35.15443299875187,0.43413999992480967,36.692424,37.044133,2,"[{""class_id"":0,""class_name"":""ball"",""confidence"":0.9112634062767029,""x1"":308.13775634765625,""y1"":283.203857421875,""x2"":334.09234619140625,""y2"":312.062255859375},{""class_id"":2,""class_name"":""robot"",""confidence"":0.8354456424713135,""x1"":460.5526123046875,""y1"":200.91885375976562,""x2"":506.273681640625,""y2"":288.9223327636719}]"
1060,26.146847,0.9352489996672375,43.37939300057769,0.4359340000519296,45.130439,71.277286,2,"[{""class_id"":0,""class_name"":""ball"",""confidence"":0.9136059880256653,""x1"":308.066162109375,""y1"":283.22607421875,""x2"":334.0751953125,""y2"":312.02813720703125},{""class_id"":2,""class_name"":""robot"",""confidence"":0.8358722925186157,""x1"":460.64056396484375,""y1"":200.79293823242188,""x2"":506.47894287109375,""y2"":289.1066589355469}]"
1061,0.320276,0.7927659989945823,36.651491000156966,0.4442019999260083,38.223925,38.544201,2,"[{""class_id"":0,""class_name"":""ball"",""confidence"":0.9071370363235474,""x1"":308.05096435546875,""y1"":283.1940612792969,""x2"":334.12677001953125,""y2"":312.0686340332031},{""class_id"":2,""class_name"":""robot"",""confidence"":0.8292438387870789,""x1"":460.94488525390625,""y1"":200.87350463867188,""x2"":506.41802978515625,""y2"":289.4532775878906}]"
1062,16.365687,0.9490100001130486,35.089168000922655,0.43370400089770555,36.832695,53.198382,2,"[{""class_id"":0,""class_name"":""ball"",""confidence"":0.9080008864402771,""x1"":308.00469970703125,""y1"":283.2467041015625,""x2"":334.26470947265625,""y2"":312.2030029296875},{""class_id"":2,""class_name"":""robot"",""confidence"":0.8281116485595703,""x1"":460.7497253417969,""y1"":200.85195922851562,""x2"":506.1577453613281,""y2"":289.728271484375}]"
1063,0.339037,0.7690880011068657,35.84905099887692,0.4282509999029571,37.381428,37.720465,2,"[{""class_id"":0,""class_name"":""ball"",""confidence"":0.9105798006057739,""x1"":308.0335693359375,""y1"":283.2823486328125,""x2"":334.28851318359375,""y2"":312.005615234375},{""class_id"":2,""class_name"":""robot"",""confidence"":0.8360332250595093,""x1"":460.35986328125,""y1"":201.01654052734375,""x2"":505.9044189453125,""y2"":289.4702453613281}]"
1064,25.330455,0.8812969990685815,41.64137199950346,0.4418580010678852,43.307536,68.637991,2,"[{""class_id"":0,""class_name"":""ball"",""confidence"":0.9110928773880005,""x1"":308.11968994140625,""y1"":283.1475830078125,""x2"":334.22430419921875,""y2"":311.9520263671875},{""class_id"":2,""class_name"":""robot"",""confidence"":0.830336332321167,""x1"":460.4520263671875,""y1"":201.03875732421875,""x2"":506.258544921875,""y2"":290.2261962890625}]"
1065,0.328014,0.7151400004659081,36.950455001715454,0.4340590003266698,38.442463,38.770477,2,"[{""class_id"":0,""class_name"":""ball"",""confidence"":0.9079277515411377,""x1"":308.0218505859375,""y1"":283.3205261230469,""x2"":334.2296142578125,""y2"":312.0088195800781},{""class_id"":2,""class_name"":""robot"",""confidence"":0.8293314576148987,""x1"":460.8061828613281,""y1"":200.946044921875,""x2"":505.9319763183594,""y2"":289.19757080078125}]"
1066,17.993759,0.9018540004035458,35.21263199945679,0.45811100062564947,36.93021,54.923969,2,"[{""class_id"":0,""class_name"":""ball"",""confidence"":0.9105625152587891,""x1"":307.91558837890625,""y1"":283.20294189453125,""x2"":334.12811279296875,""y2"":312.069580078125},{""class_id"":2,""class_name"":""robot"",""confidence"":0.8350437879562378,""x1"":460.65380859375,""y1"":200.9462890625,""x2"":506.18096923828125,""y2"":288.8699951171875}]"
1067,0.320795,0.7157060008466942,36.12664100000984,0.4314230009185849,37.626551000000006,37.947346,2,"[{""class_id"":0,""class_name"":""ball"",""confidence"":0.9084707498550415,""x1"":307.9745178222656,""y1"":283.03704833984375,""x2"":334.1181945800781,""y2"":312.10125732421875},{""class_id"":2,""class_name"":""robot"",""confidence"":0.826117217540741,""x1"":460.3172912597656,""y1"":200.99920654296875,""x2"":505.4580993652344,""y2"":288.81427001953125}]"
1068,24.945328,0.8964729986473685,38.74626200013154,0.44861000060336664,40.439949999999996,65.385278,2,"[{""class_id"":0,""class_name"":""ball"",""confidence"":0.9073391556739807,""x1"":308.0684814453125,""y1"":283.192138671875,""x2"":334.16748046875,""y2"":312.0028076171875},{""class_id"":2,""class_name"":""robot"",""confidence"":0.8312255144119263,""x1"":460.65106201171875,""y1"":200.93167114257812,""x2"":506.29266357421875,""y2"":289.0392761230469}]"
1069,0.32026,0.7039800002530683,35.48027899887529,0.43030400047427975,36.943706000000006,37.263966,2,"[{""class_id"":0,""class_name"":""ball"",""confidence"":0.9109841585159302,""x1"":308.02606201171875,""y1"":283.19091796875,""x2"":334.11761474609375,""y2"":312.0491943359375},{""class_id"":2,""class_name"":""robot"",""confidence"":0.8336315751075745,""x1"":460.8125,""y1"":200.798095703125,""x2"":505.64935302734375,""y2"":289.4023742675781}]"
1070,22.245382,0.9201299999404,38.90836700156797,0.43695000022125896,40.602276,62.847658,2,"[{""class_id"":0,""class_name"":""ball"",""confidence"":0.9121925830841064,""x1"":308.1292724609375,""y1"":283.333251953125,""x2"":333.98016357421875,""y2"":312.186279296875},{""class_id"":2,""class_name"":""robot"",""confidence"":0.8319615721702576,""x1"":460.5433044433594,""y1"":201.08984375,""x2"":506.2784118652344,""y2"":289.58380126953125}]"
1071,0.314515,0.7060339994495735,37.086737000208814,0.4512630002864171,38.5861,38.900615,2,"[{""class_id"":0,""class_name"":""ball"",""confidence"":0.9055179953575134,""x1"":308.0057373046875,""y1"":283.2744140625,""x2"":334.1390380859375,""y2"":312.1688232421875},{""class_id"":2,""class_name"":""robot"",""confidence"":0.8335911631584167,""x1"":461.1334533691406,""y1"":200.92605590820312,""x2"":506.4518127441406,""y2"":288.9287414550781}]"
1072,20.42743,0.9672649994172389,36.08200499911618,0.4963139999745181,37.881363,58.308793,2,"[{""class_id"":0,""class_name"":""ball"",""confidence"":0.9118533730506897,""x1"":308.13531494140625,""y1"":283.18975830078125,""x2"":334.10845947265625,""y2"":312.25372314453125},{""class_id"":2,""class_name"":""robot"",""confidence"":0.8339645862579346,""x1"":460.66082763671875,""y1"":200.82223510742188,""x2"":505.96563720703125,""y2"":289.4224548339844}]"
1073,0.337795,0.7174040001700632,38.776829998823814,0.4523329989751801,40.279225,40.61702,2,"[{""class_id"":0,""class_name"":""ball"",""confidence"":0.911757230758667,""x1"":308.0638427734375,""y1"":283.2061767578125,""x2"":334.0362548828125,""y2"":312.0849609375},{""class_id"":2,""class_name"":""robot"",""confidence"":0.8324263095855713,""x1"":460.24267578125,""y1"":200.93914794921875,""x2"":506.4749755859375,""y2"":289.0300598144531}]"
1074,0.323009,0.7181009987107245,37.26169500077958,0.43226699926890433,38.75366,39.076669,2,"[{""class_id"":0,""class_name"":""ball"",""confidence"":0.9086523056030273,""x1"":308.1182556152344,""y1"":283.22698974609375,""x2"":334.2376403808594,""y2"":312.02557373046875},{""class_id"":2,""class_name"":""robot"",""confidence"":0.8318011164665222,""x1"":460.5179443359375,""y1"":200.97402954101562,""x2"":506.40472412109375,""y2"":289.1614074707031}]"
1075,18.344285,0.8998909997899318,40.232094999737456,0.4394959996716352,41.911657,60.255942,2,"[{""class_id"":0,""class_name"":""ball"",""confidence"":0.9065403938293457,""x1"":307.94317626953125,""y1"":283.1791687011719,""x2"":334.13397216796875,""y2"":312.0799255371094},{""class_id"":2,""class_name"":""robot"",""confidence"":0.8252924680709839,""x1"":460.68206787109375,""y1"":201.03482055664062,""x2"":505.75946044921875,""y2"":289.0473327636719}]"
1076,0.343039,0.7014310012891656,38.721775001249625,0.4317959992476972,40.179738,40.522777,2,"[{""class_id"":0,""class_name"":""ball"",""confidence"":0.9105093479156494,""x1"":307.99139404296875,""y1"":283.123046875,""x2"":334.10931396484375,""y2"":311.9837646484375},{""class_id"":2,""class_name"":""robot"",""confidence"":0.8364746570587158,""x1"":460.365478515625,""y1"":200.94149780273438,""x2"":506.3924560546875,""y2"":289.6124267578125}]"
1077,17.53539,0.8474259993818123,42.19268300039403,0.4353580006863922,43.820422,61.355812,2,"[{""class_id"":0,""class_name"":""ball"",""confidence"":0.9112790822982788,""x1"":308.16668701171875,""y1"":283.24761962890625,""x2"":334.20928955078125,""y2"":311.94573974609375},{""class_id"":2,""class_name"":""robot"",""confidence"":0.8347320556640625,""x1"":460.2250061035156,""y1"":200.82406616210938,""x2"":506.6074523925781,""y2"":289.1026916503906}]"
1078,0.340176,0.816854000731837,34.505446999901324,0.45001000034972094,36.110879,36.451055,2,"[{""class_id"":0,""class_name"":""ball"",""confidence"":0.9099440574645996,""x1"":308.08453369140625,""y1"":283.27728271484375,""x2"":334.21600341796875,""y2"":311.94293212890625},{""class_id"":2,""class_name"":""robot"",""confidence"":0.8353865742683411,""x1"":460.4742431640625,""y1"":200.91543579101562,""x2"":506.79052734375,""y2"":289.3504333496094}]"
1079,19.62074,0.8225250003306428,37.225644000500324,0.43461600034788717,38.816295999999994,58.437036,2,"[{""class_id"":0,""class_name"":""ball"",""confidence"":0.9110562801361084,""x1"":307.9100341796875,""y1"":283.22613525390625,""x2"":334.2176513671875,""y2"":312.07403564453125},{""class_id"":2,""class_name"":""robot"",""confidence"":0.8252893090248108,""x1"":461.2738952636719,""y1"":200.95062255859375,""x2"":506.3478088378906,""y2"":288.88031005859375}]"
1080,0.326562,0.7143410002754536,36.24434399898746,0.4316550002840813,37.722721,38.049283,2,"[{""class_id"":0,""class_name"":""ball"",""confidence"":0.9103078842163086,""x1"":308.0885009765625,""y1"":283.18646240234375,""x2"":334.199462890625,""y2"":312.03326416015625},{""class_id"":2,""class_name"":""robot"",""confidence"":0.8308480381965637,""x1"":460.9432373046875,""y1"":200.79904174804688,""x2"":505.77606201171875,""y2"":289.1102600097656}]"
1081,23.065837,0.9051249999174615,36.40825200091058,0.43412099876150023,38.103694000000004,61.169531,2,"[{""class_id"":0,""class_name"":""ball"",""confidence"":0.9097581505775452,""x1"":308.03619384765625,""y1"":283.378173828125,""x2"":334.2421875,""y2"":312.1641845703125},{""class_id"":2,""class_name"":""robot"",""confidence"":0.8285595774650574,""x1"":455.8967590332031,""y1"":200.90609741210938,""x2"":507.1039123535156,""y2"":290.55999755859375}]"
1082,0.319277,0.654499999654945,39.221385999553604,0.43598299998848233,40.649796,40.969073,2,"[{""class_id"":0,""class_name"":""ball"",""confidence"":0.9090060591697693,""x1"":308.02520751953125,""y1"":283.2510986328125,""x2"":334.20404052734375,""y2"":312.0186767578125},{""class_id"":2,""class_name"":""robot"",""confidence"":0.828895628452301,""x1"":455.38421630859375,""y1"":200.70938110351562,""x2"":506.99774169921875,""y2"":290.4701232910156}]"
1083,21.013195,0.8320679989992641,37.34643100142421,0.43454299884615466,38.95361200000001,59.966807,2,"[{""class_id"":0,""class_name"":""ball"",""confidence"":0.9111736416816711,""x1"":308.1583251953125,""y1"":283.28564453125,""x2"":334.0623779296875,""y2"":312.082763671875},{""class_id"":2,""class_name"":""robot"",""confidence"":0.8269649744033813,""x1"":456.0087890625,""y1"":200.79592895507812,""x2"":506.9522705078125,""y2"":290.61334228515625}]"
1084,0.325025,0.7315339989872882,37.27806300048542,0.4566610004985705,38.79659,39.121615,2,"[{""class_id"":0,""class_name"":""ball"",""confidence"":0.907876193523407,""x1"":308.1297912597656,""y1"":283.2394104003906,""x2"":334.2060241699219,""y2"":311.9975280761719},{""class_id"":2,""class_name"":""robot"",""confidence"":0.8381249308586121,""x1"":460.13397216796875,""y1"":200.80178833007812,""x2"":506.36614990234375,""y2"":289.54486083984375}]"
1085,21.681646,0.8774409998295596,37.30706300120801,0.44131799950264394,38.970935,60.652581,2,"[{""class_id"":0,""class_name"":""ball"",""confidence"":0.9075109362602234,""x1"":307.96868896484375,""y1"":283.1688232421875,""x2"":334.29754638671875,""y2"":312.1983642578125},{""class_id"":2,""class_name"":""robot"",""confidence"":0.8404616117477417,""x1"":460.25677490234375,""y1"":200.904052734375,""x2"":506.75238037109375,""y2"":289.5677490234375}]"
1086,0.327997,0.8592770009272499,35.64235300109431,0.4298630010453053,37.267424999999996,37.595422,2,"[{""class_id"":0,""class_name"":""ball"",""confidence"":0.9060438871383667,""x1"":308.1455383300781,""y1"":283.23095703125,""x2"":334.1277160644531,""y2"":312.00335693359375},{""class_id"":2,""class_name"":""robot"",""confidence"":0.8368017077445984,""x1"":460.26617431640625,""y1"":200.99169921875,""x2"":506.24029541015625,""y2"":289.6684875488281}]"
1087,23.384481,0.8463249996566446,38.21666499970888,0.5357840000215219,39.937722,63.322203,2,"[{""class_id"":0,""class_name"":""ball"",""confidence"":0.9127705693244934,""x1"":308.02886962890625,""y1"":283.1284484863281,""x2"":334.09576416015625,""y2"":312.1596984863281},{""class_id"":2,""class_name"":""robot"",""confidence"":0.8320596814155579,""x1"":455.74664306640625,""y1"":200.75564575195312,""x2"":507.87591552734375,""y2"":290.4349365234375}]"
1088,0.339934,0.7238189991767285,37.62635299972317,0.43764499969256576,39.121587,39.461521,2,"[{""class_id"":0,""class_name"":""ball"",""confidence"":0.9097152352333069,""x1"":307.912109375,""y1"":283.0923767089844,""x2"":334.15625,""y2"":311.9481506347656},{""class_id"":2,""class_name"":""robot"",""confidence"":0.831362247467041,""x1"":460.36444091796875,""y1"":200.92254638671875,""x2"":506.38861083984375,""y2"":289.64422607421875}]"
1089,20.502414,0.8739980003156234,37.05093600001419,0.42760100041050464,38.698512,59.200926,2,"[{""class_id"":0,""class_name"":""ball"",""confidence"":0.909563422203064,""x1"":308.07623291015625,""y1"":283.1656799316406,""x2"":334.16888427734375,""y2"":312.0376892089844},{""class_id"":2,""class_name"":""robot"",""confidence"":0.8406667113304138,""x1"":460.3667907714844,""y1"":200.9560546875,""x2"":506.3982238769531,""y2"":288.9032897949219}]"
1090,0.327708,0.697951998517965,34.62212299928069,0.4253289989719633,36.094757,36.422465,2,"[{""class_id"":0,""class_name"":""ball"",""confidence"":0.9071463346481323,""x1"":308.0893859863281,""y1"":283.25091552734375,""x2"":334.1504211425781,""y2"":312.11297607421875},{""class_id"":2,""class_name"":""robot"",""confidence"":0.8324028253555298,""x1"":460.817138671875,""y1"":200.85711669921875,""x2"":506.15087890625,""y2"":289.01702880859375}]"
1091,24.817948,0.8861039987095864,39.742941000440624,0.45355200018093456,41.42551,66.243458,2,"[{""class_id"":0,""class_name"":""ball"",""confidence"":0.9102131128311157,""x1"":308.0347900390625,""y1"":283.26641845703125,""x2"":334.1741943359375,""y2"":312.16949462890625},{""class_id"":2,""class_name"":""robot"",""confidence"":0.833041250705719,""x1"":460.16119384765625,""y1"":200.81655883789062,""x2"":505.80126953125,""y2"":289.3656311035156}]"
1092,0.320387,0.7510120012739208,37.393532000351115,0.4346650002844399,38.910313,39.2307,2,"[{""class_id"":0,""class_name"":""ball"",""confidence"":0.9116366505622864,""x1"":308.07342529296875,""y1"":283.30548095703125,""x2"":334.1805419921875,""y2"":312.1273193359375},{""class_id"":2,""class_name"":""robot"",""confidence"":0.8264099359512329,""x1"":461.12750244140625,""y1"":200.91818237304688,""x2"":506.4783935546875,""y2"":289.1550598144531}]"
1093,19.300207,1.0141709990421077,36.21752800063405,0.599169001361588,38.193355,57.493562,2,"[{""class_id"":0,""class_name"":""ball"",""confidence"":0.9095206260681152,""x1"":308.042236328125,""y1"":283.083740234375,""x2"":334.2535400390625,""y2"":312.062744140625},{""class_id"":2,""class_name"":""robot"",""confidence"":0.8318738341331482,""x1"":460.8526306152344,""y1"":201.004638671875,""x2"":506.7081604003906,""y2"":289.3791198730469}]"
1094,0.323849,0.7324449998122873,36.56481200050621,0.4298369985917816,38.059748,38.383597,2,"[{""class_id"":0,""class_name"":""ball"",""confidence"":0.9106925129890442,""x1"":308.0906066894531,""y1"":283.2216796875,""x2"":334.0658264160156,""y2"":312.055908203125},{""class_id"":2,""class_name"":""robot"",""confidence"":0.8289897441864014,""x1"":461.08050537109375,""y1"":200.98849487304688,""x2"":505.97259521484375,""y2"":288.7882995605469}]"
1095,0.318732,0.6920449995959643,35.45857800054364,0.4327079986978788,36.920554,37.239286,2,"[{""class_id"":0,""class_name"":""ball"",""confidence"":0.9045717120170593,""x1"":307.9864501953125,""y1"":283.08624267578125,""x2"":334.09619140625,""y2"":312.05194091796875},{""class_id"":2,""class_name"":""robot"",""confidence"":0.8361716866493225,""x1"":455.6687316894531,""y1"":200.61474609375,""x2"":507.8344421386719,""y2"":290.6534423828125}]"
1096,22.100475,0.8491110002069036,39.2771860006178,0.42700599988165777,40.881327,62.981802,2,"[{""class_id"":0,""class_name"":""ball"",""confidence"":0.9127501249313354,""x1"":308.0084228515625,""y1"":283.1681213378906,""x2"":334.0985107421875,""y2"":312.1221008300781},{""class_id"":2,""class_name"":""robot"",""confidence"":0.8212594985961914,""x1"":456.6754150390625,""y1"":200.82208251953125,""x2"":506.999755859375,""y2"":290.30059814453125}]"
1097,0.335365,0.7154799986892613,35.05392800070695,0.4301030003261985,36.525954,36.861319,2,"[{""class_id"":0,""class_name"":""ball"",""confidence"":0.9127405881881714,""x1"":308.1882629394531,""y1"":283.19659423828125,""x2"":334.2445983886719,""y2"":312.20159912109375},{""class_id"":2,""class_name"":""robot"",""confidence"":0.8273702263832092,""x1"":460.79901123046875,""y1"":200.92205810546875,""x2"":506.14739990234375,""y2"":289.1163635253906}]"
1098,22.203206,0.9027779997268226,40.74702900106786,0.44446299943956546,42.426376999999995,64.629583,2,"[{""class_id"":0,""class_name"":""ball"",""confidence"":0.9090744256973267,""x1"":308.0399475097656,""y1"":283.227783203125,""x2"":334.3074035644531,""y2"":312.130615234375},{""class_id"":2,""class_name"":""robot"",""confidence"":0.8264917731285095,""x1"":456.10760498046875,""y1"":200.6865234375,""x2"":506.91192626953125,""y2"":290.29705810546875}]"
1099,0.320123,0.723970999388257,38.44010899956629,0.43755199840234127,39.94065,40.260773,2,"[{""class_id"":0,""class_name"":""ball"",""confidence"":0.9088327288627625,""x1"":308.0668640136719,""y1"":283.2403259277344,""x2"":334.0257263183594,""y2"":312.0801086425781},{""class_id"":2,""class_name"":""robot"",""confidence"":0.8415806293487549,""x1"":459.9666748046875,""y1"":200.98715209960938,""x2"":506.51513671875,""y2"":289.2935485839844}]"
1100,17.340536,0.8857309985614847,38.83995800060802,0.438875998952426,40.48989,57.830426,2,"[{""class_id"":0,""class_name"":""ball"",""confidence"":0.9088481068611145,""x1"":308.1009216308594,""y1"":283.185302734375,""x2"":334.1014709472656,""y2"":311.96075439453125},{""class_id"":2,""class_name"":""robot"",""confidence"":0.8353005051612854,""x1"":460.36480712890625,""y1"":200.93051147460938,""x2"":506.48431396484375,""y2"":289.3929138183594}]"
1101,0.321379,0.7344610003201524,35.70330599904992,0.4445320009835996,37.229066,37.550445,2,"[{""class_id"":0,""class_name"":""ball"",""confidence"":0.9091543555259705,""x1"":307.929931640625,""y1"":283.1570739746094,""x2"":334.102294921875,""y2"":312.0790100097656},{""class_id"":2,""class_name"":""robot"",""confidence"":0.8370034694671631,""x1"":460.2991943359375,""y1"":201.1787109375,""x2"":506.43707275390625,""y2"":289.8050537109375}]"
1102,21.756623,0.8601590016041882,37.59679200084065,0.44906400034960825,39.253254,61.009877,2,"[{""class_id"":0,""class_name"":""ball"",""confidence"":0.9081978797912598,""x1"":308.12054443359375,""y1"":283.1673278808594,""x2"":334.07366943359375,""y2"":311.9877014160156},{""class_id"":2,""class_name"":""robot"",""confidence"":0.8262044191360474,""x1"":460.85882568359375,""y1"":201.0042724609375,""x2"":505.833984375,""y2"":289.2331237792969}]"
1103,0.331653,0.6947840010980144,34.44780500103661,0.503942001159885,35.994786999999995,36.32644,2,"[{""class_id"":0,""class_name"":""ball"",""confidence"":0.9074528813362122,""x1"":307.9945983886719,""y1"":283.231201171875,""x2"":334.1510925292969,""y2"":311.96533203125},{""class_id"":2,""class_name"":""robot"",""confidence"":0.8149063587188721,""x1"":461.40545654296875,""y1"":200.96035766601562,""x2"":505.83416748046875,""y2"":288.8542785644531}]"
1104,24.314516,0.8638479994260706,43.59167700022226,0.4476249996514525,45.245526,69.560042,2,"[{""class_id"":0,""class_name"":""ball"",""confidence"":0.9109199643135071,""x1"":307.9252014160156,""y1"":283.1639709472656,""x2"":334.1000671386719,""y2"":312.1025695800781},{""class_id"":2,""class_name"":""robot"",""confidence"":0.8304845094680786,""x1"":461.5826416015625,""y1"":200.75189208984375,""x2"":506.400146484375,""y2"":289.1939697265625}]"
1105,0.324115,0.7000810001045465,35.00037800040445,0.42844599920499604,36.477831,36.801946,2,"[{""class_id"":0,""class_name"":""ball"",""confidence"":0.911595344543457,""x1"":308.16522216796875,""y1"":283.1688232421875,""x2"":334.0887451171875,""y2"":312.0963134765625},{""class_id"":2,""class_name"":""robot"",""confidence"":0.8327049612998962,""x1"":460.7344970703125,""y1"":200.95932006835938,""x2"":506.4041748046875,""y2"":289.0727844238281}]"
1106,17.896912,0.8648269995319424,36.75978200044483,0.43950700091954786,38.399695,56.296607,2,"[{""class_id"":0,""class_name"":""ball"",""confidence"":0.9074155688285828,""x1"":308.0020446777344,""y1"":283.18280029296875,""x2"":334.1997985839844,""y2"":312.0120849609375},{""class_id"":2,""class_name"":""robot"",""confidence"":0.831744372844696,""x1"":460.53155517578125,""y1"":201.11636352539062,""x2"":506.37615966796875,""y2"":288.75408935546875}]"
1107,0.312618,0.7055059995764168,34.142953001719434,0.43578500117291696,35.617427,35.930045,2,"[{""class_id"":0,""class_name"":""ball"",""confidence"":0.9094722270965576,""x1"":308.0777587890625,""y1"":283.18408203125,""x2"":334.068359375,""y2"":312.0548095703125},{""class_id"":2,""class_name"":""robot"",""confidence"":0.8257657885551453,""x1"":461.01080322265625,""y1"":200.87026977539062,""x2"":505.96002197265625,""y2"":288.9021911621094}]"
1108,25.583681,0.8326379993377486,43.82707399963692,0.4552749996946659,45.463143,71.046824,2,"[{""class_id"":0,""class_name"":""ball"",""confidence"":0.909429132938385,""x1"":307.99755859375,""y1"":283.1610107421875,""x2"":334.1376953125,""y2"":312.0518798828125},{""class_id"":2,""class_name"":""robot"",""confidence"":0.8309901356697083,""x1"":460.58551025390625,""y1"":200.848876953125,""x2"":506.114013671875,""y2"":289.2540283203125}]"
1109,0.322056,0.7154089998948621,36.11166399969079,0.4487940004764823,37.605782,37.927838,2,"[{""class_id"":0,""class_name"":""ball"",""confidence"":0.9084656238555908,""x1"":308.02569580078125,""y1"":283.31927490234375,""x2"":334.18902587890625,""y2"":312.0814208984375},{""class_id"":2,""class_name"":""robot"",""confidence"":0.8381689786911011,""x1"":459.93804931640625,""y1"":200.862548828125,""x2"":506.445556640625,""y2"":289.50506591796875}]"
1110,16.720682,0.7948900001792936,36.04169900063425,0.43206099871895276,37.608136,54.328818,2,"[{""class_id"":0,""class_name"":""ball"",""confidence"":0.9094250798225403,""x1"":308.154052734375,""y1"":283.22161865234375,""x2"":334.116943359375,""y2"":312.0526123046875},{""class_id"":2,""class_name"":""robot"",""confidence"":0.8267530202865601,""x1"":461.213134765625,""y1"":201.13925170898438,""x2"":506.12744140625,""y2"":289.46539306640625}]"
1111,0.31781,0.6779520008421969,36.20473600130936,0.4494439999689348,37.668566,37.986376,2,"[{""class_id"":0,""class_name"":""ball"",""confidence"":0.9102298021316528,""x1"":307.97119140625,""y1"":283.103759765625,""x2"":334.111083984375,""y2"":312.07952880859375},{""class_id"":2,""class_name"":""robot"",""confidence"":0.8333969116210938,""x1"":460.709716796875,""y1"":200.92755126953125,""x2"":506.04547119140625,""y2"":289.16156005859375}]"
1112,24.238049,0.8342790006281575,41.92248100116558,0.4541689995676279,43.545653,67.783702,2,"[{""class_id"":0,""class_name"":""ball"",""confidence"":0.9117090702056885,""x1"":308.08990478515625,""y1"":283.2353820800781,""x2"":334.21246337890625,""y2"":312.2550354003906},{""class_id"":2,""class_name"":""robot"",""confidence"":0.8432314991950989,""x1"":459.69879150390625,""y1"":200.87033081054688,""x2"":506.69146728515625,""y2"":289.6085510253906}]"
1113,0.319687,0.7261530008690897,40.07541300052253,0.455707000583061,41.593613,41.9133,2,"[{""class_id"":0,""class_name"":""ball"",""confidence"":0.9078616499900818,""x1"":308.004150390625,""y1"":283.36627197265625,""x2"":334.13427734375,""y2"":312.20819091796875},{""class_id"":2,""class_name"":""robot"",""confidence"":0.8325213193893433,""x1"":460.5384216308594,""y1"":200.90121459960938,""x2"":506.1304016113281,""y2"":289.49835205078125}]"
1114,14.408634,0.8801180010777898,37.404606000563945,0.44310700104688294,39.128241,53.536875,2,"[{""class_id"":0,""class_name"":""ball"",""confidence"":0.9074782133102417,""x1"":308.0429382324219,""y1"":283.29608154296875,""x2"":334.2325134277344,""y2"":312.21343994140625},{""class_id"":2,""class_name"":""robot"",""confidence"":0.837874174118042,""x1"":460.63946533203125,""y1"":200.98074340820312,""x2"":506.41229248046875,""y2"":289.388916015625}]"
1115,0.321974,0.7529940012318548,37.14309700080776,0.439769000877277,38.677110000000006,38.999084,2,"[{""class_id"":0,""class_name"":""ball"",""confidence"":0.9155455231666565,""x1"":308.0549011230469,""y1"":283.1856689453125,""x2"":334.2751770019531,""y2"":312.3060302734375},{""class_id"":2,""class_name"":""robot"",""confidence"":0.8254144787788391,""x1"":461.35260009765625,""y1"":200.79782104492188,""x2"":506.33929443359375,""y2"":289.3079833984375}]"
1116,0.327577,0.9324109996668994,39.18532599891478,0.4535870011750376,40.907257,41.234834,2,"[{""class_id"":0,""class_name"":""ball"",""confidence"":0.9121763110160828,""x1"":308.1241760253906,""y1"":283.318359375,""x2"":334.1777648925781,""y2"":312.071533203125},{""class_id"":2,""class_name"":""robot"",""confidence"":0.8300434947013855,""x1"":460.8342590332031,""y1"":200.83062744140625,""x2"":506.2403869628906,""y2"":289.24310302734375}]"
1117,16.525991,1.065844000549987,39.14444599831768,0.4365859986137366,41.01293,57.538921,2,"[{""class_id"":0,""class_name"":""ball"",""confidence"":0.9116415977478027,""x1"":308.1377868652344,""y1"":283.227294921875,""x2"":334.1885681152344,""y2"":311.9676513671875},{""class_id"":2,""class_name"":""robot"",""confidence"":0.8331908583641052,""x1"":460.3812561035156,""y1"":200.9212646484375,""x2"":506.0362854003906,""y2"":289.38507080078125}]"
1118,0.317015,0.7245119995786808,35.12748399953125,0.4331719992478611,36.615695,36.93271,2,"[{""class_id"":0,""class_name"":""ball"",""confidence"":0.9108175039291382,""x1"":308.144287109375,""y1"":283.2886657714844,""x2"":334.18798828125,""y2"":312.2906188964844},{""class_id"":2,""class_name"":""robot"",""confidence"":0.8256001472473145,""x1"":456.08953857421875,""y1"":200.86285400390625,""x2"":507.17840576171875,""y2"":290.79925537109375}]"
1119,22.15649,0.832389001516276,38.4146199994575,0.6545469987031538,40.28293599999999,62.439426,2,"[{""class_id"":0,""class_name"":""ball"",""confidence"":0.9114778637886047,""x1"":308.07293701171875,""y1"":283.271240234375,""x2"":334.35003662109375,""y2"":312.219970703125},{""class_id"":2,""class_name"":""robot"",""confidence"":0.837195098400116,""x1"":460.293212890625,""y1"":200.97601318359375,""x2"":506.25250244140625,""y2"":289.15313720703125}]"
1120,0.33684,0.7336570015468169,36.5057330000127,0.487659001009888,38.089833,38.426673,2,"[{""class_id"":0,""class_name"":""ball"",""confidence"":0.9114675521850586,""x1"":308.1053466796875,""y1"":283.32598876953125,""x2"":334.1842041015625,""y2"":312.09442138671875},{""class_id"":2,""class_name"":""robot"",""confidence"":0.8362727761268616,""x1"":460.460693359375,""y1"":201.010986328125,""x2"":506.156494140625,""y2"":289.54351806640625}]"
1121,21.104719,0.8852860009938013,37.48509399883915,0.6556869993801229,39.403535000000005,60.508254,2,"[{""class_id"":0,""class_name"":""ball"",""confidence"":0.9085823893547058,""x1"":308.12371826171875,""y1"":283.12164306640625,""x2"":334.07550048828125,""y2"":311.97906494140625},{""class_id"":2,""class_name"":""robot"",""confidence"":0.8336506485939026,""x1"":455.6990966796875,""y1"":200.63961791992188,""x2"":507.3001708984375,""y2"":290.4424743652344}]"
1122,0.399449,0.9145149997493718,37.02327300015895,0.4445300000952557,38.840388000000004,39.239837,2,"[{""class_id"":0,""class_name"":""ball"",""confidence"":0.9070870876312256,""x1"":308.0162048339844,""y1"":283.22662353515625,""x2"":334.1576843261719,""y2"":311.98126220703125},{""class_id"":2,""class_name"":""robot"",""confidence"":0.8247248530387878,""x1"":461.12579345703125,""y1"":201.0404052734375,""x2"":505.98333740234375,""y2"":289.15960693359375}]"
1123,21.236864,0.9762059999047779,37.903787999312044,0.6170880005811341,39.89148899999999,61.128353,2,"[{""class_id"":0,""class_name"":""ball"",""confidence"":0.9083513021469116,""x1"":307.98895263671875,""y1"":283.12677001953125,""x2"":334.08099365234375,""y2"":312.12823486328125},{""class_id"":2,""class_name"":""robot"",""confidence"":0.8359139561653137,""x1"":460.15887451171875,""y1"":201.13400268554688,""x2"":506.3382568359375,""y2"":289.34600830078125}]"
1124,0.399355,0.7581619993288768,39.11043400148628,0.4254770010447828,40.693289,41.092644,2,"[{""class_id"":0,""class_name"":""ball"",""confidence"":0.9058323502540588,""x1"":308.05816650390625,""y1"":283.1654968261719,""x2"":334.0831298828125,""y2"":311.9649353027344},{""class_id"":2,""class_name"":""robot"",""confidence"":0.829465925693512,""x1"":455.93572998046875,""y1"":200.84002685546875,""x2"":507.472412109375,""y2"":290.04071044921875}]"
1125,18.808786,0.8576649997849017,36.787897000976955,0.444306000645156,38.477182,57.285968,2,"[{""class_id"":0,""class_name"":""ball"",""confidence"":0.9072504043579102,""x1"":308.18829345703125,""y1"":283.120361328125,""x2"":334.21429443359375,""y2"":311.86431884765625},{""class_id"":2,""class_name"":""robot"",""confidence"":0.8354695439338684,""x1"":460.68048095703125,""y1"":200.98208618164062,""x2"":506.23870849609375,""y2"":289.28497314453125}]"
1126,0.45953,0.7700919995841105,37.969232000250486,0.44478900053945836,39.565948,40.025478,2,"[{""class_id"":0,""class_name"":""ball"",""confidence"":0.9111831188201904,""x1"":308.11126708984375,""y1"":283.2186279296875,""x2"":334.21331787109375,""y2"":312.0380859375},{""class_id"":2,""class_name"":""robot"",""confidence"":0.8347579836845398,""x1"":460.517333984375,""y1"":200.93716430664062,""x2"":506.353271484375,""y2"":289.0237731933594}]"
1127,21.573352,0.8539409991499269,37.42578799938201,0.5483660006575519,39.179161,60.752513,2,"[{""class_id"":0,""class_name"":""ball"",""confidence"":0.908872127532959,""x1"":308.1334228515625,""y1"":283.2598876953125,""x2"":334.11474609375,""y2"":311.950927734375},{""class_id"":2,""class_name"":""robot"",""confidence"":0.8362512588500977,""x1"":460.5511474609375,""y1"":200.91067504882812,""x2"":506.8658447265625,""y2"":289.522216796875}]"
1128,0.330556,0.8201050004572608,36.74133999993501,0.4335909998189891,38.326203,38.656759,2,"[{""class_id"":0,""class_name"":""ball"",""confidence"":0.9065374732017517,""x1"":308.09161376953125,""y1"":283.2069396972656,""x2"":334.13116455078125,""y2"":312.0275573730469},{""class_id"":2,""class_name"":""robot"",""confidence"":0.8318955898284912,""x1"":460.63336181640625,""y1"":200.96563720703125,""x2"":506.15997314453125,""y2"":289.647216796875}]"
1129,21.971124,0.8665910008858191,39.97224399972765,0.4499259994190652,41.645481000000004,63.616605,2,"[{""class_id"":0,""class_name"":""ball"",""confidence"":0.91072016954422,""x1"":308.0863037109375,""y1"":283.14447021484375,""x2"":334.16119384765625,""y2"":312.09796142578125},{""class_id"":2,""class_name"":""robot"",""confidence"":0.8388457298278809,""x1"":460.69140625,""y1"":201.02099609375,""x2"":506.92742919921875,""y2"":289.7518005371094}]"
1130,0.312951,0.7109560010576388,36.37804400023015,0.4483480006456375,37.875351,38.188302,2,"[{""class_id"":0,""class_name"":""ball"",""confidence"":0.9106826186180115,""x1"":308.09375,""y1"":283.3171691894531,""x2"":334.1500244140625,""y2"":312.0813293457031},{""class_id"":2,""class_name"":""robot"",""confidence"":0.8289287686347961,""x1"":460.58349609375,""y1"":200.83511352539062,""x2"":506.436279296875,""y2"":288.7874755859375}]"
1131,20.182296,0.8574499988753814,34.91847799887182,0.43976999950245954,36.571104999999996,56.753401,2,"[{""class_id"":0,""class_name"":""ball"",""confidence"":0.9112944006919861,""x1"":308.1149597167969,""y1"":283.19976806640625,""x2"":334.1682434082031,""y2"":312.0146484375},{""class_id"":2,""class_name"":""robot"",""confidence"":0.8302244544029236,""x1"":460.71392822265625,""y1"":200.736328125,""x2"":506.37908935546875,""y2"":288.99169921875}]"
1132,0.327225,0.6407500004570466,35.138049999659415,0.4515450000326382,36.577235,36.90446,2,"[{""class_id"":0,""class_name"":""ball"",""confidence"":0.9118744730949402,""x1"":308.09722900390625,""y1"":283.306884765625,""x2"":334.21453857421875,""y2"":312.1524658203125},{""class_id"":2,""class_name"":""robot"",""confidence"":0.832210123538971,""x1"":455.67120361328125,""y1"":200.93716430664062,""x2"":507.474853515625,""y2"":290.3753356933594}]"
1133,26.374913,0.8740180001041153,44.4900790007523,0.4294830014259787,46.157770000000006,72.532683,2,"[{""class_id"":0,""class_name"":""ball"",""confidence"":0.9065470695495605,""x1"":308.18463134765625,""y1"":283.2135009765625,""x2"":334.10504150390625,""y2"":311.9805908203125},{""class_id"":2,""class_name"":""robot"",""confidence"":0.8260945677757263,""x1"":461.12335205078125,""y1"":200.88925170898438,""x2"":506.05853271484375,""y2"":289.3600769042969}]"
1134,0.317482,0.7302600006369175,36.42538599888212,0.44919199899595696,37.949636000000005,38.267118,2,"[{""class_id"":0,""class_name"":""ball"",""confidence"":0.9103643894195557,""x1"":308.0540771484375,""y1"":283.20172119140625,""x2"":334.03955078125,""y2"":312.02301025390625},{""class_id"":2,""class_name"":""robot"",""confidence"":0.8270247578620911,""x1"":455.9304504394531,""y1"":200.79476928710938,""x2"":507.3028869628906,""y2"":290.43865966796875}]"
1135,15.605528,0.8580809990235139,37.609085000440245,0.6395110012817895,39.467772000000004,55.0733,2,"[{""class_id"":0,""class_name"":""ball"",""confidence"":0.9083308577537537,""x1"":308.1517333984375,""y1"":283.256103515625,""x2"":334.11370849609375,""y2"":312.0718994140625},{""class_id"":2,""class_name"":""robot"",""confidence"":0.8362499475479126,""x1"":460.74237060546875,""y1"":200.92953491210938,""x2"":506.413818359375,""y2"":289.2259521484375}]"
1136,0.356045,1.0114759988937294,36.28830100024061,0.4308990010031266,38.131111,38.487156,2,"[{""class_id"":0,""class_name"":""ball"",""confidence"":0.9084329605102539,""x1"":308.03076171875,""y1"":283.0780334472656,""x2"":334.1224365234375,""y2"":312.1085510253906},{""class_id"":2,""class_name"":""robot"",""confidence"":0.8322315216064453,""x1"":460.35125732421875,""y1"":200.99673461914062,""x2"":506.20196533203125,""y2"":290.00506591796875}]"
1137,22.038279,0.8672309995745309,36.516492000373546,0.4460010004549986,38.209737000000004,60.248016,2,"[{""class_id"":0,""class_name"":""ball"",""confidence"":0.9109224081039429,""x1"":308.0340881347656,""y1"":283.23095703125,""x2"":334.1545715332031,""y2"":312.0592041015625},{""class_id"":2,""class_name"":""robot"",""confidence"":0.8360156416893005,""x1"":460.2115478515625,""y1"":201.24493408203125,""x2"":506.614501953125,""y2"":289.0343933105469}]"
1138,0.476513,0.8754800001042895,36.69025999988662,0.437253000200144,38.416158,38.892671,2,"[{""class_id"":0,""class_name"":""ball"",""confidence"":0.9072481393814087,""x1"":308.1619873046875,""y1"":283.3335876464844,""x2"":334.2906494140625,""y2"":312.1441345214844},{""class_id"":2,""class_name"":""robot"",""confidence"":0.8322358131408691,""x1"":460.6434326171875,""y1"":200.88137817382812,""x2"":506.359130859375,""y2"":289.4473571777344}]"
1139,22.690814,0.8581559995946009,38.33149899946875,0.5888649993721629,40.189893999999995,62.880708,2,"[{""class_id"":0,""class_name"":""ball"",""confidence"":0.9085634350776672,""x1"":307.9916687011719,""y1"":283.19073486328125,""x2"":334.2144470214844,""y2"":312.00738525390625},{""class_id"":2,""class_name"":""robot"",""confidence"":0.8361155986785889,""x1"":460.578369140625,""y1"":200.88815307617188,""x2"":506.3819580078125,""y2"":289.162841796875}]"
1140,0.384335,0.7682790001126705,39.6927149995463,0.4457239992916584,41.268146,41.652481,2,"[{""class_id"":0,""class_name"":""ball"",""confidence"":0.9083881974220276,""x1"":308.0685119628906,""y1"":283.16082763671875,""x2"":334.1932678222656,""y2"":312.02166748046875},{""class_id"":2,""class_name"":""robot"",""confidence"":0.8339938521385193,""x1"":460.50531005859375,""y1"":200.82797241210938,""x2"":506.23321533203125,""y2"":289.0236511230469}]"
1141,18.197552,0.8777799994277302,36.49421699992672,0.4503759992076084,38.169987,56.367539,2,"[{""class_id"":0,""class_name"":""ball"",""confidence"":0.9154456257820129,""x1"":308.04351806640625,""y1"":283.3117370605469,""x2"":334.08074951171875,""y2"":312.0919494628906},{""class_id"":2,""class_name"":""robot"",""confidence"":0.8275622725486755,""x1"":460.9949951171875,""y1"":200.8873291015625,""x2"":506.237548828125,""y2"":289.4300537109375}]"
1142,0.377682,1.0367569993832149,36.960383999030455,0.44854299994767644,38.840015,39.217697,2,"[{""class_id"":0,""class_name"":""ball"",""confidence"":0.91254061460495,""x1"":307.9822692871094,""y1"":283.2070007324219,""x2"":334.1650695800781,""y2"":312.1247863769531},{""class_id"":2,""class_name"":""robot"",""confidence"":0.8326970934867859,""x1"":460.50421142578125,""y1"":200.9794921875,""x2"":506.08624267578125,""y2"":289.6275634765625}]"
1143,0.322886,0.8611070006736554,34.810148001270136,0.4424399994604755,36.440806,36.763692,2,"[{""class_id"":0,""class_name"":""ball"",""confidence"":0.9086970686912537,""x1"":307.9873046875,""y1"":283.2546691894531,""x2"":334.30029296875,""y2"":311.9341735839844},{""class_id"":2,""class_name"":""robot"",""confidence"":0.8293877840042114,""x1"":460.5233154296875,""y1"":200.7017822265625,""x2"":506.14910888671875,""y2"":289.4227294921875}]"
1144,21.902977,0.8351149990630802,37.75663099986559,0.46757699965382926,39.405864,61.308841,2,"[{""class_id"":0,""class_name"":""ball"",""confidence"":0.9102416038513184,""x1"":307.9627685546875,""y1"":283.24774169921875,""x2"":334.26885986328125,""y2"":311.94305419921875},{""class_id"":2,""class_name"":""robot"",""confidence"":0.8376542329788208,""x1"":460.48773193359375,""y1"":200.98617553710938,""x2"":506.44476318359375,""y2"":289.2312316894531}]"
1145,0.321906,0.7133090002753306,36.490106000201195,0.4345979996287497,37.975972,38.297878,2,"[{""class_id"":0,""class_name"":""ball"",""confidence"":0.9073578119277954,""x1"":307.97601318359375,""y1"":283.35980224609375,""x2"":334.25323486328125,""y2"":312.111083984375},{""class_id"":2,""class_name"":""robot"",""confidence"":0.8306172490119934,""x1"":456.24139404296875,""y1"":200.83047485351562,""x2"":507.3397216796875,""y2"":290.41021728515625}]"
1146,22.204986,0.8437290016445331,40.711743000429124,0.538602000233368,42.50671199999999,64.711698,2,"[{""class_id"":0,""class_name"":""ball"",""confidence"":0.9105103015899658,""x1"":308.0624694824219,""y1"":283.1573181152344,""x2"":334.2105407714844,""y2"":312.1133117675781},{""class_id"":2,""class_name"":""robot"",""confidence"":0.832237184047699,""x1"":460.86669921875,""y1"":201.07208251953125,""x2"":505.99517822265625,""y2"":289.7337646484375}]"
1147,0.460845,0.770107999414904,36.2758869996469,0.43726799958676565,37.894152,38.354997,2,"[{""class_id"":0,""class_name"":""ball"",""confidence"":0.9098494648933411,""x1"":307.9471435546875,""y1"":283.2060241699219,""x2"":334.14324951171875,""y2"":312.1389465332031},{""class_id"":2,""class_name"":""robot"",""confidence"":0.8333526849746704,""x1"":461.09808349609375,""y1"":200.96420288085938,""x2"":506.93096923828125,""y2"":289.5704650878906}]"
1148,19.030647,0.8519290004187496,39.36737600088236,0.4318610008340329,41.01169900000001,60.042346,2,"[{""class_id"":0,""class_name"":""ball"",""confidence"":0.908216655254364,""x1"":308.07745361328125,""y1"":283.1627197265625,""x2"":334.09979248046875,""y2"":312.04034423828125},{""class_id"":2,""class_name"":""robot"",""confidence"":0.8311903476715088,""x1"":460.87713623046875,""y1"":200.80865478515625,""x2"":506.46734619140625,""y2"":288.9465026855469}]"
1149,0.321572,0.733750001018052,36.22789600012766,0.4517249999480555,37.753817,38.075389,2,"[{""class_id"":0,""class_name"":""ball"",""confidence"":0.9110297560691833,""x1"":308.17474365234375,""y1"":283.2470703125,""x2"":334.16326904296875,""y2"":312.074951171875},{""class_id"":2,""class_name"":""robot"",""confidence"":0.8375726342201233,""x1"":460.5737609863281,""y1"":200.78875732421875,""x2"":506.5010681152344,""y2"":289.42108154296875}]"
1150,20.625163,0.8333249988936586,37.31997899922135,0.4327379992901115,38.932439,59.557602,2,"[{""class_id"":0,""class_name"":""ball"",""confidence"":0.9115306735038757,""x1"":307.92706298828125,""y1"":283.21722412109375,""x2"":334.10894775390625,""y2"":312.07818603515625},{""class_id"":2,""class_name"":""robot"",""confidence"":0.8253692984580994,""x1"":456.386962890625,""y1"":200.82022094726562,""x2"":507.19744873046875,""y2"":290.5338439941406}]"
1151,0.334003,0.658196000586031,36.41877099835256,0.4339299994171597,37.855261999999996,38.189265,2,"[{""class_id"":0,""class_name"":""ball"",""confidence"":0.9121567010879517,""x1"":308.05615234375,""y1"":283.2183532714844,""x2"":334.14501953125,""y2"":312.0631408691406},{""class_id"":2,""class_name"":""robot"",""confidence"":0.8337317705154419,""x1"":460.278076171875,""y1"":200.8941650390625,""x2"":506.297607421875,""y2"":289.720947265625}]"
1152,23.104799,0.8838910016493173,38.07978400072898,0.4241400001774309,39.735264,62.840063,2,"[{""class_id"":0,""class_name"":""ball"",""confidence"":0.909419059753418,""x1"":307.9734191894531,""y1"":283.27789306640625,""x2"":334.1640930175781,""y2"":312.02960205078125},{""class_id"":2,""class_name"":""robot"",""confidence"":0.8280044794082642,""x1"":460.66729736328125,""y1"":200.98117065429688,""x2"":505.47027587890625,""y2"":288.58056640625}]"
1153,0.349485,0.7710560003033606,36.13967999990564,0.42365800072730053,37.666285,38.01577,2,"[{""class_id"":0,""class_name"":""ball"",""confidence"":0.9090037941932678,""x1"":307.974853515625,""y1"":283.2294921875,""x2"":334.14959716796875,""y2"":312.137939453125},{""class_id"":2,""class_name"":""robot"",""confidence"":0.8330369591712952,""x1"":460.7252502441406,""y1"":200.99578857421875,""x2"":506.9546813964844,""y2"":289.15887451171875}]"
1154,22.057661,0.858491999679245,38.78686299867695,0.44106899986218195,40.424077999999994,62.481739,2,"[{""class_id"":0,""class_name"":""ball"",""confidence"":0.9124938249588013,""x1"":307.9045715332031,""y1"":283.1812744140625,""x2"":334.1459045410156,""y2"":312.1099853515625},{""class_id"":2,""class_name"":""robot"",""confidence"":0.8308594822883606,""x1"":460.69940185546875,""y1"":201.0977783203125,""x2"":506.44488525390625,""y2"":289.1353759765625}]"
1155,0.326181,0.7069499988574535,36.84248300123727,0.44681499821308535,38.346147,38.672328,2,"[{""class_id"":0,""class_name"":""ball"",""confidence"":0.908245861530304,""x1"":308.0459899902344,""y1"":283.3077392578125,""x2"":334.1180114746094,""y2"":312.0390625},{""class_id"":2,""class_name"":""robot"",""confidence"":0.8348917961120605,""x1"":460.5911560058594,""y1"":200.89303588867188,""x2"":506.0513000488281,""y2"":289.21221923828125}]"
1156,20.94714,0.8476500006509013,36.126701001194306,0.42968999878212344,37.742813,58.689953,2,"[{""class_id"":0,""class_name"":""ball"",""confidence"":0.9138450622558594,""x1"":308.05474853515625,""y1"":283.3941345214844,""x2"":334.25006103515625,""y2"":311.9554748535156},{""class_id"":2,""class_name"":""robot"",""confidence"":0.8329241275787354,""x1"":460.75958251953125,""y1"":200.95806884765625,""x2"":506.44390869140625,""y2"":289.2417297363281}]"
1157,0.330984,0.6900699991092551,36.44316299869388,0.44208200051798485,37.907517999999996,38.238502,2,"[{""class_id"":0,""class_name"":""ball"",""confidence"":0.9139982461929321,""x1"":308.0354919433594,""y1"":283.11358642578125,""x2"":334.1553649902344,""y2"":312.06195068359375},{""class_id"":2,""class_name"":""robot"",""confidence"":0.8272809982299805,""x1"":456.25714111328125,""y1"":200.8560791015625,""x2"":507.13348388671875,""y2"":290.5279541015625}]"
1158,23.817972,0.8792640001047403,39.284778000364895,0.4317559996707132,40.94818000000001,64.766152,2,"[{""class_id"":0,""class_name"":""ball"",""confidence"":0.9089844226837158,""x1"":308.0936279296875,""y1"":283.2203674316406,""x2"":334.1695556640625,""y2"":312.1576843261719},{""class_id"":2,""class_name"":""robot"",""confidence"":0.8407064080238342,""x1"":459.84039306640625,""y1"":200.9373779296875,""x2"":507.0072021484375,""y2"":289.13604736328125}]"
1159,0.319295,0.7281640009750845,34.40656000020681,0.44024400085618254,35.908008,36.227303,2,"[{""class_id"":0,""class_name"":""ball"",""confidence"":0.9093270301818848,""x1"":308.139404296875,""y1"":283.28411865234375,""x2"":334.2330322265625,""y2"":311.99713134765625},{""class_id"":2,""class_name"":""robot"",""confidence"":0.8269010186195374,""x1"":460.842041015625,""y1"":200.84930419921875,""x2"":505.8323974609375,""y2"":288.9686279296875}]"
1160,22.591929,0.8792200005700579,36.742836999110295,0.4632800009858329,38.468125,61.060054,2,"[{""class_id"":0,""class_name"":""ball"",""confidence"":0.9089384078979492,""x1"":308.16827392578125,""y1"":283.22308349609375,""x2"":334.06646728515625,""y2"":312.02996826171875},{""class_id"":2,""class_name"":""robot"",""confidence"":0.8331128358840942,""x1"":460.7479248046875,""y1"":200.91848754882812,""x2"":506.46044921875,""y2"":289.3663024902344}]"
1161,0.31788,0.7374560009338893,34.46750500006601,0.43310600085533224,35.96678,36.28466,2,"[{""class_id"":0,""class_name"":""ball"",""confidence"":0.9113120436668396,""x1"":308.0784912109375,""y1"":283.26849365234375,""x2"":334.19342041015625,""y2"":312.16424560546875},{""class_id"":2,""class_name"":""robot"",""confidence"":0.8289365172386169,""x1"":460.77679443359375,""y1"":201.00173950195312,""x2"":505.93585205078125,""y2"":288.8658752441406}]"
1162,25.312531,0.8463969988952158,42.99136999907205,0.4447149985935539,44.618165999999995,69.930697,2,"[{""class_id"":0,""class_name"":""ball"",""confidence"":0.9094381928443909,""x1"":308.07904052734375,""y1"":283.2283020019531,""x2"":334.09466552734375,""y2"":312.0860900878906},{""class_id"":2,""class_name"":""robot"",""confidence"":0.8393686413764954,""x1"":460.3670654296875,""y1"":200.734375,""x2"":506.654296875,""y2"":289.9853820800781}]"
1163,0.321097,0.7238749985845061,37.12616100165178,0.5509069997060578,38.728576,39.049673,2,"[{""class_id"":0,""class_name"":""ball"",""confidence"":0.9090865254402161,""x1"":308.137939453125,""y1"":283.15771484375,""x2"":334.10699462890625,""y2"":311.9288330078125},{""class_id"":2,""class_name"":""robot"",""confidence"":0.838928759098053,""x1"":459.956787109375,""y1"":200.85223388671875,""x2"":506.3472900390625,""y2"":289.4053955078125}]"
1164,16.29071,0.8488639996357961,40.01300100026128,0.4376030010462273,41.632846,57.923556,2,"[{""class_id"":0,""class_name"":""ball"",""confidence"":0.9079543352127075,""x1"":308.0856628417969,""y1"":283.17120361328125,""x2"":334.2250671386719,""y2"":312.08514404296875},{""class_id"":2,""class_name"":""robot"",""confidence"":0.8287001848220825,""x1"":460.92791748046875,""y1"":200.82550048828125,""x2"":506.49310302734375,""y2"":289.554443359375}]"
1165,0.327579,0.8808539987512631,36.352410999825224,0.4400329999043606,38.017008,38.344587,2,"[{""class_id"":0,""class_name"":""ball"",""confidence"":0.9109643697738647,""x1"":308.096923828125,""y1"":283.21514892578125,""x2"":334.0787353515625,""y2"":312.01177978515625},{""class_id"":2,""class_name"":""robot"",""confidence"":0.8292417526245117,""x1"":456.10400390625,""y1"":200.70355224609375,""x2"":507.267333984375,""y2"":290.6036376953125}]"
1166,19.944843,1.0265860000799876,38.567260999116115,0.4374389991426142,40.374398,60.319241,2,"[{""class_id"":0,""class_name"":""ball"",""confidence"":0.9101536870002747,""x1"":308.107177734375,""y1"":283.2373046875,""x2"":334.1912841796875,""y2"":311.950439453125},{""class_id"":2,""class_name"":""robot"",""confidence"":0.8437893986701965,""x1"":457.8236083984375,""y1"":201.066650390625,""x2"":507.03759765625,""y2"":289.603515625}]"
1167,0.320403,0.7098880014382303,36.91847099980805,0.45555799988505896,38.95143,39.271833,2,"[{""class_id"":0,""class_name"":""ball"",""confidence"":0.9110199809074402,""x1"":307.9367370605469,""y1"":283.1705017089844,""x2"":334.0464782714844,""y2"":312.0351257324219},{""class_id"":2,""class_name"":""robot"",""confidence"":0.8282889127731323,""x1"":460.4454345703125,""y1"":200.87783813476562,""x2"":505.565185546875,""y2"":288.75799560546875}]"
1168,24.434491,0.9411949995410396,40.001741999731166,0.4312330001994269,41.856435,66.290926,2,"[{""class_id"":0,""class_name"":""ball"",""confidence"":0.908139169216156,""x1"":307.94390869140625,""y1"":283.2914733886719,""x2"":334.20806884765625,""y2"":312.1612854003906},{""class_id"":2,""class_name"":""robot"",""confidence"":0.8349961042404175,""x1"":460.6110534667969,""y1"":200.82232666015625,""x2"":506.6045227050781,""y2"":289.22332763671875}]"
1169,21.957156,0.8581780002714368,39.138705000368645,0.74090099951718,41.161078,63.118234,2,"[{""class_id"":0,""class_name"":""ball"",""confidence"":0.908939003944397,""x1"":308.11041259765625,""y1"":283.08062744140625,""x2"":334.05035400390625,""y2"":312.00103759765625},{""class_id"":2,""class_name"":""robot"",""confidence"":0.8326817750930786,""x1"":460.5470275878906,""y1"":200.83203125,""x2"":506.2337951660156,""y2"":289.261962890625}]"
1170,0.315225,0.7520009985455545,36.837301999185,0.4375669996079523,38.423171,38.738396,2,"[{""class_id"":0,""class_name"":""ball"",""confidence"":0.912855327129364,""x1"":307.9462890625,""y1"":283.330810546875,""x2"":334.30712890625,""y2"":312.07562255859375},{""class_id"":2,""class_name"":""robot"",""confidence"":0.8298514485359192,""x1"":461.22515869140625,""y1"":201.080810546875,""x2"":506.45928955078125,""y2"":289.29046630859375}]"
1171,20.1092,0.8877639993443154,36.94570400148223,0.5170889999135397,38.872595,58.981795,2,"[{""class_id"":0,""class_name"":""ball"",""confidence"":0.9071789979934692,""x1"":308.12652587890625,""y1"":283.19677734375,""x2"":334.153564453125,""y2"":312.0992431640625},{""class_id"":2,""class_name"":""robot"",""confidence"":0.8361726999282837,""x1"":460.310302734375,""y1"":200.94354248046875,""x2"":506.0654296875,""y2"":289.0558776855469}]"
1172,0.359612,0.8103689997369656,36.32380999988527,0.4497539994190447,37.992751,38.352363,2,"[{""class_id"":0,""class_name"":""ball"",""confidence"":0.9103935360908508,""x1"":308.13568115234375,""y1"":283.25836181640625,""x2"":334.05902099609375,""y2"":312.01513671875},{""class_id"":2,""class_name"":""robot"",""confidence"":0.8214038610458374,""x1"":460.90179443359375,""y1"":201.14669799804688,""x2"":506.23236083984375,""y2"":288.9013977050781}]"
1173,22.562129,0.8749939988774713,39.10634199928609,0.43205900146858767,40.833579,63.395708,2,"[{""class_id"":0,""class_name"":""ball"",""confidence"":0.910021185874939,""x1"":307.93701171875,""y1"":283.233154296875,""x2"":334.1136474609375,""y2"":312.07177734375},{""class_id"":2,""class_name"":""robot"",""confidence"":0.821562647819519,""x1"":456.12078857421875,""y1"":200.7330322265625,""x2"":507.18963623046875,""y2"":290.4806213378906}]"
1174,0.33142,0.6862749996798811,38.403453001592425,0.4348250004113652,39.947179,40.278599,2,"[{""class_id"":0,""class_name"":""ball"",""confidence"":0.912554919719696,""x1"":307.9912414550781,""y1"":283.2718505859375,""x2"":334.2892761230469,""y2"":312.153564453125},{""class_id"":2,""class_name"":""robot"",""confidence"":0.8362278342247009,""x1"":460.87310791015625,""y1"":200.73062133789062,""x2"":506.49151611328125,""y2"":289.1363830566406}]"
1175,18.809077,0.8800039995549014,37.72810800001025,0.5640879990096437,39.715174000000005,58.524251,2,"[{""class_id"":0,""class_name"":""ball"",""confidence"":0.9105547070503235,""x1"":307.99017333984375,""y1"":283.2850341796875,""x2"":334.22576904296875,""y2"":312.04864501953125},{""class_id"":2,""class_name"":""robot"",""confidence"":0.8362942934036255,""x1"":460.25311279296875,""y1"":200.87802124023438,""x2"":506.40509033203125,""y2"":289.6911315917969}]"
1176,0.347445,0.7190449996414827,38.3154299997841,0.43535500117286574,39.881866,40.229311,2,"[{""class_id"":0,""class_name"":""ball"",""confidence"":0.9096905589103699,""x1"":308.0872802734375,""y1"":283.1846923828125,""x2"":334.0882568359375,""y2"":312.04779052734375},{""class_id"":2,""class_name"":""robot"",""confidence"":0.8271806836128235,""x1"":461.00323486328125,""y1"":200.963134765625,""x2"":506.45989990234375,""y2"":289.1750183105469}]"
1177,20.098983,0.8668150003359187,36.797233999095624,0.4461089993128553,38.607755,58.706738,2,"[{""class_id"":0,""class_name"":""ball"",""confidence"":0.9107519388198853,""x1"":308.08154296875,""y1"":283.1729736328125,""x2"":334.0465087890625,""y2"":312.17919921875},{""class_id"":2,""class_name"":""robot"",""confidence"":0.8376324772834778,""x1"":460.6610412597656,""y1"":200.81829833984375,""x2"":506.0768127441406,""y2"":289.4993591308594}]"
1178,0.476759,0.7172940004238626,38.33168499841122,0.4321289998188149,39.939977999999996,40.416737,2,"[{""class_id"":0,""class_name"":""ball"",""confidence"":0.9124932289123535,""x1"":308.0122375488281,""y1"":283.19744873046875,""x2"":334.3276672363281,""y2"":312.27044677734375},{""class_id"":2,""class_name"":""robot"",""confidence"":0.8392294049263,""x1"":460.32525634765625,""y1"":200.83425903320312,""x2"":506.1973876953125,""y2"":289.2379455566406}]"
1179,24.982022,0.835501999972621,43.748668000262114,0.45495400081563275,45.456708000000006,70.43873,2,"[{""class_id"":0,""class_name"":""ball"",""confidence"":0.9131388068199158,""x1"":307.98602294921875,""y1"":283.28839111328125,""x2"":334.04998779296875,""y2"":311.99383544921875},{""class_id"":2,""class_name"":""robot"",""confidence"":0.839539647102356,""x1"":460.3583984375,""y1"":200.88327026367188,""x2"":506.80712890625,""y2"":289.9772033691406}]"
1180,18.433154,0.8993819992610952,35.00386299856473,0.43093200110888574,36.750248,55.183402,2,"[{""class_id"":0,""class_name"":""ball"",""confidence"":0.9062396287918091,""x1"":307.9764099121094,""y1"":283.226318359375,""x2"":334.1058044433594,""y2"":312.0899658203125},{""class_id"":2,""class_name"":""robot"",""confidence"":0.822641134262085,""x1"":461.0729064941406,""y1"":200.99835205078125,""x2"":505.1893615722656,""y2"":289.1716003417969}]"
1181,0.338567,0.7091900006344076,34.74625099988771,0.4524649993982166,36.308238,36.646805,2,"[{""class_id"":0,""class_name"":""ball"",""confidence"":0.9099199175834656,""x1"":308.0578308105469,""y1"":283.18243408203125,""x2"":334.0959777832031,""y2"":311.9825439453125},{""class_id"":2,""class_name"":""robot"",""confidence"":0.8301210403442383,""x1"":460.662353515625,""y1"":200.88674926757812,""x2"":506.1959228515625,""y2"":289.3265686035156}]"
1182,26.566035,0.8959139995567966,44.00318100124423,0.4347789999883389,45.749944,72.315979,2,"[{""class_id"":0,""class_name"":""ball"",""confidence"":0.911439061164856,""x1"":308.0340576171875,""y1"":283.3406066894531,""x2"":334.063232421875,""y2"":312.0550231933594},{""class_id"":2,""class_name"":""robot"",""confidence"":0.8315816521644592,""x1"":461.11614990234375,""y1"":200.7481689453125,""x2"":506.44891357421875,""y2"":289.55377197265625}]"
1183,0.34965,1.002513999992516,35.29872599938244,0.4575540006044321,37.168672,37.518322,2,"[{""class_id"":0,""class_name"":""ball"",""confidence"":0.9076253175735474,""x1"":308.07489013671875,""y1"":283.17437744140625,""x2"":334.11407470703125,""y2"":312.053955078125},{""class_id"":2,""class_name"":""robot"",""confidence"":0.8395788669586182,""x1"":460.4912109375,""y1"":200.80966186523438,""x2"":506.7237548828125,""y2"":289.29388427734375}]"
1184,16.657593,0.9057210008904804,36.81578400028229,0.4395830001158174,38.575450000000004,55.233043,2,"[{""class_id"":0,""class_name"":""ball"",""confidence"":0.9101383090019226,""x1"":307.95086669921875,""y1"":283.23187255859375,""x2"":334.12835693359375,""y2"":312.19378662109375},{""class_id"":2,""class_name"":""robot"",""confidence"":0.8324254155158997,""x1"":460.5147705078125,""y1"":200.919677734375,""x2"":506.15008544921875,""y2"":289.3482666015625}]"
1185,0.319422,0.726068999938434,37.074395000672666,0.4544059993349947,38.674217,38.993639,2,"[{""class_id"":0,""class_name"":""ball"",""confidence"":0.9073988199234009,""x1"":308.1443786621094,""y1"":283.192626953125,""x2"":334.2491149902344,""y2"":312.0924072265625},{""class_id"":2,""class_name"":""robot"",""confidence"":0.8273596167564392,""x1"":461.05438232421875,""y1"":201.02542114257812,""x2"":506.46392822265625,""y2"":288.830810546875}]"
1186,22.381487,0.8957430000009481,39.005023001664085,0.42877600026258733,40.746708,63.128195,2,"[{""class_id"":0,""class_name"":""ball"",""confidence"":0.9082545638084412,""x1"":308.016845703125,""y1"":283.25457763671875,""x2"":334.08648681640625,""y2"":312.16046142578125},{""class_id"":2,""class_name"":""robot"",""confidence"":0.8238376379013062,""x1"":460.5569152832031,""y1"":200.98019409179688,""x2"":505.4875793457031,""y2"":288.94366455078125}]"
1187,0.344481,0.7155590010370361,37.202502999207354,0.4378499997983454,38.75947,39.103951,2,"[{""class_id"":0,""class_name"":""ball"",""confidence"":0.9072376489639282,""x1"":308.1372985839844,""y1"":283.3046875,""x2"":334.3500061035156,""y2"":312.1312255859375},{""class_id"":2,""class_name"":""robot"",""confidence"":0.8361380100250244,""x1"":460.48907470703125,""y1"":200.92379760742188,""x2"":506.42474365234375,""y2"":289.3057556152344}]"
1188,20.048642,0.8681039998919005,36.69217199967534,0.44392400013748556,38.431942,58.480584,2,"[{""class_id"":0,""class_name"":""ball"",""confidence"":0.9108437895774841,""x1"":307.934814453125,""y1"":283.19586181640625,""x2"":334.0985107421875,""y2"":311.99066162109375},{""class_id"":2,""class_name"":""robot"",""confidence"":0.8325045704841614,""x1"":460.16998291015625,""y1"":201.1702880859375,""x2"":505.98370361328125,""y2"":289.40521240234375}]"
1189,0.320612,0.7163540012697922,35.18873699977121,0.4606040001817746,36.781620000000004,37.102232,2,"[{""class_id"":0,""class_name"":""ball"",""confidence"":0.909109890460968,""x1"":307.93182373046875,""y1"":283.18853759765625,""x2"":334.15216064453125,""y2"":312.08343505859375},{""class_id"":2,""class_name"":""robot"",""confidence"":0.8383188843727112,""x1"":460.3096923828125,""y1"":200.876953125,""x2"":506.4805908203125,""y2"":289.31475830078125}]"
1190,28.472254,0.8321779987454647,47.98809699968842,0.42684500112954993,49.6805,78.152754,2,"[{""class_id"":0,""class_name"":""ball"",""confidence"":0.9102147221565247,""x1"":308.0604248046875,""y1"":283.209228515625,""x2"":334.032470703125,""y2"":312.107177734375},{""class_id"":2,""class_name"":""robot"",""confidence"":0.8317810893058777,""x1"":460.6804504394531,""y1"":200.81979370117188,""x2"":506.5101623535156,""y2"":289.1703796386719}]"
1191,14.130088,0.9275110005546594,36.71809399929771,0.4551149995677406,38.595518,52.725606,2,"[{""class_id"":0,""class_name"":""ball"",""confidence"":0.9135653376579285,""x1"":307.98590087890625,""y1"":283.24462890625,""x2"":334.05120849609375,""y2"":312.002197265625},{""class_id"":2,""class_name"":""robot"",""confidence"":0.8269374966621399,""x1"":461.1724853515625,""y1"":200.82376098632812,""x2"":505.78289794921875,""y2"":289.12786865234375}]"
1192,0.485904,0.9503450000920566,35.810515999401105,0.43520100007299334,37.663686000000006,38.14959,2,"[{""class_id"":0,""class_name"":""ball"",""confidence"":0.9069346785545349,""x1"":308.206787109375,""y1"":283.2511291503906,""x2"":334.1171875,""y2"":311.9978942871094},{""class_id"":2,""class_name"":""robot"",""confidence"":0.8358792066574097,""x1"":460.306884765625,""y1"":201.02908325195312,""x2"":506.4556884765625,""y2"":289.0387878417969}]"
1193,23.362227,0.884402999872691,37.37930599891115,0.6372939988068538,39.33099,62.693217,2,"[{""class_id"":0,""class_name"":""ball"",""confidence"":0.9105735421180725,""x1"":308.0858154296875,""y1"":283.21319580078125,""x2"":334.26904296875,""y2"":312.10174560546875},{""class_id"":2,""class_name"":""robot"",""confidence"":0.8350721001625061,""x1"":460.3538818359375,""y1"":200.90695190429688,""x2"":506.45166015625,""y2"":289.2383117675781}]"
1194,0.333679,0.6839519992354326,34.385097000267706,0.4312229993956862,35.850506,36.184185,2,"[{""class_id"":0,""class_name"":""ball"",""confidence"":0.9107714891433716,""x1"":308.0137939453125,""y1"":283.20928955078125,""x2"":334.2506103515625,""y2"":312.23345947265625},{""class_id"":2,""class_name"":""robot"",""confidence"":0.8397639393806458,""x1"":460.11407470703125,""y1"":200.96304321289062,""x2"":506.90765380859375,""y2"":289.9683532714844}]"
1195,24.274774,0.9019669996632729,38.896871999895666,0.437426999269519,40.622477999999994,64.897252,2,"[{""class_id"":0,""class_name"":""ball"",""confidence"":0.9093176126480103,""x1"":308.06976318359375,""y1"":283.12384033203125,""x2"":334.1434326171875,""y2"":311.9852294921875},{""class_id"":2,""class_name"":""robot"",""confidence"":0.8289852738380432,""x1"":460.6466369628906,""y1"":200.97109985351562,""x2"":506.2869567871094,""y2"":289.2066955566406}]"
