iteration,capture_ms,preprocess_ms,inference_ms,postprocess_ms,end_to_end_stage_sum_ms,loop_wall_ms,detection_count,output_shape,finite_output
1,18.003293,1.457314,11.594075,0.351295,31.405977,31.481901,2,"[1, 7, 8400]",True
2,22.646865,2.441582,12.349361,0.314379,37.752187,37.834331,2,"[1, 7, 8400]",True
3,49.05544,3.025367,15.276842,0.320621,67.67827,67.757455,2,"[1, 7, 8400]",True
4,16.998977,2.423112,11.975377,0.319088,31.716554000000002,31.790894,2,"[1, 7, 8400]",True
5,49.480075,3.021623,15.196229,0.318705,68.01663199999999,68.092017,2,"[1, 7, 8400]",True
6,17.102372,1.888903,11.729169,0.320278,31.040722,31.113465,2,"[1, 7, 8400]",True
7,50.228727,2.887863,14.818359,0.329415,68.264364,68.343292,2,"[1, 7, 8400]",True
8,17.616667,2.449782,11.49401,0.36205,31.922508999999998,31.995404,2,"[1, 7, 8400]",True
9,49.951747,3.220307,14.17475,0.316558,67.66336199999999,67.741089,2,"[1, 7, 8400]",True
10,17.852582,2.274713,11.602113,0.32826,32.057668,32.138167,2,"[1, 7, 8400]",True
11,49.88295,2.932407,15.14291,0.354719,68.31298600000001,68.38883,2,"[1, 7, 8400]",True
12,17.291721,2.60861,11.594383,0.32328,31.817994,31.897864,2,"[1, 7, 8400]",True
13,17.274078,1.582429,11.496929,0.329928,30.683364,30.75646,2,"[1, 7, 8400]",True
14,18.384365,1.558453,11.641585,0.370028,31.954431,32.028974,2,"[1, 7, 8400]",True
15,22.550298,2.506148,11.606353,0.333213,36.996012,37.0726,2,"[1, 7, 8400]",True
16,17.354487,1.522151,11.441191,0.328055,30.645884,30.723892,2,"[1, 7, 8400]",True
17,22.832807,1.865231,12.071711,0.325237,37.094986000000006,37.169194,2,"[1, 7, 8400]",True
18,49.827685,3.026695,14.947263,0.308627,68.11027000000001,68.188607,2,"[1, 7, 8400]",True
19,17.338468,1.747432,11.84801,0.325521,31.259430999999996,31.337479,2,"[1, 7, 8400]",True
20,50.325087,3.242051,14.805694,0.325374,68.698206,68.779127,2,"[1, 7, 8400]",True
21,17.214126,1.660678,11.944304,0.323879,31.142987,31.218195,2,"[1, 7, 8400]",True
22,50.249931,3.034683,15.262566,0.298343,68.845523,68.912265,2,"[1, 7, 8400]",True
23,17.085653,1.995682,11.991189,0.325948,31.398472,31.473019,2,"[1, 7, 8400]",True
24,49.778422,3.152255,14.90397,0.325311,68.15995799999999,68.243748,2,"[1, 7, 8400]",True
25,17.264423,2.313077,12.148205,0.322024,32.047729000000004,32.122794,2,"[1, 7, 8400]",True
26,17.124524,1.880102,11.447639,0.323338,30.775603000000004,30.849737,2,"[1, 7, 8400]",True
27,18.257668,1.49667,11.499417,0.331321,31.585075999999997,31.65959,2,"[1, 7, 8400]",True
28,22.637404,2.225196,12.152133,0.323893,37.338626,37.413474,2,"[1, 7, 8400]",True
29,17.132255,2.210474,11.478113,0.32114,31.141982000000002,31.215959,2,"[1, 7, 8400]",True
30,22.012025,2.445325,12.085844,0.317343,36.860537,36.93329,2,"[1, 7, 8400]",True
31,49.733017,4.394889,15.321939,0.326274,69.776119,69.854557,2,"[1, 7, 8400]",True
32,15.063351,1.516239,11.399903,0.329345,28.308837999999998,28.384217,2,"[1, 7, 8400]",True
33,51.472399,4.382156,15.267971,0.322702,71.44522800000001,71.53455,2,"[1, 7, 8400]",True
34,15.190969,1.79322,11.505768,0.32368,28.813637,28.893165,2,"[1, 7, 8400]",True
35,50.998711,4.49546,13.798067,0.355558,69.647796,69.738097,2,"[1, 7, 8400]",True
36,16.539187,1.708041,11.606089,0.322217,30.175534,30.251551,2,"[1, 7, 8400]",True
37,50.737345,4.087337,15.592786,0.372412,70.78988,70.879201,2,"[1, 7, 8400]",True
38,15.36752,1.536911,11.517153,0.329442,28.751026000000003,28.828522,2,"[1, 7, 8400]",True
39,51.234531,3.956832,11.520286,0.329651,67.04129999999999,67.133292,2,"[1, 7, 8400]",True
40,19.366595,1.722546,11.798909,0.315393,33.203443,33.275171,2,"[1, 7, 8400]",True
41,18.063109,1.641252,12.004457,0.321304,32.030122,32.10696,2,"[1, 7, 8400]",True
42,21.98727,2.377573,11.631744,0.334084,36.330670999999995,36.410606,2,"[1, 7, 8400]",True
43,49.987658,3.553616,15.185195,0.351781,69.07825000000001,69.163958,2,"[1, 7, 8400]",True
44,16.359427,1.991652,11.406093,0.330744,30.087915999999996,30.171999,2,"[1, 7, 8400]",True
45,50.561214,3.271663,14.596439,0.352557,68.781873,68.863853,2,"[1, 7, 8400]",True
46,17.339739,2.103884,11.474568,0.328045,31.246236,31.327331,2,"[1, 7, 8400]",True
47,50.526257,4.104289,15.290842,0.333365,70.25475300000001,70.341134,2,"[1, 7, 8400]",True
48,15.649289,1.731164,11.299877,0.331463,29.011792999999997,29.093848,2,"[1, 7, 8400]",True
49,50.789308,2.98987,14.970045,0.325031,69.074254,69.153601,2,"[1, 7, 8400]",True
50,17.275158,2.154369,11.444051,0.329511,31.203089000000002,31.282692,2,"[1, 7, 8400]",True
51,50.475073,3.479775,14.877854,0.324777,69.157479,69.243375,2,"[1, 7, 8400]",True
52,16.693223,1.806658,11.48376,0.326819,30.31046,30.387139,2,"[1, 7, 8400]",True
53,18.32123,1.630954,11.517281,0.334805,31.80427,31.884159,2,"[1, 7, 8400]",True
54,22.308859,2.902374,11.772017,0.327741,37.310991,37.38501,2,"[1, 7, 8400]",True
55,49.593393,3.733173,14.47854,0.317037,68.122143,68.205596,2,"[1, 7, 8400]",True
56,16.731561,2.334575,11.638338,0.331115,31.035588999999998,31.112752,2,"[1, 7, 8400]",True
57,49.855872,3.391126,13.994374,0.326187,67.567559,67.669639,2,"[1, 7, 8400]",True
58,17.758585,2.32395,12.192627,0.353393,32.628555,32.701815,2,"[1, 7, 8400]",True
59,49.686292,3.899427,14.128096,0.331028,68.04484300000001,68.134896,2,"[1, 7, 8400]",True
60,17.02098,1.926668,11.916537,0.326264,31.190448999999997,31.270049,2,"[1, 7, 8400]",True
61,50.359546,4.050511,14.411333,0.356447,69.17783700000001,69.268021,2,"[1, 7, 8400]",True
62,16.496487,2.244669,11.578976,0.327764,30.647895999999996,30.731386,2,"[1, 7, 8400]",True
63,50.257746,3.719114,14.664099,0.318043,68.959002,69.038516,2,"[1, 7, 8400]",True
64,16.627092,1.678986,11.624293,0.327415,30.257786,30.332402,2,"[1, 7, 8400]",True
65,18.422557,1.55206,11.449843,0.325071,31.749531000000005,31.828828,2,"[1, 7, 8400]",True
66,22.336016,2.004409,11.378998,0.335513,36.054936,36.165397,2,"[1, 7, 8400]",True
67,50.723987,3.296626,15.196291,0.315216,69.53212,69.613956,2,"[1, 7, 8400]",True
68,16.80813,2.349505,11.423604,0.330335,30.911573999999998,30.989508,2,"[1, 7, 8400]",True
69,50.099905,3.230145,14.90622,0.354084,68.590354,68.675402,2,"[1, 7, 8400]",True
70,17.072658,2.270025,11.533207,0.328907,31.204797000000003,31.283597,2,"[1, 7, 8400]",True
71,50.057646,3.00162,14.882189,0.316648,68.258103,68.345301,2,"[1, 7, 8400]",True
72,17.46595,2.383907,11.77034,0.363733,31.983929999999997,32.064474,2,"[1, 7, 8400]",True
73,49.522779,3.272624,15.242839,0.316512,68.354754,68.432762,2,"[1, 7, 8400]",True
74,16.954465,2.355837,11.408934,0.340689,31.059925000000003,31.139123,2,"[1, 7, 8400]",True
75,50.07713,3.239377,14.659556,0.318194,68.294257,68.380061,2,"[1, 7, 8400]",True
76,17.334883,2.356215,11.276624,0.326318,31.294040000000003,31.374955,2,"[1, 7, 8400]",True
77,17.724903,2.057604,11.533195,0.324797,31.640499000000002,31.716662,2,"[1, 7, 8400]",True
78,22.297594,2.354929,11.893482,0.330082,36.876087,36.97258,2,"[1, 7, 8400]",True
79,49.739579,3.85584,14.249085,0.329107,68.173611,68.266422,2,"[1, 7, 8400]",True
80,16.991637,1.69143,11.630737,0.326923,30.640727000000002,30.714586,2,"[1, 7, 8400]",True
81,50.63508,5.723203,14.574336,0.318334,71.250953,71.336297,2,"[1, 7, 8400]",True
82,14.965144,1.767949,11.913895,0.316879,28.963867,29.049889,2,"[1, 7, 8400]",True
83,50.239487,4.648808,15.207536,0.324276,70.420107,70.497974,2,"[1, 7, 8400]",True
84,15.35651,1.599034,11.736606,0.334898,29.027047999999997,29.106504,2,"[1, 7, 8400]",True
85,50.752212,4.095408,14.47865,0.358259,69.684529,69.768766,2,"[1, 7, 8400]",True
86,16.386715,1.58089,11.871278,0.362792,30.201674999999998,30.276051,2,"[1, 7, 8400]",True
87,50.625213,3.821136,14.448708,0.320322,69.21537900000001,69.295142,2,"[1, 7, 8400]",True
88,16.754299,1.706724,11.922551,0.322204,30.705778000000002,30.77688,2,"[1, 7, 8400]",True
89,18.000079,2.351802,11.396443,0.317727,32.066050999999995,32.14434,2,"[1, 7, 8400]",True
90,21.73287,1.623833,11.692869,0.322974,35.372546,35.44696,2,"[1, 7, 8400]",True
91,51.005177,3.950262,14.926343,0.36601,70.247792,70.349187,2,"[1, 7, 8400]",True
92,15.910778,1.584511,11.817408,0.319524,29.632221,29.706418,2,"[1, 7, 8400]",True
93,50.932399,3.752171,15.054482,0.409165,70.14821699999999,70.234748,2,"[1, 7, 8400]",True
94,16.024602,1.341329,11.639341,0.333845,29.339117000000005,29.411005,2,"[1, 7, 8400]",True
95,51.258315,4.062117,13.454446,0.331312,69.10619,69.220201,2,"[1, 7, 8400]",True
96,17.268568,1.985161,11.592583,0.329078,31.175389999999997,31.248571,2,"[1, 7, 8400]",True
97,50.729164,4.204659,14.070416,0.362432,69.366671,69.457185,2,"[1, 7, 8400]",True
98,16.468317,1.63342,11.761449,0.322814,30.186,30.260786,2,"[1, 7, 8400]",True
99,50.611239,2.982347,12.286289,0.318541,66.198416,66.280013,2,"[1, 7, 8400]",True
100,19.998549,1.934532,11.721382,0.324569,33.979032,34.057606,2,"[1, 7, 8400]",True
101,17.963124,1.598723,11.635801,0.330719,31.528367,31.61157,2,"[1, 7, 8400]",True
102,22.441509,2.304362,11.763306,0.340515,36.849692000000005,36.934988,2,"[1, 7, 8400]",True
103,49.488252,2.936943,15.241376,0.321688,67.988259,68.072365,2,"[1, 7, 8400]",True
104,17.332789,1.898363,11.820573,0.320686,31.372410999999996,31.446505,2,"[1, 7, 8400]",True
105,50.067486,2.910021,14.243588,0.314645,67.53574,67.63449,2,"[1, 7, 8400]",True
106,18.243779,1.591867,11.361503,0.326622,31.523771000000004,31.598435,2,"[1, 7, 8400]",True
107,50.861959,2.971729,14.254585,0.320377,68.40865,68.488224,2,"[1, 7, 8400]",True
108,18.137895,1.612559,11.474124,0.328393,31.552971,31.62756,2,"[1, 7, 8400]",True
109,50.72008,2.928994,14.568182,0.317286,68.534542,68.615414,2,"[1, 7, 8400]",True
110,17.8073,1.63308,11.376581,0.322265,31.139226,31.216997,2,"[1, 7, 8400]",True
111,50.844051,2.908352,14.334251,0.313895,68.400549,68.477463,2,"[1, 7, 8400]",True
112,18.087879,1.601331,11.571778,0.331735,31.592723000000003,31.673661,2,"[1, 7, 8400]",True
113,18.166111,1.338548,11.732499,0.326122,31.563280000000002,31.655189,2,"[1, 7, 8400]",True
114,18.707534,1.514653,11.647101,0.335784,32.205071999999994,32.288911,2,"[1, 7, 8400]",True
115,22.44357,2.298768,12.148827,0.32929,37.220455,37.297197,2,"[1, 7, 8400]",True
116,16.931924,1.471477,11.542513,0.327648,30.273562,30.35266,2,"[1, 7, 8400]",True
117,22.812158,1.633484,12.157264,0.314934,36.91784,36.998141,2,"[1, 7, 8400]",True
118,49.779819,2.683543,14.164129,0.348694,66.976185,67.059111,2,"[1, 7, 8400]",True
119,18.607652,1.534705,12.037153,0.317733,32.497243,32.57429,2,"[1, 7, 8400]",True
120,50.382025,3.222907,14.565021,0.330859,68.500812,68.587377,2,"[1, 7, 8400]",True
121,17.452807,1.480825,12.393464,0.349777,31.676872999999997,31.753421,2,"[1, 7, 8400]",True
122,49.83526,2.757851,14.178824,0.326143,67.098078,67.177522,2,"[1, 7, 8400]",True
123,18.586696,1.813948,11.943005,0.318814,32.662463,32.754733,2,"[1, 7, 8400]",True
124,49.74376,2.679339,15.019839,0.338954,67.781892,67.860883,2,"[1, 7, 8400]",True
125,17.755759,1.31258,11.74368,0.324831,31.13685,31.215418,2,"[1, 7, 8400]",True
126,50.657286,2.669662,13.674026,0.325414,67.326388,67.40572,2,"[1, 7, 8400]",True
127,18.95766,1.476106,12.359532,0.327222,33.12052,33.202463,2,"[1, 7, 8400]",True
128,17.976508,1.385411,11.380009,0.321204,31.063132000000003,31.140831,2,"[1, 7, 8400]",True
129,22.834087,2.045357,11.6335,0.329441,36.842385,36.930649,2,"[1, 7, 8400]",True
130,50.373007,3.487598,14.852914,0.322463,69.035982,69.126071,2,"[1, 7, 8400]",True
131,16.706479,2.266132,11.337672,0.329462,30.639744999999998,30.714653,2,"[1, 7, 8400]",True
132,50.449214,3.203853,13.870217,0.319398,67.84268200000001,67.924283,2,"[1, 7, 8400]",True
133,18.0599,2.430334,11.339408,0.327886,32.157528,32.242002,2,"[1, 7, 8400]",True
134,50.313551,3.463578,13.891252,0.312536,67.98091699999999,68.089813,2,"[1, 7, 8400]",True
135,17.700988,2.379143,11.35728,0.330024,31.767435,31.853593,2,"[1, 7, 8400]",True
136,50.375213,3.452942,13.915881,0.325852,68.069888,68.149956,2,"[1, 7, 8400]",True
137,17.634663,2.403542,11.387643,0.329042,31.75489,31.833042,2,"[1, 7, 8400]",True
138,50.277647,3.197386,15.137227,0.324087,68.93634700000001,69.015743,2,"[1, 7, 8400]",True
139,16.762785,2.353157,11.386469,0.328921,30.831332000000003,30.912893,2,"[1, 7, 8400]",True
140,17.86936,1.473806,11.955822,0.315441,31.614429,31.688655,2,"[1, 7, 8400]",True
141,22.192623,2.347267,11.993895,0.32182,36.855605000000004,36.934946,2,"[1, 7, 8400]",True
142,49.431275,3.003071,15.208463,0.32804,67.970849,68.066574,2,"[1, 7, 8400]",True
143,17.348465,2.104661,11.859303,0.319235,31.631664,31.712103,2,"[1, 7, 8400]",True
144,49.672575,2.963283,14.894033,0.325215,67.85510599999999,67.933682,2,"[1, 7, 8400]",True
145,17.564011,2.059134,11.699353,0.3225,31.644998000000005,31.728122,2,"[1, 7, 8400]",True
146,49.901235,2.68632,14.896737,0.322022,67.806314,67.888889,2,"[1, 7, 8400]",True
147,17.953668,2.608683,11.792683,0.319676,32.674710000000005,32.752496,2,"[1, 7, 8400]",True
148,49.243057,2.664496,14.152917,0.352074,66.412544,66.490985,2,"[1, 7, 8400]",True
149,18.688931,2.574631,11.963228,0.320182,33.546972000000004,33.618775,2,"[1, 7, 8400]",True
150,49.18673,2.789176,14.676795,0.324618,66.977319,67.054766,2,"[1, 7, 8400]",True
151,17.870959,2.410215,11.880303,0.318535,32.480011999999995,32.552661,2,"[1, 7, 8400]",True
152,17.155246,1.66804,11.426343,0.334879,30.584508000000003,30.658954,2,"[1, 7, 8400]",True
153,22.667737,2.560683,13.18628,0.328131,38.742830999999995,38.823475,2,"[1, 7, 8400]",True
154,47.972775,2.822893,14.51074,0.325099,65.631507,65.730505,2,"[1, 7, 8400]",True
155,18.118183,2.41241,13.774003,0.321578,34.626174000000006,34.700849,2,"[1, 7, 8400]",True
156,47.543486,2.866868,13.973852,0.324394,64.7086,64.791397,2,"[1, 7, 8400]",True
157,18.616703,2.214679,12.032741,0.32954,33.193663,33.293676,2,"[1, 7, 8400]",True
158,49.465044,2.942082,14.099579,0.327874,66.83457899999999,66.921181,2,"[1, 7, 8400]",True
159,18.3656,2.241182,13.259871,0.326179,34.192832,34.268944,2,"[1, 7, 8400]",True
160,48.298933,2.840372,13.524018,0.329512,64.992835,65.088686,2,"[1, 7, 8400]",True
161,18.992371,2.505297,12.140217,0.323032,33.960916999999995,34.036026,2,"[1, 7, 8400]",True
162,49.137633,3.035832,14.36124,0.330091,66.864796,66.947877,2,"[1, 7, 8400]",True
163,17.900965,2.02771,11.96345,0.330677,32.222802,32.301845,2,"[1, 7, 8400]",True
164,17.546845,1.409333,11.458542,0.32214,30.736860000000004,30.812673,2,"[1, 7, 8400]",True
165,22.812036,1.599737,11.314242,0.3318,36.057815000000005,36.140138,2,"[1, 7, 8400]",True
166,51.059763,3.666628,16.565004,0.324889,71.616284,71.698295,2,"[1, 7, 8400]",True
167,14.79226,1.468172,11.359189,0.328551,27.948172000000003,28.023848,2,"[1, 7, 8400]",True
168,51.156747,3.068373,14.5972,0.332925,69.15524500000001,69.236173,2,"[1, 7, 8400]",True
169,17.638419,1.914675,11.314671,0.332274,31.200039,31.278484,2,"[1, 7, 8400]",True
170,50.694008,3.46429,14.386121,0.326018,68.870437,68.949385,2,"[1, 7, 8400]",True
171,17.367297,1.582484,11.2946,0.334218,30.578599000000004,30.661169,2,"[1, 7, 8400]",True
172,50.959873,3.052473,14.429642,0.331735,68.77372299999999,68.855255,2,"[1, 7, 8400]",True
173,17.802149,1.863014,11.414212,0.328242,31.407617,31.489228,2,"[1, 7, 8400]",True
174,50.599275,3.064562,14.362075,0.322706,68.348618,68.427153,2,"[1, 7, 8400]",True
175,17.862523,1.760509,11.193937,0.336087,31.153056,31.232498,2,"[1, 7, 8400]",True
176,18.57833,1.585681,11.633578,0.329749,32.127338,32.202253,2,"[1, 7, 8400]",True
177,22.472847,2.470577,11.492673,0.360323,36.796420000000005,36.885022,2,"[1, 7, 8400]",True
178,49.590343,2.943965,14.932168,0.331708,67.798184,67.877427,2,"[1, 7, 8400]",True
179,17.469939,1.556527,11.515965,0.329163,30.871594,30.949175,2,"[1, 7, 8400]",True
180,50.882489,2.911897,14.724195,0.346678,68.865259,68.946103,2,"[1, 7, 8400]",True
181,17.664272,2.191729,11.354662,0.321393,31.532055999999997,31.615408,2,"[1, 7, 8400]",True
182,50.332851,3.013643,14.997667,0.323525,68.667686,68.745882,2,"[1, 7, 8400]",True
183,17.35501,2.398416,11.429402,0.330337,31.513165,31.589836,2,"[1, 7, 8400]",True
184,49.910704,2.817678,15.324014,0.327503,68.379899,68.459922,2,"[1, 7, 8400]",True
185,17.078106,1.923762,11.394177,0.318475,30.71452,30.790011,2,"[1, 7, 8400]",True
186,50.612047,3.100823,15.261963,0.505012,69.47984499999998,69.56675,2,"[1, 7, 8400]",True
187,16.792044,1.886122,11.897454,0.328876,30.904496,30.99294,2,"[1, 7, 8400]",True
188,17.756813,1.436206,11.20031,0.328597,30.721926,30.803954,2,"[1, 7, 8400]",True
189,23.0407,2.731891,11.909181,0.331561,38.013333,38.117364,2,"[1, 7, 8400]",True
190,48.969622,2.727493,13.428843,0.319991,65.445949,65.541746,2,"[1, 7, 8400]",True
191,19.282215,2.38154,11.737171,0.329419,33.730345,33.811768,2,"[1, 7, 8400]",True
192,49.64356,2.913167,14.404478,0.318885,67.28009,67.369071,2,"[1, 7, 8400]",True
193,18.129545,2.474203,11.249074,0.3327,32.185522,32.264502,2,"[1, 7, 8400]",True
194,49.975777,3.05196,14.220514,0.315264,67.563515,67.63748,2,"[1, 7, 8400]",True
195,18.167332,2.76077,12.07378,0.335546,33.337427999999996,33.412799,2,"[1, 7, 8400]",True
196,48.928172,2.82043,12.959688,0.445064,65.15335400000001,65.239198,2,"[1, 7, 8400]",True
197,19.427762,3.117984,11.757827,0.336848,34.640421,34.74543,2,"[1, 7, 8400]",True
198,48.806969,2.921716,13.545733,0.322968,65.597386,65.675091,2,"[1, 7, 8400]",True
199,18.99125,2.63578,11.689875,0.319304,33.63620900000001,33.717896,2,"[1, 7, 8400]",True
200,17.213243,1.438678,11.515665,0.336545,30.504131,30.588855,2,"[1, 7, 8400]",True
201,18.61592,1.36814,11.211531,0.327766,31.523357,31.598683,2,"[1, 7, 8400]",True
202,23.066969,2.704309,11.543681,0.325007,37.639966,37.719341,2,"[1, 7, 8400]",True
203,17.303453,1.44803,11.470421,0.325072,30.546976,30.620702,2,"[1, 7, 8400]",True
204,22.680341,1.803526,11.602547,0.316148,36.402561999999996,36.481423,2,"[1, 7, 8400]",True
205,50.542202,3.243101,14.141496,0.326073,68.252872,68.341957,2,"[1, 7, 8400]",True
206,17.854077,1.541967,11.530003,0.319848,31.245895,31.326857,2,"[1, 7, 8400]",True
207,50.781072,3.063923,14.248952,0.322994,68.416941,68.496859,2,"[1, 7, 8400]",True
208,17.831767,1.518879,11.501464,0.32963,31.181739999999998,31.264107,2,"[1, 7, 8400]",True
209,51.073949,3.052201,14.171383,0.325503,68.623036,68.707242,2,"[1, 7, 8400]",True
210,18.020483,2.295492,11.661281,0.331332,32.308588,32.385435,2,"[1, 7, 8400]",True
211,49.787048,2.938491,13.71222,0.331628,66.769387,66.850926,2,"[1, 7, 8400]",True
212,18.844754,1.633458,11.565997,0.319391,32.3636,32.439217,2,"[1, 7, 8400]",True
213,18.081062,2.122901,11.550264,0.354751,32.108978,32.184332,2,"[1, 7, 8400]",True
214,17.826915,1.684321,11.514584,0.332944,31.358764,31.433197,2,"[1, 7, 8400]",True
215,22.401091,1.81448,11.676796,0.318979,36.211346,36.289541,2,"[1, 7, 8400]",True
216,18.243295,1.985682,11.607544,0.326802,32.163323,32.236967,2,"[1, 7, 8400]",True
217,22.16926,2.498342,11.82927,0.326489,36.823361000000006,36.90447,2,"[1, 7, 8400]",True
218,49.477366,3.892007,14.727897,0.3673,68.46457000000001,68.554572,2,"[1, 7, 8400]",True
219,16.605996,1.835041,11.942467,0.333427,30.716931000000002,30.801051,2,"[1, 7, 8400]",True
220,50.224424,3.433938,14.639414,0.330252,68.628028,68.70894,2,"[1, 7, 8400]",True
221,16.881991,1.66113,11.522178,0.359325,30.424623999999998,30.503333,2,"[1, 7, 8400]",True
222,50.953838,3.481987,14.615735,0.33077,69.38233,69.466194,2,"[1, 7, 8400]",True
223,17.093196,1.682759,11.610248,0.330056,30.716259,30.821955,2,"[1, 7, 8400]",True
224,50.663095,5.833865,15.837912,0.317415,72.652287,72.767964,2,"[1, 7, 8400]",True
225,13.420896,1.518338,11.404203,0.330618,26.674055000000003,26.747208,2,"[1, 7, 8400]",True
226,51.106507,3.867495,14.36104,0.366746,69.70178800000001,69.796743,2,"[1, 7, 8400]",True
227,16.789146,1.60062,11.675972,0.324172,30.389909999999997,30.469916,2,"[1, 7, 8400]",True
228,18.329435,1.626015,11.466333,0.324512,31.746294999999996,31.823822,2,"[1, 7, 8400]",True
229,22.455123,2.028867,11.474527,0.325511,36.284028,36.362439,2,"[1, 7, 8400]",True
230,50.550327,3.493907,14.042201,0.327231,68.413666,68.518949,2,"[1, 7, 8400]",True
231,17.607105,2.136326,11.319008,0.333922,31.396361000000002,31.471342,2,"[1, 7, 8400]",True
232,50.512278,3.687209,13.895321,0.338643,68.433451,68.520459,2,"[1, 7, 8400]",True
233,17.637061,2.068035,11.270633,0.32973,31.305459,31.391846,2,"[1, 7, 8400]",True
234,50.557776,4.144577,13.722858,0.321623,68.74683399999999,68.827187,2,"[1, 7, 8400]",True
235,17.414205,2.02152,11.232767,0.330373,30.998865000000002,31.072961,2,"[1, 7, 8400]",True
236,50.692444,3.131972,13.706745,0.323552,67.854713,67.941278,2,"[1, 7, 8400]",True
237,18.232737,2.301798,11.404879,0.324822,32.264236,32.335659,2,"[1, 7, 8400]",True
238,50.292329,3.052521,14.531994,0.332475,68.20931900000001,68.287981,2,"[1, 7, 8400]",True
239,17.44989,1.912669,11.30738,0.334859,31.004798,31.085333,2,"[1, 7, 8400]",True
240,18.482782,1.496552,11.454981,0.331621,31.765936,31.853626,2,"[1, 7, 8400]",True
241,22.728275,2.221853,11.585347,0.329417,36.864892,36.943782,2,"[1, 7, 8400]",True
242,50.18784,3.833145,15.107929,0.323991,69.45290500000002,69.545527,2,"[1, 7, 8400]",True
243,16.08256,1.622768,11.739696,0.321093,29.766117000000005,29.843287,2,"[1, 7, 8400]",True
244,50.629801,3.262029,13.529276,0.324015,67.745121,67.82796,2,"[1, 7, 8400]",True
245,18.563983,2.17752,11.727132,0.351929,32.820564,32.895897,2,"[1, 7, 8400]",True
246,50.011776,3.420168,15.026878,0.373672,68.832494,68.91393,2,"[1, 7, 8400]",True
247,16.696075,1.6229,11.97499,0.320695,30.61466,30.695712,2,"[1, 7, 8400]",True
248,50.290459,3.213985,14.865173,0.339198,68.708815,68.792384,2,"[1, 7, 8400]",True
249,17.121429,1.773862,12.027196,0.330127,31.252614,31.335044,2,"[1, 7, 8400]",True
250,50.168376,3.504029,14.507931,0.349538,68.529874,68.615249,2,"[1, 7, 8400]",True
251,17.123856,2.317116,11.86821,0.322567,31.631749,31.711331,2,"[1, 7, 8400]",True
252,17.339099,3.178824,11.751971,0.355943,32.625837000000004,32.701905,2,"[1, 7, 8400]",True
253,20.617962,2.080523,12.95602,0.431695,36.0862,36.164726,2,"[1, 7, 8400]",True
254,48.423705,2.546422,13.580834,0.352937,64.903898,64.97865,2,"[1, 7, 8400]",True
255,19.371116,2.103712,14.276378,0.356834,36.10804,36.193034,2,"[1, 7, 8400]",True
256,47.336533,2.907807,12.75812,0.409397,63.411857,63.508063,2,"[1, 7, 8400]",True
257,19.738784,2.050083,11.630409,0.324309,33.743584999999996,33.827776,2,"[1, 7, 8400]",True
258,50.016517,2.590352,13.67309,0.349797,66.629756,66.710027,2,"[1, 7, 8400]",True
259,19.246807,2.998473,12.039378,0.328015,34.612673,34.691706,2,"[1, 7, 8400]",True
260,48.548555,2.822599,14.648227,0.316668,66.336049,66.412111,2,"[1, 7, 8400]",True
261,18.06711,2.099734,11.565525,0.38144,32.113808999999996,32.203344,2,"[1, 7, 8400]",True
262,49.924468,4.408968,15.455131,0.315996,70.104563,70.181183,2,"[1, 7, 8400]",True
263,15.598425,2.231864,11.635455,0.407584,29.873328,29.948216,2,"[1, 7, 8400]",True
264,17.663981,1.487483,11.679953,0.31659,31.148007000000003,31.222982,2,"[1, 7, 8400]",True
265,22.270703,1.500924,11.746109,0.344091,35.861827,35.94838,2,"[1, 7, 8400]",True
266,50.911315,3.449342,14.175443,0.338814,68.874914,68.956026,2,"[1, 7, 8400]",True
267,17.463738,1.396446,11.535726,0.321551,30.717461,30.794054,2,"[1, 7, 8400]",True
268,51.108068,3.2255,14.705238,0.316561,69.35536699999999,69.438384,2,"[1, 7, 8400]",True
269,17.274109,1.445695,11.613957,0.317494,30.651255,30.730816,2,"[1, 7, 8400]",True
270,50.970013,3.845884,14.796442,0.338089,69.950428,70.037785,2,"[1, 7, 8400]",True
271,16.481147,1.477554,11.537495,0.326296,29.822492,29.899783,2,"[1, 7, 8400]",True
272,50.885843,3.001215,14.883237,0.324975,69.09527,69.172536,2,"[1, 7, 8400]",True
273,17.425019,2.090492,12.197251,0.317309,32.030071,32.106714,2,"[1, 7, 8400]",True
274,49.577522,2.998408,14.804734,0.334758,67.71542199999999,67.799718,2,"[1, 7, 8400]",True
275,17.433078,1.514428,11.56294,0.315234,30.825679999999995,30.907248,2,"[1, 7, 8400]",True
276,18.467362,1.813592,11.936243,0.555359,32.772556,32.890384,2,"[1, 7, 8400]",True
277,21.455987,1.177657,11.739738,0.396785,34.770167,34.849792,2,"[1, 7, 8400]",True
278,50.994966,3.592424,14.389923,0.325487,69.30279999999999,69.385371,2,"[1, 7, 8400]",True
279,17.417704,1.666884,11.793052,0.330117,31.207757,31.280752,2,"[1, 7, 8400]",True
280,50.225794,2.880335,14.621145,0.323824,68.05109800000001,68.130507,2,"[1, 7, 8400]",True
281,17.86022,1.989807,11.939768,0.377023,32.166818,32.236892,2,"[1, 7, 8400]",True
282,49.99581,3.54696,15.005006,0.361609,68.909385,69.000496,2,"[1, 7, 8400]",True
283,16.723422,1.792073,11.701919,0.314846,30.532259999999997,30.610208,2,"[1, 7, 8400]",True
284,50.309551,3.104694,14.354122,0.337205,68.105572,68.1877,2,"[1, 7, 8400]",True
285,17.884678,2.355292,12.054629,0.319896,32.614495,32.691329,2,"[1, 7, 8400]",True
286,49.441491,3.202822,15.661501,0.391826,68.69763999999999,68.795487,2,"[1, 7, 8400]",True
287,16.263221,1.924054,11.71011,0.32355,30.220935,30.317348,2,"[1, 7, 8400]",True
288,17.929314,1.603443,11.517251,0.321178,31.371185999999998,31.474599,2,"[1, 7, 8400]",True
289,22.594254,1.901503,11.93892,0.328204,36.76288099999999,36.835868,2,"[1, 7, 8400]",True
290,49.815624,2.687488,14.470371,0.319482,67.292965,67.377803,2,"[1, 7, 8400]",True
291,18.263729,2.035894,11.582999,0.323323,32.205945,32.2823,2,"[1, 7, 8400]",True
292,50.132781,2.744286,13.930167,0.329652,67.136886,67.214759,2,"[1, 7, 8400]",True
293,18.726648,1.888152,11.689021,0.323118,32.626939,32.701426,2,"[1, 7, 8400]",True
294,50.188968,2.633963,12.303553,0.346217,65.472701,65.555969,2,"[1, 7, 8400]",True
295,20.451871,1.725595,11.6925,0.324927,34.194893,34.273577,2,"[1, 7, 8400]",True
296,50.324146,2.552831,11.963093,0.341422,65.18149199999999,65.312522,2,"[1, 7, 8400]",True
297,20.842919,2.252213,11.544095,0.360003,34.99923,35.080529,2,"[1, 7, 8400]",True
298,49.881034,2.57822,12.325221,0.343808,65.128283,65.244178,2,"[1, 7, 8400]",True
299,20.40407,1.687295,11.669053,0.327083,34.087501,34.160556,2,"[1, 7, 8400]",True
300,18.27314,1.566318,11.51876,0.319772,31.67799,31.756226,2,"[1, 7, 8400]",True
301,18.439635,1.371828,11.488313,0.320803,31.620579000000003,31.690929,2,"[1, 7, 8400]",True
302,22.7936,1.804474,11.748539,0.329075,36.675688,36.754768,2,"[1, 7, 8400]",True
303,18.004432,1.588716,11.673565,0.376655,31.643368000000002,31.726414,2,"[1, 7, 8400]",True
304,22.219853,1.798093,11.794183,0.32444,36.136569,36.213548,2,"[1, 7, 8400]",True
305,50.675862,3.712814,14.746085,0.348755,69.483516,69.576727,2,"[1, 7, 8400]",True
306,16.508934,2.152907,11.484552,0.32696,30.473353,30.552035,2,"[1, 7, 8400]",True
307,50.548543,4.02491,14.037202,0.325401,68.93605600000001,69.02748,2,"[1, 7, 8400]",True
308,16.903747,1.685251,11.328896,0.32726,30.245154,30.327101,2,"[1, 7, 8400]",True
309,51.224684,4.401869,14.301732,0.325651,70.253936,70.341659,2,"[1, 7, 8400]",True
310,16.147299,1.324111,11.48357,0.327742,29.282722,29.355261,2,"[1, 7, 8400]",True
311,51.46329,4.743893,14.714274,0.324293,71.24575,71.332175,2,"[1, 7, 8400]",True
312,15.526692,1.81455,11.734575,0.323385,29.399202,29.481393,2,"[1, 7, 8400]",True
313,17.937803,1.587491,11.620652,0.3252,31.471145999999997,31.544989,2,"[1, 7, 8400]",True
314,18.388242,1.557036,12.423049,0.483891,32.852218,32.934211,2,"[1, 7, 8400]",True
315,21.236061,1.260079,11.517503,0.328358,34.342001,34.415951,2,"[1, 7, 8400]",True
316,18.948176,1.503879,11.577252,0.322354,32.351661,32.425717,2,"[1, 7, 8400]",True
317,22.674172,2.645087,11.811622,0.330128,37.461009000000004,37.539519,2,"[1, 7, 8400]",True
318,49.420468,3.522592,16.760834,0.323969,70.02786300000001,70.113702,2,"[1, 7, 8400]",True
319,14.983746,2.42374,11.571889,0.329782,29.309157,29.422114,2,"[1, 7, 8400]",True
320,49.612808,2.838065,15.395307,0.321976,68.16815600000001,68.248588,2,"[1, 7, 8400]",True
321,17.19341,2.243546,11.562101,0.328339,31.327396,31.408808,2,"[1, 7, 8400]",True
322,50.02848,2.897458,15.150534,0.320736,68.39720799999999,68.475593,2,"[1, 7, 8400]",True
323,17.245788,2.15145,11.31175,0.332059,31.041047000000002,31.129482,2,"[1, 7, 8400]",True
324,50.42357,2.930447,15.134541,0.318358,68.806916,68.888604,2,"[1, 7, 8400]",True
325,17.209957,2.420435,11.439446,0.328395,31.398233,31.473659,2,"[1, 7, 8400]",True
326,49.928543,3.35699,16.690376,0.323818,70.299727,70.374729,2,"[1, 7, 8400]",True
327,15.391638,2.322848,11.334546,0.334336,29.383368,29.467684,2,"[1, 7, 8400]",True
328,17.830259,1.397925,11.577868,0.33017,31.136222,31.21455,2,"[1, 7, 8400]",True
329,22.678167,1.61892,11.71672,0.318499,36.332306,36.407489,2,"[1, 7, 8400]",True
330,50.642561,4.98372,14.850047,0.316876,70.79320399999999,70.8728,2,"[1, 7, 8400]",True
331,15.221803,1.75067,12.209446,0.331692,29.513611,29.588003,2,"[1, 7, 8400]",True
332,50.038959,3.041961,14.842109,0.320048,68.243077,68.328918,2,"[1, 7, 8400]",True
333,17.397235,1.708096,11.886995,0.321207,31.313533,31.391196,2,"[1, 7, 8400]",True
334,50.25635,3.116864,14.439098,0.33158,68.143892,68.23092,2,"[1, 7, 8400]",True
335,17.733356,1.720519,11.794275,0.317292,31.565442,31.649728,2,"[1, 7, 8400]",True
336,50.405706,3.194067,14.860239,0.325774,68.785786,68.866538,2,"[1, 7, 8400]",True
337,17.222287,1.66833,11.76431,0.322206,30.977133000000002,31.058499,2,"[1, 7, 8400]",True
338,50.411372,3.069802,14.800945,0.324173,68.60629200000001,68.68786,2,"[1, 7, 8400]",True
339,17.422347,1.726246,11.851466,0.319165,31.319224000000002,31.392591,2,"[1, 7, 8400]",True
340,17.953454,2.075276,11.408963,0.319038,31.756731,31.830048,2,"[1, 7, 8400]",True
341,22.235048,2.342583,12.524664,0.354265,37.456559999999996,37.547625,2,"[1, 7, 8400]",True
342,48.955708,3.18806,14.191846,0.339577,66.67519100000001,66.759164,2,"[1, 7, 8400]",True
343,17.873128,1.742339,11.339129,0.323681,31.278277000000003,31.353863,2,"[1, 7, 8400]",True
344,51.001164,3.841679,14.47256,0.33142,69.646823,69.739679,2,"[1, 7, 8400]",True
345,16.766638,1.865948,11.540447,0.321556,30.494589,30.572814,2,"[1, 7, 8400]",True
346,50.727,4.143901,15.422789,0.325938,70.61962799999999,70.709126,2,"[1, 7, 8400]",True
347,15.378853,1.544973,11.505056,0.325154,28.754036,28.83417,2,"[1, 7, 8400]",True
348,51.03529,4.173441,14.787842,0.408499,70.405072,70.497877,2,"[1, 7, 8400]",True
349,15.991762,1.610515,11.386148,0.331581,29.320006,29.394704,2,"[1, 7, 8400]",True
350,51.348673,4.454532,14.968439,0.32942,71.101064,71.200527,2,"[1, 7, 8400]",True
351,15.357563,1.633256,11.363598,0.329777,28.684194,28.757699,2,"[1, 7, 8400]",True
352,18.615123,1.646759,11.697048,0.321895,32.280825,32.358621,2,"[1, 7, 8400]",True
353,22.105946,1.552965,11.883765,0.324561,35.867237,35.950982,2,"[1, 7, 8400]",True
354,50.754998,3.530632,11.863293,0.330736,66.479659,66.565144,2,"[1, 7, 8400]",True
355,19.627999,2.116572,11.924327,0.322141,33.991039,34.082871,2,"[1, 7, 8400]",True
356,50.062453,3.516269,14.074605,0.357377,68.010704,68.099358,2,"[1, 7, 8400]",True
357,17.568559,1.907987,11.7502,0.330439,31.557184999999997,31.633374,2,"[1, 7, 8400]",True
358,50.216461,3.606139,15.437633,0.328203,69.588436,69.666426,2,"[1, 7, 8400]",True
359,16.10912,2.114338,11.683191,0.574814,30.481463,30.659774,2,"[1, 7, 8400]",True
360,49.885266,3.243593,14.832646,0.326769,68.288274,68.36962,2,"[1, 7, 8400]",True
361,17.146839,2.074192,11.631943,0.334948,31.187922,31.264934,2,"[1, 7, 8400]",True
362,50.03547,3.085978,15.604124,0.328906,69.054478,69.133912,2,"[1, 7, 8400]",True
363,16.692025,1.716874,11.391615,0.333698,30.134211999999998,30.218163,2,"[1, 7, 8400]",True
364,18.413506,1.469302,11.579755,0.330228,31.792791000000005,31.867299,2,"[1, 7, 8400]",True
365,22.41864,2.339521,12.304082,0.327296,37.389539,37.467969,2,"[1, 7, 8400]",True
366,49.636202,3.448954,15.116213,0.345416,68.546785,68.630608,2,"[1, 7, 8400]",True
367,16.30459,1.794125,11.756967,0.321744,30.177426,30.269427,2,"[1, 7, 8400]",True
368,50.771198,4.362247,14.887492,0.349187,70.37012399999999,70.458179,2,"[1, 7, 8400]",True
369,15.487648,1.7243,11.631678,0.322182,29.165808000000002,29.241281,2,"[1, 7, 8400]",True
370,50.654397,4.251762,14.594428,0.324755,69.82534199999999,69.909091,2,"[1, 7, 8400]",True
371,16.298553,2.068676,11.603868,0.327598,30.298695,30.375351,2,"[1, 7, 8400]",True
372,50.235433,2.54157,13.933879,0.319699,67.030581,67.106812,2,"[1, 7, 8400]",True
373,18.903315,2.384767,11.657835,0.331123,33.27704,33.353259,2,"[1, 7, 8400]",True
374,50.205505,3.81341,14.473095,0.320696,68.81270599999999,68.901405,2,"[1, 7, 8400]",True
375,16.547629,1.962514,11.797091,0.326135,30.633369000000002,30.716018,2,"[1, 7, 8400]",True
376,17.971384,1.716518,11.473534,0.32505,31.486486000000003,31.5601,2,"[1, 7, 8400]",True
377,22.496018,2.181795,11.705345,0.331795,36.714953,36.817274,2,"[1, 7, 8400]",True
378,49.845745,3.255933,15.252316,0.327574,68.681568,68.76421,2,"[1, 7, 8400]",True
379,16.760087,3.810269,12.360062,0.325962,33.25637999999999,33.333671,2,"[1, 7, 8400]",True
380,47.691076,2.949905,14.688091,0.334542,65.663614,65.739397,2,"[1, 7, 8400]",True
381,17.723236,2.227573,11.641834,0.345917,31.93856,32.022713,2,"[1, 7, 8400]",True
382,49.920104,2.88899,14.874556,0.319248,68.002898,68.101853,2,"[1, 7, 8400]",True
383,17.599105,2.372259,11.65738,0.337415,31.966159,32.040022,2,"[1, 7, 8400]",True
384,49.953257,5.332711,16.250729,0.31339,71.850087,71.939821,2,"[1, 7, 8400]",True
385,13.533135,2.165858,11.317423,0.345465,27.361881,27.444596,2,"[1, 7, 8400]",True
386,50.044341,2.893182,12.424579,0.490764,65.852866,65.966804,2,"[1, 7, 8400]",True
387,19.992939,2.060309,11.281212,0.357642,33.692102,33.778026,2,"[1, 7, 8400]",True
388,18.083177,1.81429,11.555969,0.321331,31.774766999999997,31.849427,2,"[1, 7, 8400]",True
389,22.562992,1.858522,11.899386,0.362214,36.683114,36.759851,2,"[1, 7, 8400]",True
390,50.147335,3.761631,15.43548,0.331012,69.675458,69.760351,2,"[1, 7, 8400]",True
391,15.884845,1.554844,11.630364,0.322338,29.392391,29.464251,2,"[1, 7, 8400]",True
392,50.9179,4.028758,14.865437,0.32903,70.141125,70.237006,2,"[1, 7, 8400]",True
393,16.180043,1.727522,11.415888,0.320647,29.6441,29.723394,2,"[1, 7, 8400]",True
394,50.865302,3.818202,14.821526,0.334676,69.839706,69.92962,2,"[1, 7, 8400]",True
395,16.567953,1.705769,11.655734,0.318419,30.247875,30.326519,2,"[1, 7, 8400]",True
396,50.385413,3.559823,14.531708,0.327538,68.80448200000001,68.91129,2,"[1, 7, 8400]",True
397,17.314131,2.173336,11.58863,0.322496,31.398592999999998,31.476342,2,"[1, 7, 8400]",True
398,50.262294,3.787735,14.623808,0.358347,69.03218399999999,69.128815,2,"[1, 7, 8400]",True
399,16.540097,1.898385,11.71167,0.32549,30.475641999999997,30.568718,2,"[1, 7, 8400]",True
400,17.907271,1.96086,11.227859,0.332277,31.428267,31.506786,2,"[1, 7, 8400]",True
401,18.184058,1.580704,11.623315,0.327237,31.715314000000003,31.790293,2,"[1, 7, 8400]",True
402,22.703317,1.999104,11.959083,0.323105,36.98460899999999,37.056301,2,"[1, 7, 8400]",True
403,17.448757,1.739334,11.358921,0.334206,30.881218000000004,30.986866,2,"[1, 7, 8400]",True
404,22.588076,1.57867,11.716278,0.327921,36.210945,36.284182,2,"[1, 7, 8400]",True
405,50.895998,4.109476,14.018976,0.367178,69.391628,69.48531,2,"[1, 7, 8400]",True
406,16.779614,4.489034,13.385567,0.329401,34.983616,35.060583,2,"[1, 7, 8400]",True
407,46.296564,3.992235,14.655196,0.387515,65.33151,65.429428,2,"[1, 7, 8400]",True
408,16.086625,1.499858,11.412181,0.343446,29.34211,29.430703,2,"[1, 7, 8400]",True
409,51.250613,3.872149,13.898348,0.320775,69.341885,69.425522,2,"[1, 7, 8400]",True
410,17.437278,1.513315,11.568327,0.353551,30.872470999999997,30.954548,2,"[1, 7, 8400]",True
411,50.95854,4.104007,13.64311,0.333541,69.039198,69.135762,2,"[1, 7, 8400]",True
412,17.206664,1.426334,11.474653,0.333194,30.440845,30.518171,2,"[1, 7, 8400]",True
413,51.220947,3.803904,14.863317,0.331125,70.21929300000001,70.325857,2,"[1, 7, 8400]",True
414,16.257343,1.621385,11.367005,0.369456,29.615189,29.729904,2,"[1, 7, 8400]",True
415,18.512458,1.627833,11.319026,0.377975,31.837291999999998,31.939201,2,"[1, 7, 8400]",True
416,22.82282,2.360498,11.797961,0.321847,37.303126,37.385191,2,"[1, 7, 8400]",True
417,49.607498,3.260454,13.564955,0.317952,66.750859,66.832677,2,"[1, 7, 8400]",True
418,14.364887,1.685235,11.253056,0.328665,27.631843,27.711691,2,"[1, 7, 8400]",True
419,22.495197,1.654338,11.525395,0.33579,36.010720000000006,36.087336,2,"[1, 7, 8400]",True
420,18.590079,1.468864,11.573676,0.495881,32.128499999999995,32.230146,2,"[1, 7, 8400]",True
421,22.429852,1.577923,11.322009,0.32588,35.655663999999994,35.736424,2,"[1, 7, 8400]",True
422,50.904741,3.080067,13.458893,0.324804,67.768505,67.844672,2,"[1, 7, 8400]",True
423,18.773903,1.630449,11.384075,0.319612,32.108039,32.186741,2,"[1, 7, 8400]",True
424,50.801896,2.922957,13.397298,0.333439,67.45559,67.55338,2,"[1, 7, 8400]",True
425,19.008663,1.950343,11.40566,0.323563,32.688229,32.780725,2,"[1, 7, 8400]",True
426,50.455133,2.928999,13.450003,0.315562,67.14969699999999,67.236184,2,"[1, 7, 8400]",True
427,18.933028,1.586502,11.693299,0.321385,32.534214,32.60745,2,"[1, 7, 8400]",True
428,18.237339,1.297927,11.617477,0.332827,31.485570000000003,31.564438,2,"[1, 7, 8400]",True
429,18.726768,1.440271,11.681262,0.462063,32.310364,32.397032,2,"[1, 7, 8400]",True
430,22.237766,1.529648,11.390087,0.328789,35.486290000000004,35.576875,2,"[1, 7, 8400]",True
431,18.708942,1.346807,11.352808,0.333717,31.742274,31.815911,2,"[1, 7, 8400]",True
432,18.953869,1.465322,11.727621,0.417334,32.564145999999994,32.642825,2,"[1, 7, 8400]",True
433,22.093912,1.64886,11.315647,0.327909,35.386328,35.464179,2,"[1, 7, 8400]",True
434,18.700841,1.346609,11.436641,0.356334,31.840425,31.915875,2,"[1, 7, 8400]",True
435,22.91888,1.588306,11.964821,0.316424,36.788431,36.861437,2,"[1, 7, 8400]",True
436,50.020143,2.603782,13.140777,0.338112,66.102814,66.181096,2,"[1, 7, 8400]",True
437,19.809597,1.622625,11.965663,0.320497,33.718382000000005,33.801905,2,"[1, 7, 8400]",True
438,50.062471,2.587221,14.861533,0.328697,67.839922,67.923555,2,"[1, 7, 8400]",True
439,18.102341,1.739296,11.953395,0.331255,32.126287,32.200099,2,"[1, 7, 8400]",True
440,49.91942,2.566955,14.443977,0.328308,67.25866,67.342352,2,"[1, 7, 8400]",True
441,18.313488,1.741097,11.813585,0.320816,32.188986,32.266067,2,"[1, 7, 8400]",True
442,18.198683,1.591863,11.452648,0.332386,31.57558,31.658684,2,"[1, 7, 8400]",True
443,18.398872,1.448609,11.479091,0.334962,31.661534000000003,31.741714,2,"[1, 7, 8400]",True
444,22.725879,1.86461,12.430502,0.320169,37.341159999999995,37.416673,2,"[1, 7, 8400]",True
445,17.270216,1.659481,11.440367,0.332776,30.70284,30.78223,2,"[1, 7, 8400]",True
446,18.352669,1.548178,11.781002,0.331193,32.013042,32.100218,2,"[1, 7, 8400]",True
447,22.380232,2.034818,12.613551,0.322156,37.350757,37.460447,2,"[1, 7, 8400]",True
448,16.755247,1.551222,11.123584,0.32552,29.755573000000002,29.834508,2,"[1, 7, 8400]",True
449,23.028846,2.169487,11.389634,0.326324,36.914291,36.997965,2,"[1, 7, 8400]",True
450,50.421965,3.330426,14.853457,0.31967,68.92551800000001,69.002948,2,"[1, 7, 8400]",True
451,16.877158,1.919907,11.22079,0.335958,30.353813,30.443606,2,"[1, 7, 8400]",True
452,50.787931,2.875522,13.622684,0.322677,67.608814,67.690086,2,"[1, 7, 8400]",True
453,18.653837,2.194147,11.164187,0.33424,32.346411,32.42512,2,"[1, 7, 8400]",True
454,50.764064,2.993612,13.743547,0.320463,67.821686,67.901979,2,"[1, 7, 8400]",True
455,18.348946,1.585907,11.458921,0.338394,31.732168,31.808495,2,"[1, 7, 8400]",True
456,18.658239,1.520787,11.758038,0.316587,32.253651,32.330972,2,"[1, 7, 8400]",True
457,18.323876,1.571166,11.315754,0.338757,31.549553000000003,31.631011,2,"[1, 7, 8400]",True
458,22.615404,2.454476,11.582158,0.331411,36.98344900000001,37.061021,2,"[1, 7, 8400]",True
459,17.590231,1.583774,11.706119,0.31966,31.199784,31.277513,2,"[1, 7, 8400]",True
460,18.315023,1.492644,11.268021,0.336786,31.412474,31.495652,2,"[1, 7, 8400]",True
461,22.752721,2.323792,11.631258,0.338027,37.045798,37.129092,2,"[1, 7, 8400]",True
462,17.606426,1.798502,11.684276,0.322121,31.411324999999998,31.483156,2,"[1, 7, 8400]",True
463,22.25882,2.203765,11.455465,0.33269,36.25074,36.337035,2,"[1, 7, 8400]",True
464,50.00205,2.726031,14.601869,0.324262,67.654212,67.736646,2,"[1, 7, 8400]",True
465,18.198399,4.820632,13.329821,0.330393,36.679245,36.754795,2,"[1, 7, 8400]",True
466,45.588793,2.829816,14.637901,0.334418,63.390928,63.471065,2,"[1, 7, 8400]",True
467,17.891686,2.175428,11.67886,0.325377,32.071351,32.148052,2,"[1, 7, 8400]",True
468,49.808626,2.644422,14.35326,0.324103,67.130411,67.207298,2,"[1, 7, 8400]",True
469,18.437854,2.161187,11.661453,0.326738,32.587232,32.681401,2,"[1, 7, 8400]",True
470,17.447145,1.844512,11.165467,0.33932,30.796444,30.875283,2,"[1, 7, 8400]",True
471,18.842103,1.56676,11.653656,0.316858,32.379377000000005,32.452665,2,"[1, 7, 8400]",True
472,22.422405,1.852995,11.786638,0.357804,36.419842,36.503304,2,"[1, 7, 8400]",True
473,17.676293,1.563894,11.204085,0.332951,30.777223000000003,30.856987,2,"[1, 7, 8400]",True
474,23.022993,2.293329,14.512993,0.33451,40.163825,40.238151,2,"[1, 7, 8400]",True
475,46.90126,2.925058,14.677066,0.339311,64.84269499999999,64.929956,2,"[1, 7, 8400]",True
476,17.77415,1.950879,12.242373,0.326287,32.293689,32.368697,2,"[1, 7, 8400]",True
477,49.620581,2.963849,14.523559,0.361371,67.46936000000001,67.550769,2,"[1, 7, 8400]",True
478,17.764406,1.958999,12.478693,0.337038,32.539136,32.62066,2,"[1, 7, 8400]",True
479,49.284369,2.765737,14.779199,0.348951,67.178256,67.262661,2,"[1, 7, 8400]",True
480,17.987166,2.182496,13.454198,0.329301,33.953161,34.027734,2,"[1, 7, 8400]",True
481,48.034974,2.891089,14.721272,0.334159,65.981494,66.061947,2,"[1, 7, 8400]",True
482,17.776296,1.670046,12.198464,0.329972,31.974777999999997,32.048,2,"[1, 7, 8400]",True
483,17.69985,1.507847,11.537726,0.329931,31.075354,31.162621,2,"[1, 7, 8400]",True
484,18.460068,3.430992,11.997554,0.327736,34.21635,34.292506,2,"[1, 7, 8400]",True
485,20.29584,2.262892,12.320794,0.324969,35.204495,35.290735,2,"[1, 7, 8400]",True
486,16.978506,1.483789,11.549555,0.323889,30.335739000000004,30.409879,2,"[1, 7, 8400]",True
487,18.381526,2.000996,11.102332,0.3307,31.815554000000002,31.901983,2,"[1, 7, 8400]",True
488,22.659479,1.87032,13.718634,0.324733,38.573166,38.659391,2,"[1, 7, 8400]",True
489,15.966636,1.727053,11.935913,0.323012,29.952613999999997,30.091089,2,"[1, 7, 8400]",True
490,17.830613,2.009202,11.311236,0.363525,31.514576,31.594796,2,"[1, 7, 8400]",True
491,22.148525,1.758544,12.385447,0.336489,36.629005,36.705012,2,"[1, 7, 8400]",True
492,17.522781,1.590122,11.835502,0.333744,31.282149,31.363663,2,"[1, 7, 8400]",True
493,22.244226,3.449633,13.37086,0.318981,39.3837,39.45754,2,"[1, 7, 8400]",True
494,47.116817,3.180648,14.144089,0.358255,64.799809,64.883575,2,"[1, 7, 8400]",True
495,17.788214,1.672688,11.285665,0.327819,31.074386,31.175915,2,"[1, 7, 8400]",True
496,50.865491,3.040259,14.274232,0.332803,68.512785,68.597774,2,"[1, 7, 8400]",True
497,17.948658,1.623923,11.266696,0.336728,31.176005,31.259811,2,"[1, 7, 8400]",True
498,18.644265,1.545972,12.288446,0.365383,32.844066000000005,32.918479,2,"[1, 7, 8400]",True
499,17.666025,1.479491,11.317524,0.409573,30.872613,30.958192,2,"[1, 7, 8400]",True
500,22.806849,2.31551,11.605489,0.328853,37.056701000000004,37.146631,2,"[1, 7, 8400]",True
501,17.62817,1.557803,12.126336,0.332858,31.645167,31.727243,2,"[1, 7, 8400]",True
502,17.839701,1.702153,11.457097,0.335972,31.334923,31.425542,2,"[1, 7, 8400]",True
503,22.445363,2.052205,11.562746,0.331294,36.391608000000005,36.475759,2,"[1, 7, 8400]",True
504,17.896789,1.594937,12.236697,0.347137,32.075559999999996,32.151763,2,"[1, 7, 8400]",True
505,17.719986,1.541203,11.583644,0.326947,31.17178,31.249569,2,"[1, 7, 8400]",True
506,22.532691,2.178648,11.544832,0.336221,36.592392,36.672435,2,"[1, 7, 8400]",True
507,17.707576,1.582282,12.147429,0.387143,31.82443,31.911646,2,"[1, 7, 8400]",True
508,21.969703,2.055629,12.044609,0.327536,36.397477,36.482109,2,"[1, 7, 8400]",True
509,49.304439,2.791153,15.359212,0.358711,67.813515,67.891949,2,"[1, 7, 8400]",True
510,17.332405,1.979503,11.991652,0.335692,31.639252000000006,31.714512,2,"[1, 7, 8400]",True
511,49.947595,2.906112,14.616233,0.341359,67.81129899999999,67.903524,2,"[1, 7, 8400]",True
512,17.816363,1.769069,11.55065,0.317665,31.453746999999996,31.527986,2,"[1, 7, 8400]",True
513,18.228968,1.610365,11.260101,0.334753,31.434187,31.516469,2,"[1, 7, 8400]",True
514,18.69853,1.568055,11.770173,0.322015,32.35877300000001,32.440434,2,"[1, 7, 8400]",True
515,22.343248,2.194634,12.044143,0.325283,36.907308,36.991319,2,"[1, 7, 8400]",True
516,17.234262,1.527367,11.266111,0.334392,30.362132000000003,30.445875,2,"[1, 7, 8400]",True
517,18.826681,1.653738,12.193017,0.326395,32.999831,33.080014,2,"[1, 7, 8400]",True
518,21.498915,1.55395,11.642381,0.325067,35.020312999999994,35.104878,2,"[1, 7, 8400]",True
519,18.473504,1.611247,11.253553,0.32941,31.667713999999997,31.749064,2,"[1, 7, 8400]",True
520,18.884436,1.954382,12.903035,0.333728,34.075581,34.176869,2,"[1, 7, 8400]",True
521,20.673963,2.369813,11.920185,0.326955,35.290915999999996,35.368102,2,"[1, 7, 8400]",True
522,17.26351,1.566222,11.279508,0.336616,30.445856,30.531728,2,"[1, 7, 8400]",True
523,22.720105,2.985195,12.10889,0.340655,38.154845,38.236123,2,"[1, 7, 8400]",True
524,48.672985,2.806852,12.214278,0.435652,64.129767,64.219286,2,"[1, 7, 8400]",True
525,20.186525,2.267769,11.696502,0.334972,34.485768,34.562176,2,"[1, 7, 8400]",True
526,50.035194,3.324281,15.381056,0.34418,69.08471099999998,69.163873,2,"[1, 7, 8400]",True
527,16.469384,2.320745,11.640917,0.322464,30.753510000000002,30.832933,2,"[1, 7, 8400]",True
528,49.923952,3.03289,12.870916,0.355992,66.18375,66.281773,2,"[1, 7, 8400]",True
529,19.186315,2.006522,11.701583,0.324068,33.218487999999994,33.293226,2,"[1, 7, 8400]",True
530,17.993004,1.601614,11.424968,0.322085,31.341671,31.41478,2,"[1, 7, 8400]",True
531,18.555559,1.427433,11.337324,0.335881,31.656197,31.737459,2,"[1, 7, 8400]",True
532,22.732491,2.114168,11.674582,0.329093,36.850334,36.929211,2,"[1, 7, 8400]",True
533,17.893919,1.614927,11.379516,0.323797,31.212159,31.286958,2,"[1, 7, 8400]",True
534,18.57852,1.700594,11.368369,0.330076,31.977559,32.069453,2,"[1, 7, 8400]",True
535,22.431712,2.05612,11.678805,0.332794,36.499431,36.574841,2,"[1, 7, 8400]",True
536,17.881174,1.590626,11.410744,0.32054,31.203084000000004,31.285271,2,"[1, 7, 8400]",True
537,22.633195,1.774827,11.706008,0.314552,36.428582,36.501686,2,"[1, 7, 8400]",True
538,50.668036,3.804512,15.091368,0.324967,69.888883,69.967322,2,"[1, 7, 8400]",True
539,16.176539,2.509456,12.395144,0.34372,31.424859,31.502765,2,"[1, 7, 8400]",True
540,48.854539,2.959781,12.959873,0.322635,65.096828,65.180264,2,"[1, 7, 8400]",True
541,19.458346,1.497463,11.532819,0.3191,32.807728,32.88295,2,"[1, 7, 8400]",True
542,51.076873,4.507842,15.363047,0.317385,71.265147,71.347078,2,"[1, 7, 8400]",True
543,15.016806,1.397212,11.488185,0.324675,28.226878,28.297507,2,"[1, 7, 8400]",True
544,18.709202,1.913145,11.631878,0.325676,32.57990100000001,32.671517,2,"[1, 7, 8400]",True
545,18.174063,1.808913,11.443264,0.320925,31.747165,31.825142,2,"[1, 7, 8400]",True
546,22.32996,1.881397,11.492958,0.316409,36.020724,36.099721,2,"[1, 7, 8400]",True
547,18.096551,1.620078,11.672309,0.319407,31.708345,31.781052,2,"[1, 7, 8400]",True
548,18.374047,1.388994,11.394868,0.325941,31.483850000000004,31.566549,2,"[1, 7, 8400]",True
549,22.930432,1.954414,12.848871,0.354298,38.088015,38.164267,2,"[1, 7, 8400]",True
550,16.64838,2.030504,11.55242,0.324608,30.555912000000003,30.63687,2,"[1, 7, 8400]",True
551,22.152639,2.564843,11.681806,0.326618,36.725906,36.802971,2,"[1, 7, 8400]",True
552,49.737307,3.939399,14.460362,0.336331,68.473399,68.567977,2,"[1, 7, 8400]",True
553,16.674411,1.505006,11.400994,0.324748,29.905159,29.982609,2,"[1, 7, 8400]",True
554,50.895774,3.041965,15.622348,0.345601,69.905688,69.991073,2,"[1, 7, 8400]",True
555,16.728235,1.719595,11.504875,0.320025,30.272730000000003,30.352074,2,"[1, 7, 8400]",True
556,50.560041,3.236026,14.845479,0.322856,68.964402,69.04899,2,"[1, 7, 8400]",True
557,17.16729,1.567996,11.55009,0.327503,30.612879000000003,30.688522,2,"[1, 7, 8400]",True
558,18.454456,1.545848,11.43772,0.322146,31.76017,31.84107,2,"[1, 7, 8400]",True
559,18.579954,3.507331,11.714231,0.341674,34.14319,34.227965,2,"[1, 7, 8400]",True
560,20.385691,1.688167,11.682639,0.327059,34.083556,34.17647,2,"[1, 7, 8400]",True
561,18.105534,1.502899,11.530808,0.319981,31.459221999999997,31.540751,2,"[1, 7, 8400]",True
562,22.590593,2.191898,11.430589,0.335589,36.548669,36.647661,2,"[1, 7, 8400]",True
563,50.319726,3.214074,14.511443,0.319362,68.364605,68.442962,2,"[1, 7, 8400]",True
564,17.444402,1.716584,11.310457,0.329318,30.800761,30.881618,2,"[1, 7, 8400]",True
565,50.98894,3.012218,15.090411,0.319896,69.41146499999999,69.492814,2,"[1, 7, 8400]",True
566,17.181946,2.155095,11.482077,0.360439,31.179557,31.262315,2,"[1, 7, 8400]",True
567,50.122338,3.448834,13.804863,0.325564,67.701599,67.780222,2,"[1, 7, 8400]",True
568,17.981875,2.093712,11.31602,0.403648,31.795255,31.879422,2,"[1, 7, 8400]",True
569,50.450117,3.191184,14.289621,0.322607,68.253529,68.33674,2,"[1, 7, 8400]",True
570,17.761858,1.903138,11.199715,0.329437,31.194148,31.274559,2,"[1, 7, 8400]",True
571,18.485666,1.592684,11.429315,0.325888,31.833552999999995,31.904413,2,"[1, 7, 8400]",True
572,18.480165,1.540218,11.292846,0.333275,31.646504,31.722986,2,"[1, 7, 8400]",True
573,22.846624,2.873506,11.815735,0.327589,37.863454000000004,37.96928,2,"[1, 7, 8400]",True
574,16.877326,2.630092,12.072736,0.357832,31.937986,32.030243,2,"[1, 7, 8400]",True
575,16.77528,1.456662,11.556239,0.321117,30.109298000000003,30.184475,2,"[1, 7, 8400]",True
576,22.473431,2.110688,11.506391,0.33355,36.424060000000004,36.516439,2,"[1, 7, 8400]",True
577,17.956798,1.763817,11.488021,0.325583,31.534219,31.61031,2,"[1, 7, 8400]",True
578,22.51497,2.269148,11.67979,0.319311,36.783219,36.867808,2,"[1, 7, 8400]",True
579,49.82315,2.78775,14.89667,0.472651,67.980221,68.077174,2,"[1, 7, 8400]",True
580,17.475374,2.207855,11.451759,0.335223,31.470210999999995,31.54788,2,"[1, 7, 8400]",True
581,50.51197,3.731675,14.262128,0.327379,68.833152,68.917272,2,"[1, 7, 8400]",True
582,17.042089,1.681695,11.402965,0.322619,30.449368000000003,30.524066,2,"[1, 7, 8400]",True
583,50.598257,2.71715,14.810964,0.367871,68.49424199999999,68.571684,2,"[1, 7, 8400]",True
584,17.867471,1.999576,11.416277,0.349401,31.632725,31.710195,2,"[1, 7, 8400]",True
585,18.082451,1.863133,11.446009,0.326938,31.718531,31.80975,2,"[1, 7, 8400]",True
586,18.303581,1.530569,11.67305,0.32422,31.83142,31.910212,2,"[1, 7, 8400]",True
587,22.406482,2.166882,11.661706,0.336894,36.571964,36.646051,2,"[1, 7, 8400]",True
588,17.596424,2.031916,11.334838,0.328884,31.292061999999998,31.369276,2,"[1, 7, 8400]",True
589,18.357138,1.570347,12.109629,0.333928,32.371041999999996,32.453846,2,"[1, 7, 8400]",True
590,21.907809,2.119667,11.928039,0.348081,36.303596,36.384125,2,"[1, 7, 8400]",True
591,17.552632,2.435598,11.555126,0.314881,31.858236999999995,31.928497,2,"[1, 7, 8400]",True
592,17.543001,1.449951,11.375114,0.338943,30.707009,30.785022,2,"[1, 7, 8400]",True
593,22.798588,2.258709,11.833048,0.324697,37.215042,37.307857,2,"[1, 7, 8400]",True
594,17.35955,1.866657,11.205367,0.328976,30.76055,30.84131,2,"[1, 7, 8400]",True
595,22.438253,2.215918,11.664121,0.354171,36.672463,36.746368,2,"[1, 7, 8400]",True
596,49.895643,2.290243,14.107083,0.315898,66.608867,66.689729,2,"[1, 7, 8400]",True
597,18.949453,2.287126,11.842873,0.330447,33.409899,33.485653,2,"[1, 7, 8400]",True
598,49.720352,2.626231,14.734806,0.317632,67.399021,67.473849,2,"[1, 7, 8400]",True
599,18.032062,2.171706,11.928842,0.329033,32.461643,32.538343,2,"[1, 7, 8400]",True
600,17.615612,2.100797,11.55214,0.328033,31.596582,31.677823,2,"[1, 7, 8400]",True
601,17.762528,1.666612,11.215548,0.336184,30.980872,31.062621,2,"[1, 7, 8400]",True
602,22.774464,2.449318,11.899666,0.394566,37.518013999999994,37.596574,2,"[1, 7, 8400]",True
603,17.182453,2.602214,12.817006,0.324149,32.925822,32.999206,2,"[1, 7, 8400]",True
604,16.185343,1.976641,11.318341,0.328815,29.80914,29.888945,2,"[1, 7, 8400]",True
605,22.20894,2.456565,12.091057,0.342635,37.099197000000004,37.173765,2,"[1, 7, 8400]",True
606,17.032344,1.528556,11.478248,0.319931,30.359078999999998,30.430424,2,"[1, 7, 8400]",True
607,18.646239,1.636729,11.155514,0.33508,31.773562000000002,31.851771,2,"[1, 7, 8400]",True
608,22.725332,2.891898,12.22666,0.343656,38.187546000000005,38.261827,2,"[1, 7, 8400]",True
609,16.477764,1.772704,11.384083,0.325175,29.959726000000003,30.043008,2,"[1, 7, 8400]",True
610,22.517148,1.945724,11.624047,0.329244,36.416163,36.490121,2,"[1, 7, 8400]",True
611,50.583737,4.646565,14.362038,0.360218,69.95255800000001,70.035793,2,"[1, 7, 8400]",True
612,15.919006,1.450085,11.67115,0.318851,29.359092,29.430699,2,"[1, 7, 8400]",True
613,51.008238,4.483667,14.421801,0.323284,70.23698999999999,70.320719,2,"[1, 7, 8400]",True
614,16.053129,1.494643,11.653386,0.315829,29.516987,29.588341,2,"[1, 7, 8400]",True
615,18.36252,2.224445,11.50287,0.393404,32.483239,32.557467,2,"[1, 7, 8400]",True
616,17.924693,1.490199,11.553354,0.319353,31.287599,31.363258,2,"[1, 7, 8400]",True
617,22.576722,2.211724,11.647075,0.322145,36.757666,36.840878,2,"[1, 7, 8400]",True
618,17.563367,2.405278,11.803162,0.315696,32.087503,32.172548,2,"[1, 7, 8400]",True
619,17.475807,1.543063,12.030767,0.323859,31.373496,31.459638,2,"[1, 7, 8400]",True
620,22.072498,2.114786,11.581079,0.327735,36.096098,36.178386,2,"[1, 7, 8400]",True
621,17.704087,2.096614,11.440643,0.338717,31.580060999999997,31.663126,2,"[1, 7, 8400]",True
622,17.995099,1.591013,11.549157,0.31702,31.452289,31.526552,2,"[1, 7, 8400]",True
623,22.588636,2.003889,11.818296,0.331048,36.741869,36.817747,2,"[1, 7, 8400]",True
624,17.665086,2.077605,11.611592,0.348588,31.702871000000002,31.784614,2,"[1, 7, 8400]",True
625,22.105964,2.285609,12.016905,0.313875,36.722353000000005,36.79956,2,"[1, 7, 8400]",True
626,49.447071,5.060937,17.614305,0.352774,72.475087,72.552404,2,"[1, 7, 8400]",True
627,12.645245,1.659566,11.842525,0.33773,26.485066,26.558488,2,"[1, 7, 8400]",True
628,50.20816,3.076333,15.853903,0.337065,69.475461,69.583434,2,"[1, 7, 8400]",True
629,16.406557,1.702559,12.392878,0.319322,30.821316,30.90943,2,"[1, 7, 8400]",True
630,17.306371,1.535039,11.518362,0.324832,30.684604,30.760789,2,"[1, 7, 8400]",True
631,18.587954,1.744344,11.67062,0.329334,32.332252000000004,32.434497,2,"[1, 7, 8400]",True
632,22.369455,2.656087,12.89083,0.325649,38.242020999999994,38.322721,2,"[1, 7, 8400]",True
633,15.888448,1.459795,11.461781,0.322603,29.132627,29.205737,2,"[1, 7, 8400]",True
634,18.594674,1.778959,11.663646,0.329603,32.366882,32.460866,2,"[1, 7, 8400]",True
635,22.308505,2.697033,12.767701,0.317787,38.09102600000001,38.171571,2,"[1, 7, 8400]",True
636,16.055199,1.469732,11.409683,0.326442,29.261056000000004,29.347415,2,"[1, 7, 8400]",True
637,18.897292,2.35152,11.784269,0.382539,33.415620000000004,33.497647,2,"[1, 7, 8400]",True
638,21.261776,2.635333,12.459148,0.345607,36.701864,36.779329,2,"[1, 7, 8400]",True
639,16.378536,2.049722,12.789874,0.339047,31.557178999999998,31.63278,2,"[1, 7, 8400]",True
640,20.730478,1.954063,11.509768,0.323416,34.517725000000006,34.598021,2,"[1, 7, 8400]",True
641,50.359396,2.733992,14.714544,0.335639,68.143571,68.221965,2,"[1, 7, 8400]",True
642,17.993056,2.284598,11.740759,0.361844,32.38025699999999,32.455853,2,"[1, 7, 8400]",True
643,49.648233,2.861173,15.064944,0.32619,67.90053999999999,67.984096,2,"[1, 7, 8400]",True
644,17.521625,1.991413,11.702093,0.325977,31.541108,31.614856,2,"[1, 7, 8400]",True
645,50.071997,5.005207,15.027596,0.319429,70.424229,70.50149,2,"[1, 7, 8400]",True
646,15.229914,1.561449,11.436005,0.323397,28.550765,28.625063,2,"[1, 7, 8400]",True
647,18.574596,1.563441,11.796565,0.321845,32.256447,32.33045,2,"[1, 7, 8400]",True
648,18.116724,1.487034,11.516371,0.333239,31.453368,31.538169,2,"[1, 7, 8400]",True
649,22.768374,1.899951,12.116968,0.326874,37.112167,37.185648,2,"[1, 7, 8400]",True
650,17.549433,1.61086,11.766336,0.322698,31.249326999999997,31.326433,2,"[1, 7, 8400]",True
651,22.288484,2.340178,11.648487,0.327791,36.60493999999999,36.685523,2,"[1, 7, 8400]",True
652,50.183188,4.036186,15.036728,0.331988,69.58809,69.673292,2,"[1, 7, 8400]",True
653,15.884558,1.82983,11.522738,0.323199,29.560325,29.639643,2,"[1, 7, 8400]",True
654,50.908949,4.084931,15.076137,0.32206,70.39207699999999,70.478652,2,"[1, 7, 8400]",True
655,15.725244,1.526357,11.671491,0.32501,29.248102,29.326273,2,"[1, 7, 8400]",True
656,51.035312,4.384194,14.972306,0.325015,70.716827,70.802027,2,"[1, 7, 8400]",True
657,15.549464,1.534265,11.546342,0.325724,28.955795000000002,29.034557,2,"[1, 7, 8400]",True
658,51.271412,4.310655,15.164838,0.327741,71.074646,71.169746,2,"[1, 7, 8400]",True
659,15.228425,1.462448,11.436612,0.366261,28.493746,28.572902,2,"[1, 7, 8400]",True
660,18.70045,1.594626,11.582165,0.355239,32.23248,32.308118,2,"[1, 7, 8400]",True
661,18.401987,1.564761,11.610726,0.320822,31.898296,31.975558,2,"[1, 7, 8400]",True
662,22.416633,2.338158,11.810849,0.331917,36.897557,36.979097,2,"[1, 7, 8400]",True
663,17.37913,1.581427,11.605272,0.320909,30.886738,30.965242,2,"[1, 7, 8400]",True
664,18.44581,1.781253,11.615326,0.361431,32.20382,32.278678,2,"[1, 7, 8400]",True
665,22.145546,1.738485,11.446725,0.401826,35.732582,35.818587,2,"[1, 7, 8400]",True
666,18.378867,1.750935,11.5947,0.321042,32.045544,32.119775,2,"[1, 7, 8400]",True
667,22.133578,2.150701,12.023025,0.351293,36.658597,36.733818,2,"[1, 7, 8400]",True
668,49.62069,2.87159,15.73221,0.330014,68.55450400000001,68.631057,2,"[1, 7, 8400]",True
669,16.812036,2.418561,11.687852,0.32564,31.244089,31.319994,2,"[1, 7, 8400]",True
670,49.680343,3.176299,13.746527,0.32141,66.92457900000001,67.007006,2,"[1, 7, 8400]",True
671,18.402302,1.975493,11.913738,0.322656,32.614189,32.693847,2,"[1, 7, 8400]",True
672,49.845013,2.902018,14.368507,0.324078,67.439616,67.523849,2,"[1, 7, 8400]",True
673,18.076936,2.467271,11.382208,0.360859,32.287274,32.369367,2,"[1, 7, 8400]",True
674,17.729855,1.479558,11.210502,0.329418,30.749333000000004,30.834492,2,"[1, 7, 8400]",True
675,18.941789,1.747056,12.024194,0.328519,33.041558,33.115437,2,"[1, 7, 8400]",True
676,21.734256,2.174225,11.445543,0.337369,35.691393,35.771198,2,"[1, 7, 8400]",True
677,17.961311,1.450677,11.384105,0.328169,31.124261999999998,31.200337,2,"[1, 7, 8400]",True
678,18.833549,1.573121,11.536998,0.323323,32.266991000000004,32.347799,2,"[1, 7, 8400]",True
679,22.393667,2.498762,11.50401,0.330857,36.727296,36.803089,2,"[1, 7, 8400]",True
680,17.587415,1.75995,11.692357,0.319494,31.359215999999996,31.435177,2,"[1, 7, 8400]",True
681,22.31222,2.55689,12.361099,0.353822,37.584031,37.664921,2,"[1, 7, 8400]",True
682,48.751118,3.017641,12.939564,0.330317,65.03863999999999,65.123142,2,"[1, 7, 8400]",True
683,19.466074,2.210542,12.522845,0.321691,34.521152,34.602029,2,"[1, 7, 8400]",True
684,49.0448,3.233535,14.172198,0.328383,66.778916,66.859538,2,"[1, 7, 8400]",True
685,17.973915,2.32746,11.859418,0.323632,32.484425,32.559547,2,"[1, 7, 8400]",True
686,49.64196,3.210005,14.687838,0.328605,67.868408,67.948451,2,"[1, 7, 8400]",True
687,17.272466,2.264385,11.906774,0.323882,31.767507000000005,31.848057,2,"[1, 7, 8400]",True
688,17.354381,3.570873,12.310494,0.324208,33.559956,33.634353,2,"[1, 7, 8400]",True
689,15.70943,1.8113,11.413277,0.326548,29.260555,29.342097,2,"[1, 7, 8400]",True
690,22.390497,2.878985,11.704274,0.325252,37.299008,37.393817,2,"[1, 7, 8400]",True
691,16.948389,1.682354,11.486786,0.327152,30.444681,30.521648,2,"[1, 7, 8400]",True
692,18.486545,1.517983,11.450618,0.322468,31.777614,31.85246,2,"[1, 7, 8400]",True
693,22.631059,2.415413,12.102199,0.330378,37.479049,37.552884,2,"[1, 7, 8400]",True
694,16.976745,2.157406,11.502108,0.322431,30.958690000000004,31.033945,2,"[1, 7, 8400]",True
695,22.126713,2.184406,12.477072,0.333962,37.122153,37.198166,2,"[1, 7, 8400]",True
696,49.483501,4.131028,14.377551,0.361866,68.35394600000001,68.470577,2,"[1, 7, 8400]",True
697,16.373784,1.706582,11.539206,0.322756,29.942328,30.02457,2,"[1, 7, 8400]",True
698,50.668877,4.084708,15.476102,0.357419,70.58710599999999,70.677372,2,"[1, 7, 8400]",True
699,15.572489,1.556843,11.418379,0.326627,28.874337999999998,28.952755,2,"[1, 7, 8400]",True
700,51.150168,3.739427,14.941822,0.406348,70.237765,70.326585,2,"[1, 7, 8400]",True
701,16.144274,1.607696,11.799132,0.320551,29.871653,29.948546,2,"[1, 7, 8400]",True
702,18.21101,1.508806,11.650826,0.318063,31.688705000000002,31.765627,2,"[1, 7, 8400]",True
703,18.419976,2.495606,11.317079,0.335658,32.568318999999995,32.648403,2,"[1, 7, 8400]",True
704,21.810489,2.035519,12.676229,0.334375,36.856612000000005,36.938805,2,"[1, 7, 8400]",True
705,16.807456,1.519319,11.833288,0.318814,30.478876999999997,30.553707,2,"[1, 7, 8400]",True
706,18.257967,2.163012,11.298401,0.328457,32.047837,32.140263,2,"[1, 7, 8400]",True
707,22.198193,2.404508,12.332193,0.332476,37.26737,37.346736,2,"[1, 7, 8400]",True
708,16.727941,1.644068,11.872758,0.322857,30.567624000000002,30.646109,2,"[1, 7, 8400]",True
709,18.071794,1.968004,11.200158,0.331541,31.571497,31.65494,2,"[1, 7, 8400]",True
710,22.5093,2.427554,12.477715,0.353961,37.76853,37.846321,2,"[1, 7, 8400]",True
711,16.544575,1.498893,12.608975,0.319746,30.972188999999997,31.050691,2,"[1, 7, 8400]",True
712,21.48469,2.039088,11.410282,0.330216,35.264276,35.34845,2,"[1, 7, 8400]",True
713,50.41221,3.107379,13.900593,0.322181,67.74236300000001,67.826973,2,"[1, 7, 8400]",True
714,18.250023,1.917833,11.465448,0.327029,31.960333000000002,32.039212,2,"[1, 7, 8400]",True
715,50.520833,3.055652,15.32582,0.331477,69.23378200000002,69.316815,2,"[1, 7, 8400]",True
716,16.864337,1.921132,11.382111,0.361639,30.529219,30.616919,2,"[1, 7, 8400]",True
717,18.305714,1.645948,11.400019,0.326992,31.678673,31.752814,2,"[1, 7, 8400]",True
718,18.559059,1.782123,11.85077,0.323213,32.515165,32.594042,2,"[1, 7, 8400]",True
719,21.844211,1.873452,11.3475,0.327414,35.392576999999996,35.473966,2,"[1, 7, 8400]",True
720,18.425574,1.467771,11.431688,0.324711,31.649744,31.729345,2,"[1, 7, 8400]",True
721,18.700822,1.466662,11.964246,0.325472,32.457201999999995,32.53371,2,"[1, 7, 8400]",True
722,22.080953,2.362733,11.654675,0.327547,36.425908,36.529445,2,"[1, 7, 8400]",True
723,17.583139,1.55172,11.538785,0.324826,30.99847,31.084177,2,"[1, 7, 8400]",True
724,18.489678,1.519259,11.809638,0.322294,32.140869,32.217159,2,"[1, 7, 8400]",True
725,22.181124,1.94629,11.403969,0.335154,35.86653700000001,35.951297,2,"[1, 7, 8400]",True
726,18.087592,1.622726,11.533127,0.337698,31.581143,31.658026,2,"[1, 7, 8400]",True
727,22.617265,2.424126,11.609785,0.32655,36.977726,37.057131,2,"[1, 7, 8400]",True
728,49.847164,3.033713,14.584677,0.31747,67.783024,67.867644,2,"[1, 7, 8400]",True
729,17.540139,2.179321,11.756778,0.317908,31.794145999999998,31.901339,2,"[1, 7, 8400]",True
730,50.064745,3.034451,13.909843,0.324523,67.333562,67.415541,2,"[1, 7, 8400]",True
731,18.111322,1.764827,11.642639,0.325596,31.844384,31.923811,2,"[1, 7, 8400]",True
732,18.235147,1.780295,11.515601,0.319878,31.850921,31.936666,2,"[1, 7, 8400]",True
733,18.277214,1.522135,11.293822,0.331247,31.424418,31.503638,2,"[1, 7, 8400]",True
734,22.902905,2.152655,11.734456,0.321927,37.111943000000004,37.192919,2,"[1, 7, 8400]",True
735,17.598483,1.715997,11.501924,0.325517,31.141921000000007,31.218405,2,"[1, 7, 8400]",True
736,18.425353,1.776559,11.527267,0.324058,32.053237,32.127161,2,"[1, 7, 8400]",True
737,22.155577,2.143314,11.803126,0.33329,36.435307,36.51389,2,"[1, 7, 8400]",True
738,17.677583,2.031463,11.560456,0.325961,31.595462999999995,31.677068,2,"[1, 7, 8400]",True
739,18.1639,1.634277,11.444106,0.32495,31.567233,31.658211,2,"[1, 7, 8400]",True
740,22.224888,1.75152,11.824112,0.322303,36.122823,36.198171,2,"[1, 7, 8400]",True
741,18.044659,1.762617,11.323541,0.330064,31.460881,31.542581,2,"[1, 7, 8400]",True
742,22.515148,2.234539,11.658225,0.326497,36.73440900000001,36.818104,2,"[1, 7, 8400]",True
743,50.169651,3.198334,13.11167,0.340967,66.82062200000001,66.924639,2,"[1, 7, 8400]",True
744,18.851914,2.378203,11.601095,0.335872,33.167084,33.243542,2,"[1, 7, 8400]",True
745,49.833945,3.147822,15.096009,0.319863,68.397639,68.480791,2,"[1, 7, 8400]",True
746,17.096103,2.741572,11.585104,0.346089,31.768867999999998,31.847015,2,"[1, 7, 8400]",True
747,49.612731,3.150689,15.783874,0.357856,68.90514999999999,68.986859,2,"[1, 7, 8400]",True
748,16.135514,2.149737,11.338636,0.361078,29.984965000000003,30.063639,2,"[1, 7, 8400]",True
749,18.064037,1.574299,11.59144,0.325053,31.554829,31.635306,2,"[1, 7, 8400]",True
750,18.464144,1.737799,11.514303,0.348678,32.064924,32.144472,2,"[1, 7, 8400]",True
751,22.30548,2.624897,11.715589,0.344406,36.990372,37.07345,2,"[1, 7, 8400]",True
752,17.045815,1.415384,11.657145,0.325404,30.443748,30.52089,2,"[1, 7, 8400]",True
753,18.681286,1.769269,11.568238,0.332059,32.350852,32.424624,2,"[1, 7, 8400]",True
754,22.273199,2.9673,12.302388,0.323613,37.8665,37.964571,2,"[1, 7, 8400]",True
755,16.099807,2.593901,11.62142,0.321733,30.636860999999996,30.709045,2,"[1, 7, 8400]",True
756,21.654214,2.422121,11.954195,0.322376,36.352906,36.438694,2,"[1, 7, 8400]",True
757,49.565043,4.203353,14.053915,0.329688,68.151999,68.235847,2,"[1, 7, 8400]",True
758,16.91542,1.721439,11.767175,0.332051,30.736085000000003,30.821381,2,"[1, 7, 8400]",True
759,50.412192,4.359154,14.01075,0.334652,69.116748,69.207409,2,"[1, 7, 8400]",True
760,16.877788,1.659095,11.80008,0.326586,30.663548999999996,30.739023,2,"[1, 7, 8400]",True
761,50.579415,4.244572,14.760728,0.326741,69.91145599999999,69.996664,2,"[1, 7, 8400]",True
762,16.017347,1.635476,11.723985,0.33574,29.712548000000005,29.788958,2,"[1, 7, 8400]",True
763,18.083362,1.611605,11.328915,0.329975,31.353857,31.434264,2,"[1, 7, 8400]",True
764,18.562994,3.342952,11.822495,0.346379,34.07482,34.149002,2,"[1, 7, 8400]",True
765,20.700973,1.768931,12.118914,0.317633,34.906451000000004,34.978057,2,"[1, 7, 8400]",True
766,17.41333,1.65194,12.383447,0.605098,32.053815,32.14789,2,"[1, 7, 8400]",True
767,17.274011,1.496229,11.741443,0.320444,30.832127,30.906289,2,"[1, 7, 8400]",True
768,22.593731,1.843199,12.127422,0.31776,36.882112,36.958281,2,"[1, 7, 8400]",True
769,17.526904,2.396962,11.192095,0.336991,31.452952,31.537467,2,"[1, 7, 8400]",True
770,22.018342,2.149136,11.747668,0.324687,36.239833,36.314197,2,"[1, 7, 8400]",True
771,50.3202,4.025248,14.804053,0.346375,69.495876,69.592525,2,"[1, 7, 8400]",True
772,16.164461,1.561991,11.75818,0.359265,29.843897,29.919775,2,"[1, 7, 8400]",True
773,50.674768,3.798778,14.981548,0.420314,69.87540800000001,69.95846,2,"[1, 7, 8400]",True
774,16.264961,1.562629,11.559411,0.325503,29.712504000000003,29.786889,2,"[1, 7, 8400]",True
775,50.987538,4.240109,13.433242,0.33332,68.994209,69.087996,2,"[1, 7, 8400]",True
776,17.014301,1.587387,11.778897,0.32041,30.700995,30.77473,2,"[1, 7, 8400]",True
777,18.38851,1.440704,11.844931,0.393929,32.068074,32.144395,2,"[1, 7, 8400]",True
778,18.184343,2.069573,11.355727,0.335663,31.945306,32.022872,2,"[1, 7, 8400]",True
779,22.211775,1.974236,11.934208,0.331263,36.451482,36.538511,2,"[1, 7, 8400]",True
780,17.751603,1.607367,11.49439,0.393823,31.247183,31.324828,2,"[1, 7, 8400]",True
781,18.325814,2.359749,11.377302,0.339512,32.402377,32.480153,2,"[1, 7, 8400]",True
782,21.81287,1.971582,12.153111,0.325869,36.263432,36.343724,2,"[1, 7, 8400]",True
783,17.556925,1.577494,11.734225,0.337706,31.206350000000004,31.281612,2,"[1, 7, 8400]",True
784,22.394633,1.850255,11.48576,0.331927,36.062575,36.151581,2,"[1, 7, 8400]",True
785,50.337618,2.887871,14.235855,0.317337,67.77868099999999,67.85615,2,"[1, 7, 8400]",True
786,18.317045,2.096253,11.444638,0.325071,32.183007,32.261464,2,"[1, 7, 8400]",True
787,50.219269,2.942343,14.082112,0.313304,67.557028,67.635277,2,"[1, 7, 8400]",True
788,18.46897,1.882336,11.362594,0.331704,32.045604,32.127797,2,"[1, 7, 8400]",True
789,50.429904,2.87369,14.040594,0.324884,67.669072,67.74771,2,"[1, 7, 8400]",True
790,18.411022,1.972427,11.562469,0.331783,32.277701,32.352997,2,"[1, 7, 8400]",True
791,17.973303,1.279029,11.528864,0.335166,31.116362000000002,31.207233,2,"[1, 7, 8400]",True
792,18.798729,1.423713,11.503794,0.326113,32.052349,32.119866,2,"[1, 7, 8400]",True
793,22.642836,1.542937,11.525035,0.321252,36.03206,36.106598,2,"[1, 7, 8400]",True
794,18.510509,1.300729,11.567364,0.328684,31.707286,31.793132,2,"[1, 7, 8400]",True
795,18.741509,1.455618,11.993124,0.315782,32.506033,32.578879,2,"[1, 7, 8400]",True
796,22.18612,1.992274,11.517165,0.327,36.022558999999994,36.098379,2,"[1, 7, 8400]",True
797,18.075791,3.388629,11.917052,0.324916,33.706388,33.781294,2,"[1, 7, 8400]",True
798,20.324805,1.579276,11.805804,0.315281,34.025166,34.106948,2,"[1, 7, 8400]",True
799,50.275385,2.94143,13.23383,0.32557,66.776215,66.861854,2,"[1, 7, 8400]",True
800,19.283681,1.481164,11.906876,0.321153,32.99287400000001,33.064759,2,"[1, 7, 8400]",True
801,50.44298,3.00527,14.872856,0.32741,68.648516,68.731059,2,"[1, 7, 8400]",True
802,17.502469,2.185286,12.019181,0.323781,32.030717,32.105673,2,"[1, 7, 8400]",True
803,49.43343,2.689144,12.213942,0.352425,64.688941,64.777055,2,"[1, 7, 8400]",True
804,20.613209,2.187181,12.163643,0.316407,35.28044,35.375707,2,"[1, 7, 8400]",True
805,17.126753,1.48048,11.491404,0.333141,30.431778,30.513333,2,"[1, 7, 8400]",True
806,18.577473,1.362608,11.319382,0.358049,31.617512000000005,31.703465,2,"[1, 7, 8400]",True
807,22.931883,2.465014,12.020732,0.331945,37.749573999999996,37.825804,2,"[1, 7, 8400]",True
808,17.017449,1.462109,11.41544,0.328979,30.223977,30.304383,2,"[1, 7, 8400]",True
809,18.708347,1.392991,11.75968,0.403006,32.264024,32.343933,2,"[1, 7, 8400]",True
810,22.374883,1.754792,11.943231,0.328133,36.401039000000004,36.478489,2,"[1, 7, 8400]",True
811,17.974393,1.535691,11.449091,0.336157,31.295332,31.373537,2,"[1, 7, 8400]",True
812,22.390137,1.726892,11.582911,0.330964,36.030904,36.112871,2,"[1, 7, 8400]",True
813,50.743129,3.070589,14.883447,0.326968,69.02413299999999,69.107144,2,"[1, 7, 8400]",True
814,17.172151,2.202,11.571485,0.335466,31.281101999999997,31.357496,2,"[1, 7, 8400]",True
815,50.155764,2.925427,14.997495,0.319633,68.398319,68.479659,2,"[1, 7, 8400]",True
816,17.235885,1.999498,11.59516,0.341379,31.171922,31.251641,2,"[1, 7, 8400]",True
817,50.043914,1.350542,11.518098,0.322968,63.235522,63.314808,2,"[1, 7, 8400]",True
818,22.680019,2.470864,11.592952,0.329155,37.072990000000004,37.156631,2,"[1, 7, 8400]",True
819,17.544116,1.577947,11.815941,0.329369,31.267373,31.346141,2,"[1, 7, 8400]",True
820,18.261578,1.446135,11.408554,0.321088,31.437355,31.514414,2,"[1, 7, 8400]",True
821,22.581028,1.938359,11.360447,0.340656,36.220490000000005,36.300886,2,"[1, 7, 8400]",True
822,18.404041,1.471151,12.122146,0.351066,32.348404,32.424128,2,"[1, 7, 8400]",True
823,17.979147,1.395626,11.313653,0.35782,31.046246,31.124409,2,"[1, 7, 8400]",True
824,22.7069,3.468686,12.389486,0.32853,38.893602,38.967781,2,"[1, 7, 8400]",True
825,15.814923,1.520499,11.717936,0.322342,29.375700000000002,29.450911,2,"[1, 7, 8400]",True
826,18.432378,1.544869,11.240796,0.362939,31.580982,31.665665,2,"[1, 7, 8400]",True
827,22.607691,2.246818,11.481621,0.340352,36.676482,36.758736,2,"[1, 7, 8400]",True
828,17.878586,1.569668,11.846756,0.318833,31.613843,31.689501,2,"[1, 7, 8400]",True
829,22.276806,1.934742,11.732366,0.332576,36.27649,36.357149,2,"[1, 7, 8400]",True
830,50.033706,2.808687,14.086937,0.325079,67.25440900000001,67.333211,2,"[1, 7, 8400]",True
831,18.538826,1.799625,11.550208,0.322301,32.21096,32.289282,2,"[1, 7, 8400]",True
832,50.330248,2.446765,13.304243,0.324526,66.405782,66.486676,2,"[1, 7, 8400]",True
833,19.735997,2.248695,11.868495,0.320818,34.17400500000001,34.251887,2,"[1, 7, 8400]",True
834,17.202786,1.403053,11.258058,0.332159,30.196056000000002,30.281448,2,"[1, 7, 8400]",True
835,19.147345,1.58774,11.774967,0.318528,32.82858,32.902626,2,"[1, 7, 8400]",True
836,22.285598,2.584952,11.754155,0.319667,36.94437200000001,37.017114,2,"[1, 7, 8400]",True
837,16.994246,1.999477,11.258108,0.326084,30.577915,30.670559,2,"[1, 7, 8400]",True
838,18.495844,1.890452,11.68121,0.32335,32.390856,32.465354,2,"[1, 7, 8400]",True
839,22.083008,2.605978,11.833721,0.349791,36.872498,36.952978,2,"[1, 7, 8400]",True
840,16.828027,1.522187,11.211065,0.355143,29.916421999999997,29.99362,2,"[1, 7, 8400]",True
841,18.937551,1.692123,11.780862,0.313919,32.724455,32.801696,2,"[1, 7, 8400]",True
842,22.250188,2.437892,11.99932,0.326867,37.014267000000004,37.084903,2,"[1, 7, 8400]",True
843,16.883684,1.441535,11.190285,0.332801,29.848304999999996,29.930078,2,"[1, 7, 8400]",True
844,23.265002,2.149597,12.440105,0.332624,38.187328,38.266029,2,"[1, 7, 8400]",True
845,49.022902,2.771991,14.397312,0.327558,66.519763,66.599792,2,"[1, 7, 8400]",True
846,18.347145,1.517214,12.2141,0.325793,32.404252,32.492146,2,"[1, 7, 8400]",True
847,49.831853,2.794339,12.248448,0.359658,65.234298,65.322547,2,"[1, 7, 8400]",True
848,20.485961,2.144139,13.293519,0.338762,36.262381000000005,36.34159,2,"[1, 7, 8400]",True
849,16.238614,1.86145,11.317556,0.323503,29.741122999999998,29.815045,2,"[1, 7, 8400]",True
850,18.14903,2.276752,11.21931,0.330892,31.975983999999997,32.059081,2,"[1, 7, 8400]",True
851,22.215071,1.770047,12.08725,0.324044,36.396412,36.477843,2,"[1, 7, 8400]",True
852,17.654814,1.545121,11.755343,0.318512,31.273789999999995,31.35134,2,"[1, 7, 8400]",True
853,18.160955,1.98085,11.25734,0.327214,31.726359000000002,31.808459,2,"[1, 7, 8400]",True
854,22.511091,2.317262,14.487393,0.33502,39.650766000000004,39.731631,2,"[1, 7, 8400]",True
855,14.542046,1.584417,11.359311,0.327422,27.813195999999998,27.894208,2,"[1, 7, 8400]",True
856,18.682705,1.642296,11.145461,0.345972,31.816433999999997,31.896346,2,"[1, 7, 8400]",True
857,22.8402,1.825437,13.658337,0.322185,38.646159,38.727089,2,"[1, 7, 8400]",True
858,16.13462,1.723844,11.332127,0.327695,29.518286,29.597363,2,"[1, 7, 8400]",True
859,22.668559,2.029595,11.673217,0.296374,36.667745,36.73235,2,"[1, 7, 8400]",True
860,50.162035,3.541878,13.83358,0.331632,67.869125,67.951788,2,"[1, 7, 8400]",True
861,17.999627,2.817241,12.281267,0.505611,33.603746,33.717289,2,"[1, 7, 8400]",True
862,48.549759,3.458649,14.027861,0.319375,66.355644,66.438468,2,"[1, 7, 8400]",True
863,17.632829,1.531866,11.439476,0.32885,30.933021,31.016288,2,"[1, 7, 8400]",True
864,51.011227,3.674262,14.22156,0.322672,69.229721,69.308401,2,"[1, 7, 8400]",True
865,17.277958,1.524897,11.476157,0.330966,30.609978,30.68973,2,"[1, 7, 8400]",True
866,18.539098,1.438285,11.914016,0.324916,32.216315,32.289451,2,"[1, 7, 8400]",True
867,18.257568,1.786219,11.594499,0.320466,31.958752,32.036616,2,"[1, 7, 8400]",True
868,22.20672,1.721517,11.313442,0.358145,35.599824,35.683456,2,"[1, 7, 8400]",True
869,18.446643,1.506958,11.985799,0.328927,32.268327,32.360305,2,"[1, 7, 8400]",True
870,18.054941,1.463608,11.688149,0.316325,31.523023,31.599918,2,"[1, 7, 8400]",True
871,22.683055,1.937987,11.205262,0.329983,36.156287,36.233791,2,"[1, 7, 8400]",True
872,18.319082,4.098338,11.945836,0.320202,34.683458,34.759962,2,"[1, 7, 8400]",True
873,19.545369,1.666215,11.510301,0.323248,33.045133,33.117687,2,"[1, 7, 8400]",True
874,50.682223,2.916745,14.79348,0.327774,68.720222,68.80192,2,"[1, 7, 8400]",True
875,17.659227,2.171067,11.366435,0.331622,31.528351,31.609815,2,"[1, 7, 8400]",True
876,50.214785,3.165554,15.722312,0.353921,69.456572,69.5392,2,"[1, 7, 8400]",True
877,16.464648,1.645371,11.743793,0.334042,30.187854,30.272009,2,"[1, 7, 8400]",True
878,50.467125,3.190625,15.335441,0.3276,69.320791,69.42861,2,"[1, 7, 8400]",True
879,16.693742,2.148391,11.455621,0.325031,30.622785,30.702385,2,"[1, 7, 8400]",True
880,17.995971,1.6075,11.205449,0.326264,31.135184,31.211431,2,"[1, 7, 8400]",True
881,18.718014,1.641945,12.22664,0.325654,32.912253,32.988179,2,"[1, 7, 8400]",True
882,21.691066,2.443384,11.502113,0.325122,35.961685,36.036025,2,"[1, 7, 8400]",True
883,17.683943,1.512703,11.44499,0.328659,30.970294999999997,31.045207,2,"[1, 7, 8400]",True
884,18.583285,1.568409,11.760538,0.32445,32.236682,32.31462,2,"[1, 7, 8400]",True
885,22.318342,2.010553,11.655073,0.328577,36.31254500000001,36.391198,2,"[1, 7, 8400]",True
886,17.883184,2.147517,11.358829,0.334147,31.723677000000002,31.816734,2,"[1, 7, 8400]",True
887,22.131885,2.754414,12.035883,0.326038,37.248219999999996,37.358781,2,"[1, 7, 8400]",True
888,48.981932,4.841625,15.75792,0.312671,69.894148,69.97352,2,"[1, 7, 8400]",True
889,14.627809,1.80869,11.410836,0.32276,28.170094999999996,28.243879,2,"[1, 7, 8400]",True
890,50.763212,2.849548,12.327914,0.481695,66.422369,66.511348,2,"[1, 7, 8400]",True
891,19.879339,2.831278,11.799844,0.332057,34.842518000000005,34.914682,2,"[1, 7, 8400]",True
892,49.244843,2.88103,14.736809,0.315967,67.17864900000001,67.259807,2,"[1, 7, 8400]",True
893,17.622556,2.661222,12.189686,0.322175,32.795639,32.883157,2,"[1, 7, 8400]",True
894,16.783745,1.653205,11.537404,0.322891,30.297244999999997,30.370485,2,"[1, 7, 8400]",True
895,18.115927,3.268692,12.060425,0.331475,33.776519,33.866478,2,"[1, 7, 8400]",True
896,20.435939,1.958361,11.730965,0.33627,34.461535,34.537769,2,"[1, 7, 8400]",True
897,17.853488,1.610069,11.405608,0.321979,31.191143999999998,31.268809,2,"[1, 7, 8400]",True
898,18.665027,1.572027,11.368187,0.324715,31.929956,32.012769,2,"[1, 7, 8400]",True
899,22.577809,2.557803,11.860615,0.329968,37.326195,37.400539,2,"[1, 7, 8400]",True
900,17.220623,1.416715,11.856342,0.325542,30.819221999999996,30.894196,2,"[1, 7, 8400]",True
901,22.40438,2.476763,11.882301,0.324844,37.088288,37.166047,2,"[1, 7, 8400]",True
902,49.789282,4.085947,14.80408,0.323493,69.002802,69.123392,2,"[1, 7, 8400]",True
903,16.027394,1.86834,11.397522,0.320768,29.614024,29.687334,2,"[1, 7, 8400]",True
904,50.64839,4.183745,16.147075,0.352152,71.331362,71.409272,2,"[1, 7, 8400]",True
905,14.930869,2.18801,11.781206,0.319999,29.220083999999996,29.303381,2,"[1, 7, 8400]",True
906,50.115538,3.781503,13.978836,0.353008,68.228885,68.326623,2,"[1, 7, 8400]",True
907,17.049334,1.382067,11.630621,0.320705,30.382727,30.460369,2,"[1, 7, 8400]",True
908,18.602442,2.105991,11.617382,0.33095,32.656765,32.733689,2,"[1, 7, 8400]",True
909,18.02445,1.582409,11.556693,0.324359,31.487911,31.564146,2,"[1, 7, 8400]",True
910,22.546427,2.049909,11.856647,0.319603,36.772586000000004,36.851684,2,"[1, 7, 8400]",True
911,17.456861,2.099779,11.758826,0.332677,31.648143,31.728357,2,"[1, 7, 8400]",True
912,17.8388,1.599338,11.553843,0.322098,31.314079,31.386603,2,"[1, 7, 8400]",True
913,22.371481,1.987072,11.75207,0.353915,36.464538000000005,36.536826,2,"[1, 7, 8400]",True
914,17.766709,2.015982,11.707094,0.330115,31.819899999999997,31.895004,2,"[1, 7, 8400]",True
915,22.064196,2.216202,12.043626,0.354734,36.678757999999995,36.765056,2,"[1, 7, 8400]",True
916,49.799375,4.102859,14.879395,0.357594,69.139223,69.224153,2,"[1, 7, 8400]",True
917,16.021085,2.347532,11.834074,0.352203,30.554894,30.629349,2,"[1, 7, 8400]",True
918,49.825684,3.841323,14.089409,0.336068,68.092484,68.18873,2,"[1, 7, 8400]",True
919,17.174912,1.65126,11.475032,0.32262,30.623824,30.698319,2,"[1, 7, 8400]",True
920,50.694257,3.599399,14.790885,0.332718,69.417259,69.503674,2,"[1, 7, 8400]",True
921,16.885749,1.860152,11.846116,0.329448,30.921464999999998,30.994866,2,"[1, 7, 8400]",True
922,17.838402,1.463889,11.827873,0.3199,31.450063999999998,31.528567,2,"[1, 7, 8400]",True
923,18.220969,2.053312,11.453694,0.329631,32.057606,32.138581,2,"[1, 7, 8400]",True
924,22.197411,2.353375,12.022342,0.338697,36.911825,37.013791,2,"[1, 7, 8400]",True
925,17.084516,1.477059,11.551037,0.313447,30.426059000000002,30.50273,2,"[1, 7, 8400]",True
926,18.535225,2.564605,11.780511,0.322141,33.202482,33.276684,2,"[1, 7, 8400]",True
927,21.358134,1.863567,12.019563,0.343844,35.585108,35.660374,2,"[1, 7, 8400]",True
928,17.663594,1.507912,11.510858,0.314248,30.996612,31.075889,2,"[1, 7, 8400]",True
929,18.451221,2.210502,11.968786,0.327107,32.957616,33.0278,2,"[1, 7, 8400]",True
930,21.583119,1.858461,12.21336,0.35333,36.008269999999996,36.088116,2,"[1, 7, 8400]",True
931,17.417801,1.535513,11.567975,0.324018,30.845307,30.917871,2,"[1, 7, 8400]",True
932,22.440447,2.201448,11.298856,0.335413,36.276164,36.354412,2,"[1, 7, 8400]",True
933,50.506133,3.140722,13.01896,0.328154,66.99396899999999,67.073053,2,"[1, 7, 8400]",True
934,18.902462,1.715814,11.303073,0.324608,32.245957,32.334761,2,"[1, 7, 8400]",True
935,51.135968,3.462672,14.524638,0.333413,69.45669099999999,69.536896,2,"[1, 7, 8400]",True
936,17.020187,2.068248,11.458385,0.333423,30.880243,30.955515,2,"[1, 7, 8400]",True
937,18.201341,1.568718,11.386756,0.320222,31.477037000000003,31.55112,2,"[1, 7, 8400]",True
938,18.575689,1.694586,11.693711,0.320013,32.283999,32.360804,2,"[1, 7, 8400]",True
939,22.088557,1.929754,11.532959,0.330411,35.881681,35.959507,2,"[1, 7, 8400]",True
940,18.222046,1.630906,11.659715,0.320874,31.833541,31.912038,2,"[1, 7, 8400]",True
941,18.334866,1.509826,11.688321,0.321608,31.854621000000005,31.921615,2,"[1, 7, 8400]",True
942,22.197717,1.723631,11.46704,0.328937,35.71732500000001,35.792857,2,"[1, 7, 8400]",True
943,18.571678,1.95469,12.181147,0.327306,33.034821,33.11092,2,"[1, 7, 8400]",True
944,17.403667,1.445514,11.363103,0.318273,30.530556999999998,30.604973,2,"[1, 7, 8400]",True
945,22.721599,1.747199,11.636245,0.387137,36.492180000000005,36.57388,2,"[1, 7, 8400]",True
946,18.227451,1.489961,11.444711,0.324788,31.486911000000003,31.56333,2,"[1, 7, 8400]",True
947,22.762731,2.458642,11.770392,0.321666,37.313431,37.388116,2,"[1, 7, 8400]",True
948,49.716554,3.496782,14.498213,0.331669,68.04321800000001,68.122907,2,"[1, 7, 8400]",True
949,17.169495,2.260032,11.638638,0.319789,31.387954,31.463778,2,"[1, 7, 8400]",True
950,50.005238,3.226599,14.568111,0.329966,68.129914,68.20902,2,"[1, 7, 8400]",True
951,17.436543,1.869255,11.541773,0.328983,31.176554,31.264685,2,"[1, 7, 8400]",True
952,18.045629,1.842137,11.323828,0.336309,31.547903000000005,31.623703,2,"[1, 7, 8400]",True
953,18.511256,1.58002,11.374546,0.353731,31.819553000000003,31.903462,2,"[1, 7, 8400]",True
954,22.654207,1.821197,11.69027,0.331785,36.497459000000006,36.573322,2,"[1, 7, 8400]",True
955,17.919691,1.739052,11.349253,0.341601,31.349597,31.431515,2,"[1, 7, 8400]",True
956,18.556728,1.489834,11.250608,0.321401,31.618571000000003,31.699487,2,"[1, 7, 8400]",True
957,22.927974,2.357984,11.785087,0.349777,37.420822,37.49702,2,"[1, 7, 8400]",True
958,17.272347,4.000174,12.074414,0.348243,33.695178,33.766362,2,"[1, 7, 8400]",True
959,15.512271,1.521044,11.539394,0.326095,28.898804000000002,28.972774,2,"[1, 7, 8400]",True
960,22.57253,2.376014,12.001345,0.331024,37.280913,37.364002,2,"[1, 7, 8400]",True
961,17.050762,1.847877,11.187321,0.330895,30.416855,30.494233,2,"[1, 7, 8400]",True
962,22.57761,2.534251,11.827745,0.316757,37.256363,37.343127,2,"[1, 7, 8400]",True
963,49.49222,2.894121,14.921871,0.318596,67.626808,67.709294,2,"[1, 7, 8400]",True
964,17.691599,2.495736,11.703151,0.323071,32.213557,32.286765,2,"[1, 7, 8400]",True
965,49.371598,2.716054,14.648833,0.333339,67.069824,67.152216,2,"[1, 7, 8400]",True
966,18.084027,2.183278,11.760344,0.335799,32.363448,32.434437,2,"[1, 7, 8400]",True
967,17.679053,1.519222,11.584034,0.319952,31.102261,31.193551,2,"[1, 7, 8400]",True
968,18.403335,2.053894,11.229918,0.328433,32.01557999999999,32.097786,2,"[1, 7, 8400]",True
969,22.383268,2.629453,11.86954,0.33889,37.221151,37.298098,2,"[1, 7, 8400]",True
970,17.046592,1.46203,11.400441,0.319583,30.228646,30.305469,2,"[1, 7, 8400]",True
971,18.576838,1.715728,11.238585,0.329589,31.860739999999996,31.942796,2,"[1, 7, 8400]",True
972,22.811014,2.640788,12.240389,0.348079,38.04027,38.123355,2,"[1, 7, 8400]",True
973,16.581713,1.793837,11.400843,0.320581,30.096974,30.175986,2,"[1, 7, 8400]",True
974,18.300919,1.557728,11.200702,0.332158,31.391507,31.473338,2,"[1, 7, 8400]",True
975,22.892409,1.956203,11.86234,0.374045,37.084997,37.167468,2,"[1, 7, 8400]",True
976,17.659015,1.565769,11.453998,0.320376,30.999157999999998,31.071069,2,"[1, 7, 8400]",True
977,22.743822,1.691818,11.548164,0.324013,36.30781700000001,36.39043,2,"[1, 7, 8400]",True
978,50.899833,3.958336,15.117744,0.323192,70.29910500000001,70.388196,2,"[1, 7, 8400]",True
979,15.858991,1.485841,11.536284,0.320673,29.201788999999998,29.273751,2,"[1, 7, 8400]",True
980,51.18754,4.064205,15.000923,0.330586,70.583254,70.667132,2,"[1, 7, 8400]",True
981,15.880878,1.411709,11.523294,0.317717,29.133598,29.205475,2,"[1, 7, 8400]",True
982,51.228323,3.762891,15.130497,0.369719,70.49143000000001,70.581448,2,"[1, 7, 8400]",True
983,16.009425,1.396176,11.52649,0.317369,29.24946,29.325032,2,"[1, 7, 8400]",True
984,18.566715,1.547722,11.444678,0.346815,31.905929999999998,32.004193,2,"[1, 7, 8400]",True
985,18.737248,1.606068,11.562692,0.319736,32.225744,32.303855,2,"[1, 7, 8400]",True
986,22.41172,1.592023,11.618654,0.316341,35.938738,36.014255,2,"[1, 7, 8400]",True
987,18.198692,2.124677,11.470461,0.389831,32.183661,32.261772,2,"[1, 7, 8400]",True
988,18.026708,1.566976,11.505656,0.323597,31.422936999999997,31.496567,2,"[1, 7, 8400]",True
989,22.582339,1.741884,11.661594,0.334168,36.319984999999996,36.396383,2,"[1, 7, 8400]",True
990,17.95343,1.783034,11.499509,0.34911,31.585083,31.657722,2,"[1, 7, 8400]",True
991,22.579564,1.853403,12.098354,0.321409,36.85273000000001,36.928564,2,"[1, 7, 8400]",True
992,49.891481,3.224913,15.11949,0.343855,68.579739,68.660851,2,"[1, 7, 8400]",True
993,16.958531,1.737509,12.129813,0.317388,31.143241000000003,31.221385,2,"[1, 7, 8400]",True
994,49.98078,3.369946,13.846311,0.336409,67.533446,67.620033,2,"[1, 7, 8400]",True
995,18.144722,2.466711,12.035733,0.322282,32.969448,33.042264,2,"[1, 7, 8400]",True
996,49.184177,3.45168,14.434752,0.327988,67.39859700000001,67.479145,2,"[1, 7, 8400]",True
997,17.488457,2.090161,12.402607,0.326368,32.307593,32.384858,2,"[1, 7, 8400]",True
998,16.996583,1.520367,11.38659,0.323699,30.227239,30.309514,2,"[1, 7, 8400]",True
999,18.639834,2.215851,11.535438,0.345364,32.736487,32.827148,2,"[1, 7, 8400]",True
1000,21.920182,2.476083,12.108788,0.32265,36.82770300000001,36.915899,2,"[1, 7, 8400]",True
1001,16.907252,1.485387,11.44289,0.321024,30.156553000000002,30.229865,2,"[1, 7, 8400]",True
1002,18.652933,1.953154,11.478175,0.331817,32.416079,32.514902,2,"[1, 7, 8400]",True
1003,22.235187,2.002271,11.969715,0.316522,36.523695,36.598142,2,"[1, 7, 8400]",True
1004,17.506526,1.469852,11.527668,0.318443,30.822489,30.898645,2,"[1, 7, 8400]",True
1005,22.737891,2.039327,11.689931,0.324966,36.792115,36.870827,2,"[1, 7, 8400]",True
1006,49.947797,2.908901,14.776771,0.322809,67.95627800000001,68.033556,2,"[1, 7, 8400]",True
1007,17.773446,1.668424,11.525762,0.320098,31.287730000000003,31.367072,2,"[1, 7, 8400]",True
1008,50.511854,2.867023,13.757773,0.324348,67.460998,67.539395,2,"[1, 7, 8400]",True
1009,18.840247,2.365724,11.662495,0.324898,33.193363999999995,33.268607,2,"[1, 7, 8400]",True
1010,49.690459,3.007348,13.965158,0.325114,66.988079,67.068615,2,"[1, 7, 8400]",True
1011,18.352494,1.587543,11.59346,0.324793,31.85829,31.935004,2,"[1, 7, 8400]",True
1012,18.403456,1.509371,11.811684,0.324973,32.049484,32.124546,2,"[1, 7, 8400]",True
1013,18.140426,1.403371,11.526284,0.31937,31.389451,31.473798,2,"[1, 7, 8400]",True
1014,22.832615,1.968696,11.857168,0.321526,36.980005,37.052978,2,"[1, 7, 8400]",True
1015,17.725125,1.594037,12.041662,0.329486,31.69031,31.767822,2,"[1, 7, 8400]",True
1016,17.942011,1.484507,11.309945,0.334874,31.071337,31.166725,2,"[1, 7, 8400]",True
1017,22.781929,2.066453,11.893125,0.323138,37.064645,37.143689,2,"[1, 7, 8400]",True
1018,17.556635,1.477981,11.642108,0.321865,30.998589,31.071436,2,"[1, 7, 8400]",True
1019,22.546803,2.141857,11.434614,0.330183,36.45345699999999,36.530228,2,"[1, 7, 8400]",True
1020,50.384426,3.491319,14.075653,0.323209,68.274607,68.357216,2,"[1, 7, 8400]",True
1021,17.642912,1.666094,11.675744,0.328596,31.313346,31.399482,2,"[1, 7, 8400]",True
1022,50.409105,3.252358,14.56802,0.320284,68.549767,68.630529,2,"[1, 7, 8400]",True
1023,17.475656,1.753301,11.459195,0.326964,31.015116000000003,31.093302,2,"[1, 7, 8400]",True
1024,50.414641,2.892077,13.979826,0.322705,67.609249,67.703415,2,"[1, 7, 8400]",True
1025,18.612615,1.558878,11.473337,0.322526,31.967356000000002,32.042556,2,"[1, 7, 8400]",True
1026,18.550542,1.424626,11.595168,0.318433,31.888768999999996,31.963451,2,"[1, 7, 8400]",True
1027,18.600987,1.546862,11.304707,0.317644,31.770200000000003,31.850485,2,"[1, 7, 8400]",True
1028,22.797655,1.788218,11.535156,0.323521,36.44455,36.522671,2,"[1, 7, 8400]",True
1029,18.206791,1.533953,11.455173,0.328172,31.524089,31.600002,2,"[1, 7, 8400]",True
1030,18.585495,1.636406,11.594717,0.396399,32.213017,32.305971,2,"[1, 7, 8400]",True
1031,22.311702,1.690246,11.500423,0.326997,35.829367999999995,35.915245,2,"[1, 7, 8400]",True
1032,18.330173,1.537555,11.798791,0.319191,31.98571,32.072848,2,"[1, 7, 8400]",True
1033,18.33293,2.132226,12.292074,0.331052,33.088282,33.166408,2,"[1, 7, 8400]",True
1034,21.009975,1.493043,11.498276,0.3234,34.324694,34.399817,2,"[1, 7, 8400]",True
1035,18.632379,1.469835,11.613042,0.319084,32.03434,32.106781,2,"[1, 7, 8400]",True
1036,22.548099,2.006986,11.899907,0.323381,36.778373,36.859596,2,"[1, 7, 8400]",True
1037,49.941617,2.997425,14.657187,0.326056,67.92228499999999,67.998205,2,"[1, 7, 8400]",True
1038,17.621321,2.112452,11.79045,0.322324,31.846546999999997,31.925291,2,"[1, 7, 8400]",True
1039,49.861404,2.714858,14.861585,0.328327,67.766174,67.844978,2,"[1, 7, 8400]",True
1040,17.785947,2.260379,11.913085,0.321673,32.281084,32.361503,2,"[1, 7, 8400]",True
1041,17.398739,1.44928,11.351874,0.326686,30.526579,30.603918,2,"[1, 7, 8400]",True
1042,18.826985,1.607514,11.478723,0.320427,32.23364900000001,32.312791,2,"[1, 7, 8400]",True
1043,22.495257,2.431178,11.908855,0.322292,37.157582,37.231546,2,"[1, 7, 8400]",True
1044,17.209048,1.382326,11.522558,0.319889,30.433821,30.513582,2,"[1, 7, 8400]",True
1045,18.67895,1.433978,11.556767,0.321561,31.991256,32.068917,2,"[1, 7, 8400]",True
1046,22.657547,2.407367,11.826488,0.346416,37.237818,37.317499,2,"[1, 7, 8400]",True
1047,17.346329,1.741515,11.441411,0.324451,30.853706,30.928467,2,"[1, 7, 8400]",True
1048,18.207547,1.563604,11.620206,0.322787,31.714144000000005,31.786129,2,"[1, 7, 8400]",True
1049,22.595763,2.158135,11.914234,0.3232,36.991332,37.087933,2,"[1, 7, 8400]",True
1050,17.336669,1.50201,11.351177,0.330619,30.520474999999998,30.596255,2,"[1, 7, 8400]",True
1051,22.986354,1.922533,12.541536,0.32654,37.776963,37.853829,2,"[1, 7, 8400]",True
1052,49.201459,2.80085,13.517373,0.365837,65.88551899999999,65.968168,2,"[1, 7, 8400]",True
1053,19.040915,1.670112,12.156189,0.316663,33.183879,33.260518,2,"[1, 7, 8400]",True
1054,50.012693,3.021686,12.54878,0.32938,65.912539,65.992782,2,"[1, 7, 8400]",True
1055,19.565933,1.932922,12.504731,0.320134,34.32372,34.409584,2,"[1, 7, 8400]",True
1056,17.101115,1.753216,11.643909,0.321909,30.820149000000004,30.894119,2,"[1, 7, 8400]",True
1057,18.315791,1.440644,11.706209,0.32282,31.785463999999997,31.859048,2,"[1, 7, 8400]",True
1058,22.458378,1.799246,12.372969,0.324618,36.955211,37.030359,2,"[1, 7, 8400]",True
1059,17.392574,1.967329,11.69099,0.326516,31.377409,31.450502,2,"[1, 7, 8400]",True
1060,18.003514,1.626655,11.728266,0.324666,31.683101,31.757245,2,"[1, 7, 8400]",True
1061,22.276205,2.260383,12.26998,0.330525,37.137093,37.216728,2,"[1, 7, 8400]",True
1062,16.978855,1.918667,11.636983,0.323489,30.857993999999998,30.935787,2,"[1, 7, 8400]",True
1063,18.053317,1.51277,11.411124,0.322857,31.300067999999996,31.379325,2,"[1, 7, 8400]",True
1064,22.704239,2.634346,12.129536,0.326566,37.794687,37.874992,2,"[1, 7, 8400]",True
1065,16.715725,1.818966,11.814369,0.329247,30.678306999999997,30.764109,2,"[1, 7, 8400]",True
1066,22.085336,2.229864,11.802031,0.323062,36.440293000000004,36.520795,2,"[1, 7, 8400]",True
1067,50.103878,4.499846,15.537523,0.336036,70.477283,70.563248,2,"[1, 7, 8400]",True
1068,14.885674,1.492879,11.507364,0.322808,28.208724999999998,28.28467,2,"[1, 7, 8400]",True
1069,51.269597,4.325442,11.510669,0.348698,67.45440599999999,67.538788,2,"[1, 7, 8400]",True
1070,19.072538,2.526229,12.884909,0.323613,34.807289000000004,34.892906,2,"[1, 7, 8400]",True
1071,16.091721,1.463751,11.52353,0.318899,29.397900999999994,29.463735,2,"[1, 7, 8400]",True
1072,18.588389,1.838614,11.708963,0.330257,32.466223,32.543718,2,"[1, 7, 8400]",True
1073,22.127892,1.792554,11.767196,0.334012,36.021654,36.099603,2,"[1, 7, 8400]",True
1074,17.939066,1.564367,11.860778,0.321347,31.685558,31.756456,2,"[1, 7, 8400]",True
1075,18.137902,2.403866,11.788043,0.323601,32.653412,32.731265,2,"[1, 7, 8400]",True
1076,21.462854,2.299627,11.741233,0.324774,35.828488,35.907658,2,"[1, 7, 8400]",True
1077,17.491781,1.536341,11.959435,0.322734,31.310291,31.393563,2,"[1, 7, 8400]",True
1078,17.964721,2.010659,11.674417,0.32697,31.976767,32.063891,2,"[1, 7, 8400]",True
1079,22.060599,2.46775,11.885991,0.326545,36.740885,36.822925,2,"[1, 7, 8400]",True
1080,17.156584,1.859071,11.846567,0.326022,31.188243999999997,31.259994,2,"[1, 7, 8400]",True
1081,21.882693,1.999322,11.811351,0.327988,36.021353999999995,36.097755,2,"[1, 7, 8400]",True
1082,50.14356,3.258485,14.635768,0.323923,68.361736,68.456806,2,"[1, 7, 8400]",True
1083,17.323341,1.672236,11.524912,0.324011,30.8445,30.923581,2,"[1, 7, 8400]",True
1084,50.728438,2.983582,14.81713,0.323361,68.852511,68.932572,2,"[1, 7, 8400]",True
1085,17.446079,2.08883,11.80052,0.330113,31.665542000000006,31.737832,2,"[1, 7, 8400]",True
1086,50.031492,3.038424,15.152593,0.337083,68.55959200000001,68.640052,2,"[1, 7, 8400]",True
1087,16.953531,1.821395,11.799731,0.359264,30.933921,31.013099,2,"[1, 7, 8400]",True
1088,17.996539,1.406217,11.573132,0.322982,31.298869999999997,31.376101,2,"[1, 7, 8400]",True
1089,18.637492,1.90226,12.348877,0.3222,33.210829000000004,33.283915,2,"[1, 7, 8400]",True
1090,21.34063,2.239425,11.910018,0.357667,35.84774,35.927802,2,"[1, 7, 8400]",True
1091,17.387577,1.505242,11.43848,0.325737,30.657036,30.737735,2,"[1, 7, 8400]",True
1092,18.642752,1.549494,12.215336,0.328169,32.73575100000001,32.809278,2,"[1, 7, 8400]",True
1093,21.7363,2.052599,11.984048,0.325576,36.098523,36.180857,2,"[1, 7, 8400]",True
1094,17.474141,1.586341,11.771013,0.328681,31.160176,31.243045,2,"[1, 7, 8400]",True
1095,22.247556,2.125515,11.716526,0.328381,36.417978,36.495837,2,"[1, 7, 8400]",True
1096,50.286584,3.994138,14.885045,0.333977,69.499744,69.581303,2,"[1, 7, 8400]",True
1097,16.132649,1.9016,11.827499,0.325735,30.187483,30.266026,2,"[1, 7, 8400]",True
1098,50.364092,3.777177,14.441066,0.337568,68.919903,69.00582,2,"[1, 7, 8400]",True
1099,16.88056,1.995745,11.503213,0.326098,30.705616,30.780414,2,"[1, 7, 8400]",True
1100,50.46444,3.477811,14.856056,0.327611,69.12591800000001,69.204344,2,"[1, 7, 8400]",True
1101,16.714969,1.72489,11.836094,0.320672,30.596624999999996,30.674255,2,"[1, 7, 8400]",True
1102,18.106334,1.504518,11.550737,0.323436,31.485025,31.563899,2,"[1, 7, 8400]",True
1103,18.618023,1.537958,11.58597,0.35824,32.100191,32.209086,2,"[1, 7, 8400]",True
1104,22.267441,2.569353,11.891454,0.328471,37.056719,37.131433,2,"[1, 7, 8400]",True
1105,17.129754,2.100695,11.709304,0.331106,31.270858999999998,31.348169,2,"[1, 7, 8400]",True
1106,17.903753,1.48807,11.352367,0.326324,31.070513999999996,31.150069,2,"[1, 7, 8400]",True
1107,22.582755,2.493756,11.772184,0.32807,37.176764999999996,37.256249,2,"[1, 7, 8400]",True
1108,17.324723,1.785532,11.41929,0.331266,30.860810999999998,30.937098,2,"[1, 7, 8400]",True
1109,22.502249,2.256448,12.072201,0.32012,37.151018,37.250479,2,"[1, 7, 8400]",True
1110,49.575024,3.201132,13.537544,0.447055,66.760755,66.848677,2,"[1, 7, 8400]",True
1111,18.313979,2.23083,11.433356,0.34247,32.320635,32.404192,2,"[1, 7, 8400]",True
1112,50.287574,3.171477,13.192355,0.487821,67.139227,67.224456,2,"[1, 7, 8400]",True
1113,18.586055,2.322395,11.460596,0.341499,32.710545,32.785456,2,"[1, 7, 8400]",True
1114,50.273099,3.178678,14.931816,0.32047,68.704063,68.79556,2,"[1, 7, 8400]",True
1115,16.9786,2.325485,11.690259,0.319704,31.314048,31.385731,2,"[1, 7, 8400]",True
1116,17.393518,1.70936,11.946781,0.331024,31.380682999999998,31.458252,2,"[1, 7, 8400]",True
1117,18.162296,1.834087,11.324846,0.327513,31.648742000000002,31.728968,2,"[1, 7, 8400]",True
1118,22.357058,2.36486,11.508479,0.33324,36.563637,36.649053,2,"[1, 7, 8400]",True
1119,17.461684,1.936055,11.523641,0.325786,31.247166,31.321445,2,"[1, 7, 8400]",True
1120,18.418442,2.029836,11.338729,0.330189,32.117196,32.199166,2,"[1, 7, 8400]",True
1121,22.181269,2.047708,11.933306,0.316821,36.479104,36.553885,2,"[1, 7, 8400]",True
1122,17.549162,1.852584,11.616315,0.323958,31.342019,31.416329,2,"[1, 7, 8400]",True
1123,22.343757,2.435325,11.978786,0.319528,37.077396,37.148076,2,"[1, 7, 8400]",True
1124,49.575036,4.176451,15.298517,0.32425,69.37425400000001,69.459523,2,"[1, 7, 8400]",True
1125,15.622954,1.653426,11.876283,0.342974,29.495637000000002,29.568147,2,"[1, 7, 8400]",True
1126,50.376916,3.45035,15.387889,0.354775,69.56993,69.65819,2,"[1, 7, 8400]",True
1127,16.350277,1.626924,11.964754,0.358255,30.300209999999996,30.392012,2,"[1, 7, 8400]",True
1128,49.962215,2.740689,12.756837,0.322899,65.78264000000001,65.86744,2,"[1, 7, 8400]",True
1129,20.005135,1.981237,11.932701,0.32304,34.242112999999996,34.321876,2,"[1, 7, 8400]",True
1130,17.620318,1.822899,11.418137,0.32814,31.189494,31.274934,2,"[1, 7, 8400]",True
1131,18.206909,1.615944,11.541121,0.325468,31.689442,31.762096,2,"[1, 7, 8400]",True
1132,22.650576,2.050888,11.986585,0.316579,37.004628,37.079159,2,"[1, 7, 8400]",True
1133,17.379954,1.886597,11.341176,0.351359,30.959086,31.042334,2,"[1, 7, 8400]",True
1134,18.254422,2.094437,11.656015,0.329313,32.334187,32.425575,2,"[1, 7, 8400]",True
1135,22.059508,1.76414,11.862129,0.328574,36.014351000000005,36.093135,2,"[1, 7, 8400]",True
1136,17.791407,1.948428,11.262036,0.359478,31.361349,31.445069,2,"[1, 7, 8400]",True
1137,22.439837,1.881327,11.685934,0.33038,36.337478,36.421046,2,"[1, 7, 8400]",True
1138,50.534882,4.321693,15.117417,0.351932,70.32592400000001,70.407834,2,"[1, 7, 8400]",True
1139,15.484709,1.50475,11.477564,0.330031,28.797054,28.876343,2,"[1, 7, 8400]",True
1140,51.341487,4.438412,15.120608,0.337785,71.238292,71.325201,2,"[1, 7, 8400]",True
1141,15.396965,1.494075,11.602413,0.324696,28.818149000000002,28.893767,2,"[1, 7, 8400]",True
1142,50.805605,3.226496,14.761661,0.325115,69.118877,69.202758,2,"[1, 7, 8400]",True
1143,17.099268,1.53202,11.514731,0.329894,30.475912999999995,30.553431,2,"[1, 7, 8400]",True
1144,18.584687,1.603136,11.688007,0.32292,32.198750000000004,32.276854,2,"[1, 7, 8400]",True
1145,18.272299,2.027025,11.448321,0.35176,32.099405,32.172959,2,"[1, 7, 8400]",True
1146,22.11192,1.863382,11.763007,0.356393,36.094702,36.180396,2,"[1, 7, 8400]",True
1147,17.968531,1.587725,11.78574,0.331364,31.67336,31.759264,2,"[1, 7, 8400]",True
1148,18.11252,2.134925,11.390939,0.328411,31.966794999999998,32.044602,2,"[1, 7, 8400]",True
1149,22.017662,1.711796,11.691206,0.322416,35.74308,35.818604,2,"[1, 7, 8400]",True
1150,18.321614,1.580953,11.589614,0.327931,31.820112,31.896898,2,"[1, 7, 8400]",True
1151,22.520714,1.919987,11.516368,0.333498,36.290567,36.375891,2,"[1, 7, 8400]",True
1152,50.411477,3.230361,13.788776,0.316372,67.746986,67.827499,2,"[1, 7, 8400]",True
1153,18.221426,1.493234,11.368356,0.321016,31.404032,31.48624,2,"[1, 7, 8400]",True
1154,50.810457,3.196939,16.175868,0.316042,70.499306,70.574662,2,"[1, 7, 8400]",True
1155,15.987236,1.59722,11.3213,0.339704,29.24546,29.326126,2,"[1, 7, 8400]",True
1156,51.026654,3.13988,14.973613,0.321855,69.462002,69.538282,2,"[1, 7, 8400]",True
1157,17.231072,2.007716,11.819807,0.3226,31.381195,31.463873,2,"[1, 7, 8400]",True
1158,17.640078,1.418719,11.50789,0.330153,30.896839999999997,30.976444,2,"[1, 7, 8400]",True
1159,18.670377,1.559447,11.488749,0.401851,32.120424,32.203842,2,"[1, 7, 8400]",True
1160,22.536074,2.303118,11.768264,0.32987,36.937326,37.016933,2,"[1, 7, 8400]",True
1161,17.396948,1.436352,11.430939,0.333236,30.597474999999996,30.67087,2,"[1, 7, 8400]",True
1162,18.769485,1.643014,11.683456,0.333797,32.429752,32.50447,2,"[1, 7, 8400]",True
1163,22.314361,2.269795,11.685761,0.35566,36.625577,36.701067,2,"[1, 7, 8400]",True
1164,17.439352,1.507427,11.529202,0.322541,30.798522,30.882032,2,"[1, 7, 8400]",True
1165,18.605909,1.538203,11.382169,0.379502,31.905782999999996,31.99145,2,"[1, 7, 8400]",True
1166,22.680355,2.324863,11.694473,0.324332,37.024023,37.099199,2,"[1, 7, 8400]",True
1167,17.414379,1.542569,11.540136,0.322953,30.820037,30.899534,2,"[1, 7, 8400]",True
1168,22.651838,2.06203,12.257304,0.325059,37.296231000000006,37.369171,2,"[1, 7, 8400]",True
1169,49.369906,3.030132,14.961189,0.352895,67.714122,67.801446,2,"[1, 7, 8400]",True
1170,17.439145,1.911351,11.907703,0.324664,31.582862999999996,31.660377,2,"[1, 7, 8400]",True
1171,49.96075,4.463698,13.854483,0.322988,68.601919,68.680238,2,"[1, 7, 8400]",True
1172,17.023872,1.473367,12.087521,0.321886,30.906646000000002,30.981891,2,"[1, 7, 8400]",True
1173,18.001007,1.496579,11.214169,0.368485,31.080240000000003,31.180996,2,"[1, 7, 8400]",True
1174,18.779352,1.526792,11.450605,0.330648,32.087396999999996,32.160788,2,"[1, 7, 8400]",True
1175,22.608129,1.78167,11.972248,0.331247,36.693294,36.771077,2,"[1, 7, 8400]",True
1176,17.883232,1.750686,11.361588,0.343489,31.338995,31.422675,2,"[1, 7, 8400]",True
1177,18.425154,1.531585,11.423588,0.332538,31.712865,31.792373,2,"[1, 7, 8400]",True
1178,22.659408,1.81265,11.945454,0.328583,36.746095000000004,36.825204,2,"[1, 7, 8400]",True
1179,17.773317,1.581271,11.267432,0.332596,30.954615999999998,31.045147,2,"[1, 7, 8400]",True
1180,18.680013,1.419672,11.442124,0.332322,31.874131,31.953302,2,"[1, 7, 8400]",True
1181,22.834819,2.261913,12.052421,0.323868,37.473020999999996,37.547025,2,"[1, 7, 8400]",True
1182,17.200626,1.558279,11.334003,0.338627,30.431534999999997,30.5132,2,"[1, 7, 8400]",True
1183,22.573105,2.053602,11.505419,0.327551,36.459677,36.543117,2,"[1, 7, 8400]",True
1184,50.387035,3.039747,15.057154,0.319102,68.803038,68.883023,2,"[1, 7, 8400]",True
1185,17.077324,1.817326,11.47321,0.331983,30.699843,30.775066,2,"[1, 7, 8400]",True
1186,50.791457,3.033158,14.696281,0.319949,68.840845,68.919213,2,"[1, 7, 8400]",True
1187,17.383519,2.415069,11.475684,0.377846,31.652117999999998,31.740272,2,"[1, 7, 8400]",True
1188,17.648396,1.45892,11.877599,0.317424,31.302339,31.375219,2,"[1, 7, 8400]",True
1189,18.296609,1.820629,11.489465,0.316872,31.923575,32.003989,2,"[1, 7, 8400]",True
1190,22.23622,2.409112,11.328733,0.336457,36.310522,36.392483,2,"[1, 7, 8400]",True
1191,17.942272,1.639121,11.842531,0.319144,31.743068,31.820424,2,"[1, 7, 8400]",True
1192,18.105313,1.541868,11.397785,0.321628,31.366594000000003,31.449628,2,"[1, 7, 8400]",True
1193,22.482183,1.854652,11.493785,0.327834,36.158454000000006,36.240565,2,"[1, 7, 8400]",True
1194,18.348094,1.513928,11.92675,0.314336,32.103108,32.179312,2,"[1, 7, 8400]",True
1195,18.155657,1.648588,11.323137,0.317185,31.444567,31.536302,2,"[1, 7, 8400]",True
1196,22.459418,2.21314,11.576752,0.334426,36.583736,36.664852,2,"[1, 7, 8400]",True
1197,17.932361,1.50071,11.939034,0.318289,31.690394,31.761464,2,"[1, 7, 8400]",True
1198,22.244706,1.937837,11.69081,0.32658,36.199933,36.277401,2,"[1, 7, 8400]",True
1199,49.990734,2.61185,14.750316,0.324523,67.677423,67.75375,2,"[1, 7, 8400]",True
1200,18.15735,2.419095,11.818239,0.318936,32.71362,32.791261,2,"[1, 7, 8400]",True
1201,49.498952,2.866312,14.67095,0.328983,67.365197,67.444101,2,"[1, 7, 8400]",True
1202,17.893504,1.738354,11.715118,0.315878,31.662854000000003,31.74127,2,"[1, 7, 8400]",True
1203,50.237333,2.698601,15.333564,0.327178,68.596676,68.674765,2,"[1, 7, 8400]",True
1204,17.266334,1.551061,11.396679,0.327737,30.541811000000003,30.621743,2,"[1, 7, 8400]",True
1205,18.52735,1.506335,11.282931,0.331417,31.648032999999995,31.724994,2,"[1, 7, 8400]",True
1206,18.727023,1.405799,11.882902,0.315876,32.3316,32.408626,2,"[1, 7, 8400]",True
1207,22.37936,2.214682,11.644565,0.328966,36.567573,36.640999,2,"[1, 7, 8400]",True
1208,17.519655,1.54769,11.182913,0.330262,30.58052,30.659485,2,"[1, 7, 8400]",True
1209,18.957511,1.41889,11.821244,0.317707,32.515352,32.587033,2,"[1, 7, 8400]",True
1210,22.348762,2.385533,11.780325,0.320589,36.835209,36.912611,2,"[1, 7, 8400]",True
1211,17.283367,1.45853,11.208889,0.332061,30.282846999999997,30.361437,2,"[1, 7, 8400]",True
1212,23.167392,2.07967,12.163883,0.324167,37.735112,37.821493,2,"[1, 7, 8400]",True
1213,49.468409,2.907472,14.53189,0.326875,67.234646,67.323323,2,"[1, 7, 8400]",True
1214,17.991918,1.715115,11.964992,0.330734,32.002759,32.077698,2,"[1, 7, 8400]",True
1215,50.087329,3.083011,14.724867,0.326059,68.221266,68.309149,2,"[1, 7, 8400]",True
1216,17.594125,1.80218,12.142989,0.322403,31.861697,31.937518,2,"[1, 7, 8400]",True
1217,49.774001,2.940271,13.645546,0.334519,66.694337,66.775061,2,"[1, 7, 8400]",True
1218,18.757412,1.490585,11.990997,0.327075,32.566069,32.640047,2,"[1, 7, 8400]",True
1219,18.103579,1.678145,11.596851,0.319297,31.697871999999997,31.775352,2,"[1, 7, 8400]",True
1220,18.130983,1.322956,11.187653,0.329524,30.971116000000002,31.047896,2,"[1, 7, 8400]",True
1221,23.252236,1.694837,12.245317,0.328455,37.520845,37.595775,2,"[1, 7, 8400]",True
1222,17.619189,1.628978,11.742249,0.31818,31.308595999999998,31.387564,2,"[1, 7, 8400]",True
1223,18.114231,1.66041,11.222438,0.338852,31.335931,31.419193,2,"[1, 7, 8400]",True
1224,22.525136,1.580751,12.4998,0.332049,36.937736,37.013183,2,"[1, 7, 8400]",True
1225,17.755619,1.961859,11.512731,0.320632,31.550841000000002,31.629806,2,"[1, 7, 8400]",True
1226,22.160381,1.717751,11.463186,0.348998,35.690316,35.768108,2,"[1, 7, 8400]",True
1227,50.637378,3.419989,14.752963,0.325444,69.135774,69.219455,2,"[1, 7, 8400]",True
1228,17.161341,1.575268,11.375448,0.32694,30.438997,30.535928,2,"[1, 7, 8400]",True
1229,50.916433,3.39666,14.518586,0.316938,69.14861699999999,69.226232,2,"[1, 7, 8400]",True
1230,17.389232,2.236747,11.684664,0.328665,31.639308,31.72081,2,"[1, 7, 8400]",True
1231,49.782091,2.92573,14.756835,0.329142,67.79379800000001,67.875549,2,"[1, 7, 8400]",True
1232,17.650747,1.538865,11.322845,0.331362,30.843818999999996,30.92539,2,"[1, 7, 8400]",True
1233,18.629497,1.444168,11.683122,0.357406,32.114193,32.198548,2,"[1, 7, 8400]",True
1234,18.46201,1.927751,11.609262,0.317601,32.316624000000004,32.390796,2,"[1, 7, 8400]",True
1235,22.118427,1.689069,11.415237,0.325822,35.548555,35.626041,2,"[1, 7, 8400]",True
1236,18.229608,1.963338,12.072541,0.337283,32.60277,32.678651,2,"[1, 7, 8400]",True
1237,17.77129,1.54866,11.471605,0.322427,31.113982,31.192652,2,"[1, 7, 8400]",True
1238,22.558018,2.001945,11.41826,0.326256,36.304479,36.381836,2,"[1, 7, 8400]",True
1239,18.022311,1.56374,11.73109,0.320838,31.637978999999998,31.71473,2,"[1, 7, 8400]",True
1240,22.541732,2.407111,11.483715,0.33034,36.762898,36.864662,2,"[1, 7, 8400]",True
1241,49.852107,3.265759,14.340346,0.332481,67.790693,67.874941,2,"[1, 7, 8400]",True
1242,17.654819,1.644987,11.693474,0.317708,31.310988,31.382979,2,"[1, 7, 8400]",True
1243,50.602896,3.061598,15.065553,0.325782,69.055829,69.135966,2,"[1, 7, 8400]",True
1244,17.183387,2.290349,11.42259,0.354575,31.250901,31.355152,2,"[1, 7, 8400]",True
1245,50.042143,3.059456,14.316432,0.323368,67.741399,67.827102,2,"[1, 7, 8400]",True
1246,17.889026,1.696339,11.590647,0.326038,31.502050000000004,31.578182,2,"[1, 7, 8400]",True
1247,18.261437,1.482311,11.461376,0.332676,31.537799999999997,31.618705,2,"[1, 7, 8400]",True
1248,18.666015,1.529536,11.914342,0.325681,32.435574,32.508384,2,"[1, 7, 8400]",True
1249,22.102093,2.12586,11.795014,0.335573,36.35854,36.438734,2,"[1, 7, 8400]",True
1250,17.660149,1.412257,11.401403,0.333791,30.807600000000004,30.889875,2,"[1, 7, 8400]",True
1251,18.71332,1.527727,11.956968,0.325052,32.523067,32.598102,2,"[1, 7, 8400]",True
1252,22.229564,1.971215,11.640449,0.321759,36.162987,36.238701,2,"[1, 7, 8400]",True
1253,17.765771,1.577329,11.499801,0.339365,31.182266,31.264658,2,"[1, 7, 8400]",True
1254,22.728831,2.737261,12.012064,0.334896,37.813052,37.91531,2,"[1, 7, 8400]",True
1255,48.95106,2.94303,13.804771,0.350427,66.04928799999999,66.128881,2,"[1, 7, 8400]",True
1256,18.592791,2.487241,11.918672,0.321539,33.320243000000005,33.394357,2,"[1, 7, 8400]",True
1257,49.430779,2.913526,13.473016,0.317841,66.135162,66.210535,2,"[1, 7, 8400]",True
1258,18.95644,2.687437,12.44972,0.356221,34.449818,34.523828,2,"[1, 7, 8400]",True
1259,48.68739,2.899304,14.501073,0.319297,66.407064,66.491642,2,"[1, 7, 8400]",True
1260,17.809709,2.180478,11.774295,0.330871,32.095353,32.184268,2,"[1, 7, 8400]",True
1261,17.681544,1.598335,11.555848,0.326312,31.162039,31.239289,2,"[1, 7, 8400]",True
1262,18.432821,1.566866,11.436123,0.349377,31.785187000000004,31.865332,2,"[1, 7, 8400]",True
1263,22.569418,2.310203,11.841446,0.356056,37.077123,37.157235,2,"[1, 7, 8400]",True
1264,17.339673,1.637501,11.439457,0.321784,30.738415000000003,30.820709,2,"[1, 7, 8400]",True
1265,18.554315,1.503794,11.156434,0.330822,31.545365,31.631039,2,"[1, 7, 8400]",True
1266,22.906095,2.591994,11.783991,0.327377,37.609457,37.690197,2,"[1, 7, 8400]",True
1267,17.18517,1.591749,11.428074,0.361374,30.566367000000003,30.646624,2,"[1, 7, 8400]",True
1268,18.540732,1.578761,11.374693,0.333617,31.827803,31.908277,2,"[1, 7, 8400]",True
1269,22.555772,2.566674,11.864669,0.328252,37.315367,37.397549,2,"[1, 7, 8400]",True
1270,17.197782,1.583383,11.621994,0.323661,30.726820000000004,30.799524,2,"[1, 7, 8400]",True
1271,22.466374,2.455234,11.579554,0.321097,36.822259,36.903589,2,"[1, 7, 8400]",True
1272,49.690817,2.79831,14.661026,0.322672,67.472825,67.557419,2,"[1, 7, 8400]",True
1273,17.94291,2.068886,11.421433,0.315749,31.748978,31.828479,2,"[1, 7, 8400]",True
1274,50.627327,3.782116,14.326107,0.348909,69.08445900000001,69.188463,2,"[1, 7, 8400]",True
1275,16.632572,1.633904,11.730668,0.318265,30.315409,30.387227,2,"[1, 7, 8400]",True
1276,18.358209,1.902227,11.527058,0.332467,32.119960999999996,32.199573,2,"[1, 7, 8400]",True
1277,18.193438,1.531508,11.455885,0.330026,31.510856999999998,31.601637,2,"[1, 7, 8400]",True
1278,22.612795,2.329185,11.783849,0.320535,37.046364,37.125875,2,"[1, 7, 8400]",True
1279,17.383787,2.012483,11.849336,0.366175,31.611781,31.691503,2,"[1, 7, 8400]",True
1280,17.547728,1.653183,11.520627,0.326329,31.047866999999997,31.121859,2,"[1, 7, 8400]",True
1281,22.662467,1.918783,11.928135,0.31981,36.829195,36.907342,2,"[1, 7, 8400]",True
1282,17.603312,1.664061,11.467372,0.327264,31.062008999999996,31.144535,2,"[1, 7, 8400]",True
1283,18.529344,1.595725,11.499669,0.322118,31.946856,32.025293,2,"[1, 7, 8400]",True
1284,22.553461,2.459844,11.759624,0.317455,37.090384,37.171821,2,"[1, 7, 8400]",True
1285,17.288401,2.294138,11.921265,0.383068,31.886872000000004,31.979956,2,"[1, 7, 8400]",True
1286,21.272961,1.639703,11.566767,0.327961,34.807392,34.89876,2,"[1, 7, 8400]",True
1287,50.810316,3.53806,11.778291,0.3368,66.463467,66.550415,2,"[1, 7, 8400]",True
1288,19.956138,2.69694,11.869016,0.412976,34.93507,35.017384,2,"[1, 7, 8400]",True
1289,49.290526,3.787609,13.874796,0.352207,67.30513800000001,67.395738,2,"[1, 7, 8400]",True
1290,17.382418,1.74291,11.768339,0.327239,31.220906,31.301655,2,"[1, 7, 8400]",True
1291,18.020226,1.579454,11.462014,0.32462,31.386314,31.466668,2,"[1, 7, 8400]",True
1292,18.5315,2.452829,11.760458,0.326541,33.071328,33.14636,2,"[1, 7, 8400]",True
1293,21.437223,2.341408,12.350363,0.336237,36.465230999999996,36.582691,2,"[1, 7, 8400]",True
1294,16.79039,1.439258,11.52019,0.326704,30.076541999999996,30.150692,2,"[1, 7, 8400]",True
1295,18.591065,1.975448,11.319385,0.33805,32.223948,32.329346,2,"[1, 7, 8400]",True
1296,22.298308,1.850835,11.957281,0.333863,36.440287,36.515759,2,"[1, 7, 8400]",True
1297,17.727312,1.764725,11.64752,0.322614,31.462171,31.554356,2,"[1, 7, 8400]",True
1298,18.135843,1.98578,11.387528,0.358586,31.867736999999998,31.950608,2,"[1, 7, 8400]",True
1299,22.213782,1.7045,11.745949,0.326083,35.990314,36.069638,2,"[1, 7, 8400]",True
1300,18.102049,1.594063,11.594885,0.372563,31.663559999999997,31.740087,2,"[1, 7, 8400]",True
1301,22.402666,2.275779,11.635006,0.334383,36.647834,36.728536,2,"[1, 7, 8400]",True
1302,50.01858,3.181982,13.196418,0.331399,66.728379,66.80977,2,"[1, 7, 8400]",True
1303,18.720815,1.559292,11.277085,0.336893,31.894085,31.975431,2,"[1, 7, 8400]",True
1304,51.179623,3.248423,14.333521,0.418851,69.180418,69.286183,2,"[1, 7, 8400]",True
1305,17.424982,1.345772,11.30903,0.33303,30.412814,30.5329,2,"[1, 7, 8400]",True
1306,18.91444,1.441421,11.475652,0.404208,32.235721,32.318816,2,"[1, 7, 8400]",True
1307,18.567677,1.471675,11.503461,0.323267,31.866080000000004,31.943357,2,"[1, 7, 8400]",True
1308,22.602798,1.946163,11.53765,0.33036,36.416971,36.4991,2,"[1, 7, 8400]",True
1309,18.116816,1.615975,11.453389,0.379155,31.565335,31.642751,2,"[1, 7, 8400]",True
1310,18.445147,1.499176,11.461398,0.328227,31.733947999999998,31.823862,2,"[1, 7, 8400]",True
1311,22.542759,2.078603,11.490295,0.326695,36.438352,36.521227,2,"[1, 7, 8400]",True
1312,18.072969,1.508003,11.543821,0.348739,31.473531999999995,31.546036,2,"[1, 7, 8400]",True
1313,18.235092,1.376395,11.296393,0.324632,31.232512,31.30977,2,"[1, 7, 8400]",True
1314,23.155751,2.137367,11.517914,0.331062,37.142094,37.228306,2,"[1, 7, 8400]",True
1315,17.825396,1.456877,11.463557,0.323994,31.069823999999997,31.148201,2,"[1, 7, 8400]",True
1316,23.007493,2.356197,11.627422,0.324014,37.315126,37.393293,2,"[1, 7, 8400]",True
1317,50.085808,4.133458,14.941946,0.322355,69.483567,69.576528,2,"[1, 7, 8400]",True
1318,15.822142,1.53695,11.537083,0.326911,29.223086,29.299486,2,"[1, 7, 8400]",True
1319,51.145385,4.094963,11.563873,0.323203,67.127424,67.212694,2,"[1, 7, 8400]",True
1320,19.365194,2.692285,11.571786,0.335233,33.964498000000006,34.070901,2,"[1, 7, 8400]",True
1321,49.841814,4.06849,15.350547,0.34625,69.607101,69.694661,2,"[1, 7, 8400]",True
1322,15.439297,1.622329,11.573638,0.320549,28.955813,29.028826,2,"[1, 7, 8400]",True
1323,18.320717,2.029234,11.426521,0.328556,32.105028,32.181462,2,"[1, 7, 8400]",True
1324,18.169126,1.426733,11.674254,0.331811,31.601923999999993,31.680194,2,"[1, 7, 8400]",True
1325,22.510672,1.656213,11.594542,0.323614,36.085041,36.157247,2,"[1, 7, 8400]",True
1326,18.365784,1.781596,11.293192,0.336698,31.77727,31.869984,2,"[1, 7, 8400]",True
1327,18.46404,2.154918,11.802356,0.324751,32.746064999999994,32.819772,2,"[1, 7, 8400]",True
1328,21.6404,2.293847,11.693506,0.323201,35.950953999999996,36.03124,2,"[1, 7, 8400]",True
1329,17.398116,1.570642,11.258914,0.331674,30.559346,30.639173,2,"[1, 7, 8400]",True
1330,22.972705,2.221066,11.737442,0.364196,37.295409,37.375196,2,"[1, 7, 8400]",True
1331,49.605195,2.750313,14.423905,0.317739,67.09715200000001,67.170083,2,"[1, 7, 8400]",True
1332,18.393613,2.447866,11.994541,0.315883,33.151903,33.225229,2,"[1, 7, 8400]",True
1333,49.169076,2.56484,13.666912,0.339856,65.74068399999999,65.827204,2,"[1, 7, 8400]",True
1334,19.298405,2.790151,12.217862,0.352598,34.659015999999994,34.736047,2,"[1, 7, 8400]",True
1335,48.648716,3.626107,12.57118,0.316143,65.16214599999999,65.261387,2,"[1, 7, 8400]",True
1336,19.196134,2.144867,11.702324,0.440259,33.483584,33.587622,2,"[1, 7, 8400]",True
1337,17.629954,1.5469,11.380992,0.32733,30.885176000000005,30.963145,2,"[1, 7, 8400]",True
1338,18.59224,2.171994,11.437192,0.321156,32.522582,32.596981,2,"[1, 7, 8400]",True
1339,22.025838,2.505953,12.00934,0.32491,36.866041,36.948151,2,"[1, 7, 8400]",True
1340,17.084835,1.552274,11.495645,0.321143,30.453897,30.530003,2,"[1, 7, 8400]",True
1341,18.484453,1.630163,11.258633,0.332251,31.705499999999997,31.785783,2,"[1, 7, 8400]",True
1342,22.746685,2.340737,12.058059,0.324623,37.470104000000006,37.560313,2,"[1, 7, 8400]",True
1343,17.174671,1.568097,11.602634,0.314959,30.660361,30.735507,2,"[1, 7, 8400]",True
1344,22.478781,2.042309,11.684536,0.3174,36.523026,36.600953,2,"[1, 7, 8400]",True
1345,50.423251,3.716392,14.549477,0.347647,69.036767,69.123688,2,"[1, 7, 8400]",True
1346,16.701046,1.606365,11.572109,0.317292,30.196811999999998,30.271315,2,"[1, 7, 8400]",True
1347,50.85541,3.994713,14.939444,0.320596,70.11016299999999,70.19368,2,"[1, 7, 8400]",True
1348,16.20022,1.526583,11.684645,0.318382,29.72983,29.800856,2,"[1, 7, 8400]",True
1349,51.04681,4.133899,15.815998,0.315629,71.312336,71.398526,2,"[1, 7, 8400]",True
1350,14.86251,1.370115,11.467566,0.313228,28.013418999999995,28.083999,2,"[1, 7, 8400]",True
1351,18.820195,2.016505,11.591094,0.329408,32.757202,32.865186,2,"[1, 7, 8400]",True
1352,17.912005,1.607347,11.473912,0.353507,31.346771000000004,31.420798,2,"[1, 7, 8400]",True
1353,22.513541,1.832161,11.771125,0.316158,36.432985,36.504711,2,"[1, 7, 8400]",True
1354,17.976986,2.209062,11.665426,0.383391,32.234865,32.313635,2,"[1, 7, 8400]",True
1355,17.528179,1.561275,11.513693,0.327069,30.930216,31.007317,2,"[1, 7, 8400]",True
1356,22.533665,1.453622,11.6995,0.327765,36.014551999999995,36.088572,2,"[1, 7, 8400]",True
1357,18.536429,2.410031,11.585277,0.423193,32.95493,33.034838,2,"[1, 7, 8400]",True
1358,21.578782,2.494366,12.359561,0.345086,36.777795000000005,36.86447,2,"[1, 7, 8400]",True
1359,49.101418,4.078341,15.528967,0.401982,69.110708,69.197556,2,"[1, 7, 8400]",True
1360,15.46023,2.152517,12.405665,0.314394,30.332805999999998,30.408311,2,"[1, 7, 8400]",True
1361,49.60835,3.722988,15.06647,0.331607,68.729415,68.813457,2,"[1, 7, 8400]",True
1362,16.233513,1.745997,12.000459,0.331613,30.311581999999998,30.391441,2,"[1, 7, 8400]",True
1363,50.252641,3.481387,15.853327,0.348457,69.935812,70.015637,2,"[1, 7, 8400]",True
1364,15.674597,2.259992,12.539328,0.316433,30.79035,30.869158,2,"[1, 7, 8400]",True
1365,16.766324,1.52517,11.476003,0.333482,30.100979,30.169835,2,"[1, 7, 8400]",True
1366,18.610996,2.297918,11.849576,0.315327,33.073817000000005,33.142081,2,"[1, 7, 8400]",True
1367,21.527399,1.929244,12.456767,0.315743,36.229153,36.310203,2,"[1, 7, 8400]",True
1368,17.081744,1.370544,11.503526,0.323574,30.279388,30.357793,2,"[1, 7, 8400]",True
1369,18.802747,1.901373,11.291875,0.322449,32.318444,32.393705,2,"[1, 7, 8400]",True
1370,22.412516,2.274367,12.548049,0.323162,37.558094000000004,37.642774,2,"[1, 7, 8400]",True
1371,16.660159,1.281752,11.429991,0.319186,29.691087999999997,29.805057,2,"[1, 7, 8400]",True
1372,22.951492,2.146873,11.861789,0.329871,37.29002499999999,37.370322,2,"[1, 7, 8400]",True
1373,49.561043,2.648839,13.751528,0.32588,66.28729,66.363554,2,"[1, 7, 8400]",True
1374,19.200829,1.588381,11.756273,0.323013,32.868496,32.944853,2,"[1, 7, 8400]",True
1375,50.386519,2.720564,13.648969,0.358135,67.114187,67.206123,2,"[1, 7, 8400]",True
1376,18.997304,1.957052,11.628133,0.348901,32.93139,33.007804,2,"[1, 7, 8400]",True
1377,50.195196,2.908319,13.731688,0.324647,67.15985,67.237335,2,"[1, 7, 8400]",True
1378,18.655625,1.904498,11.644684,0.320494,32.525301,32.60007,2,"[1, 7, 8400]",True
1379,17.90022,1.599135,11.536276,0.334252,31.369883,31.447,2,"[1, 7, 8400]",True
1380,18.426494,1.55307,11.566349,0.328048,31.873961000000005,31.947343,2,"[1, 7, 8400]",True
1381,22.698776,1.869868,11.734172,0.320072,36.622888,36.703272,2,"[1, 7, 8400]",True
1382,17.879988,1.559871,11.344366,0.365661,31.149886000000002,31.228898,2,"[1, 7, 8400]",True
1383,18.64494,1.541302,11.520751,0.326731,32.033724,32.107841,2,"[1, 7, 8400]",True
1384,22.60794,2.108611,11.75813,0.326765,36.801446,36.881888,2,"[1, 7, 8400]",True
1385,17.633936,1.584321,11.420498,0.342338,30.981092999999998,31.063291,2,"[1, 7, 8400]",True
1386,18.547895,1.506528,11.419813,0.325419,31.799654999999998,31.879,2,"[1, 7, 8400]",True
1387,22.697898,1.828972,11.616553,0.316561,36.459984,36.535005,2,"[1, 7, 8400]",True
1388,18.099043,2.183916,11.527892,0.319576,32.130427,32.204634,2,"[1, 7, 8400]",True
1389,21.950594,1.896037,12.002491,0.337182,36.18630399999999,36.267118,2,"[1, 7, 8400]",True
1390,50.091852,3.435857,14.748886,0.327063,68.603658,68.688244,2,"[1, 7, 8400]",True
1391,16.96256,1.872393,11.493797,0.326482,30.655231999999998,30.74607,2,"[1, 7, 8400]",True
1392,50.84948,4.049444,14.620326,0.329827,69.849077,69.941605,2,"[1, 7, 8400]",True
1393,16.186312,1.890732,11.363422,0.324634,29.7651,29.841174,2,"[1, 7, 8400]",True
1394,18.325076,1.543613,11.505217,0.323885,31.697791,31.77456,2,"[1, 7, 8400]",True
1395,18.545054,1.692542,11.389636,0.33076,31.957992,32.033988,2,"[1, 7, 8400]",True
1396,22.477059,1.769314,11.537329,0.324164,36.10786600000001,36.183523,2,"[1, 7, 8400]",True
1397,18.299784,1.935581,11.566405,0.319694,32.121463999999996,32.194733,2,"[1, 7, 8400]",True
1398,18.126945,1.881231,11.453095,0.325192,31.786462999999998,31.860381,2,"[1, 7, 8400]",True
1399,22.191057,1.674206,11.347142,0.352968,35.565373,35.638513,2,"[1, 7, 8400]",True
1400,18.53702,1.64608,11.551393,0.322873,32.057366,32.139965,2,"[1, 7, 8400]",True
1401,18.380354,1.574502,11.310355,0.325924,31.591135,31.662769,2,"[1, 7, 8400]",True
1402,22.73747,1.789303,11.664583,0.324435,36.515791,36.593866,2,"[1, 7, 8400]",True
1403,18.108486,1.693212,11.514615,0.323378,31.639691,31.723451,2,"[1, 7, 8400]",True
1404,22.39283,2.752609,12.005095,0.32055,37.471084,37.555898,2,"[1, 7, 8400]",True
1405,48.996368,2.865506,15.288279,0.321181,67.471334,67.549877,2,"[1, 7, 8400]",True
1406,17.256433,2.414364,11.696993,0.325984,31.693773999999998,31.770345,2,"[1, 7, 8400]",True
1407,49.439917,2.669106,15.54346,0.324051,67.976534,68.07115,2,"[1, 7, 8400]",True
1408,17.405199,2.491717,12.154699,0.317921,32.369536,32.450533,2,"[1, 7, 8400]",True
1409,16.811167,1.43063,11.387561,0.319145,29.948503000000002,30.021944,2,"[1, 7, 8400]",True
1410,18.864005,1.535332,11.526341,0.330999,32.256676999999996,32.330763,2,"[1, 7, 8400]",True
1411,22.506768,2.569458,11.956512,0.321238,37.353976,37.431401,2,"[1, 7, 8400]",True
1412,17.016952,1.479354,11.424658,0.31842,30.239384,30.318384,2,"[1, 7, 8400]",True
1413,18.712954,1.478227,11.548722,0.325279,32.065182,32.136975,2,"[1, 7, 8400]",True
1414,22.623973,2.448989,11.812754,0.32116,37.206876,37.312792,2,"[1, 7, 8400]",True
1415,17.221415,1.536236,11.214325,0.320375,30.292350999999996,30.366449,2,"[1, 7, 8400]",True
1416,18.496016,1.377126,11.286404,0.323679,31.483224999999997,31.557356,2,"[1, 7, 8400]",True
1417,23.272642,2.557733,11.689488,0.322191,37.842054,37.925552,2,"[1, 7, 8400]",True
1418,17.299618,1.456728,11.46487,0.325777,30.546992999999997,30.620936,2,"[1, 7, 8400]",True
1419,22.8214,2.174251,12.672934,0.338452,38.007037,38.076413,2,"[1, 7, 8400]",True
1420,48.775782,2.684467,14.477673,0.323132,66.261054,66.34074,2,"[1, 7, 8400]",True
1421,18.352105,2.604627,11.930567,0.317184,33.204482999999996,33.283058,2,"[1, 7, 8400]",True
1422,49.244386,2.820779,12.852188,0.334544,65.251897,65.331084,2,"[1, 7, 8400]",True
1423,19.70097,1.8153,12.462614,0.325395,34.304279,34.381609,2,"[1, 7, 8400]",True
1424,49.51212,2.895665,14.897991,0.333436,67.63921200000001,67.721304,2,"[1, 7, 8400]",True
1425,17.502491,1.740533,11.97641,0.323994,31.543428,31.620175,2,"[1, 7, 8400]",True
1426,17.700672,2.105371,11.627598,0.318144,31.751785,31.826934,2,"[1, 7, 8400]",True
1427,17.950882,2.172575,11.419426,0.322097,31.864980000000003,31.938746,2,"[1, 7, 8400]",True
1428,22.022506,2.095313,13.0136,0.354255,37.485674,37.562324,2,"[1, 7, 8400]",True
1429,16.460959,2.038724,11.676905,0.321304,30.497891999999997,30.574485,2,"[1, 7, 8400]",True
1430,17.835321,1.565848,11.354356,0.323638,31.079162999999998,31.158651,2,"[1, 7, 8400]",True
1431,22.584877,2.091187,12.037159,0.328196,37.041419,37.118003,2,"[1, 7, 8400]",True
1432,17.61034,2.617637,11.714838,0.319905,32.26272,32.342156,2,"[1, 7, 8400]",True
1433,21.05761,1.485133,12.237572,0.329574,35.109889,35.188372,2,"[1, 7, 8400]",True
1434,50.593235,4.476102,15.220443,0.513455,70.80323499999999,70.904212,2,"[1, 7, 8400]",True
1435,15.11268,1.692591,11.827083,0.327391,28.959744999999998,29.040771,2,"[1, 7, 8400]",True
1436,50.877665,4.72141,15.097952,0.355238,71.05226499999999,71.142542,2,"[1, 7, 8400]",True
1437,14.83661,1.468051,11.898921,0.320081,28.523662999999996,28.594083,2,"[1, 7, 8400]",True
1438,50.954903,4.37804,15.468904,0.353125,71.154972,71.261321,2,"[1, 7, 8400]",True
1439,14.881811,1.502197,11.349378,0.327548,28.060934000000003,28.136365,2,"[1, 7, 8400]",True
1440,18.789695,1.656034,12.744521,0.322327,33.512577,33.602218,2,"[1, 7, 8400]",True
1441,17.17169,2.23743,11.195557,0.325963,30.930640000000004,31.011771,2,"[1, 7, 8400]",True
1442,22.213014,2.436686,12.285339,0.324724,37.25976300000001,37.338062,2,"[1, 7, 8400]",True
