frame_index,processed_frames,exceptions,image_stamp_ns,image_age_at_callback_ms,preprocess_ms,inference_ms,postprocess_ms,callback_latency_ms,detection_count,error
1396,1396,0,1790170456116413000,93.138073,1.925693,28.142383,0.489682,30.674854,2,
1397,1397,0,1790170456148377000,93.627435,1.644163,29.454901,0.661837,31.882309,2,
1398,1398,0,1790170456184361000,92.196478,1.588721,31.494889,0.667215,33.949545,2,
1399,1399,0,1790170456216398000,92.984623,1.597881,30.144951,0.420659,32.265059,2,
1400,1400,0,1790170456248417000,95.018916,1.612984,31.281256,0.480395,33.490356,2,
1401,1401,0,1790170456284398000,89.608385,1.852272,27.5438,0.477576,29.986943,2,
1402,1402,0,1790170456316401000,88.38391,1.572434,27.965541,0.482694,30.135738,2,
1403,1403,0,1790170456348390000,87.885912,2.44961,27.643261,0.660345,30.887232,2,
1404,1404,0,1790170456384398000,82.290515,2.34668,26.56322,0.679509,29.713188,2,
1405,1405,0,1790170456416402000,80.565052,2.231534,26.562223,0.651404,29.578135,2,
1406,1406,0,1790170456452367000,74.451414,1.51629,26.918128,0.612846,29.154977,2,
1407,1407,0,1790170456484400000,74.22119,2.186131,28.432104,0.497087,31.228787,2,
1408,1408,0,1790170456516326000,72.234984,1.552805,27.204137,0.489278,29.361547,2,
1409,1409,0,1790170456552371000,66.444707,1.56919,27.531488,0.480357,29.687497,2,
1410,1410,0,1790170456584407000,67.647947,1.825548,30.276841,0.465092,32.672474,2,
1411,1411,0,1790170456616396000,67.369358,1.55803,28.917741,0.499261,31.09002,2,
1412,1412,0,1790170456652481000,61.3112,1.819386,26.996549,0.48672,29.417417,2,
1413,1413,0,1790170456816577000,103.412635,3.690048,65.143686,0.538406,69.478224,2,
1414,1414,0,1790170456852489000,100.285219,1.622413,29.86299,0.506224,32.099072,2,
1415,1415,0,1790170456884428000,100.95494,1.588676,29.84368,0.476384,32.032626,2,
1416,1416,0,1790170456916379000,101.123649,1.94139,28.866407,0.515034,31.455786,2,
1417,1417,0,1790170456952406000,97.057753,1.584518,29.169692,0.47766,31.354926,2,
1418,1418,0,1790170456984400000,96.131589,1.596084,28.227661,0.480867,30.462663,2,
1419,1419,0,1790170457020508000,92.237665,1.643171,29.207668,0.487361,31.453316,2,
1420,1420,0,1790170457052523000,90.719234,1.608123,27.627435,0.480662,29.843752,2,
1421,1421,0,1790170457084375000,89.942538,1.624354,28.171834,0.485638,30.393663,2,
1422,1422,0,1790170457120420000,86.784791,1.628577,30.086806,0.479726,32.303552,2,
1423,1423,0,1790170457152402000,87.457681,1.554508,29.710148,0.649369,32.031118,2,
1424,1424,0,1790170457184399000,90.10206,1.59852,31.659857,0.629871,34.028707,2,
1425,1425,0,1790170457220417000,86.515464,1.739779,29.266885,0.66196,31.772036,2,
1426,1426,0,1790170457252389000,88.180002,1.544603,30.894302,0.479571,33.035922,2,
1427,1427,0,1790170457284400000,88.481883,1.624307,29.392824,0.549506,31.673128,2,
1428,1428,0,1790170457320399000,84.18066,1.599293,28.771451,0.510758,31.0175,2,
1429,1429,0,1790170457352406000,83.653051,1.986959,28.276834,0.48479,30.867015,2,
1430,1430,0,1790170457384403000,82.047575,1.643899,27.492195,0.512764,29.768595,2,
1431,1431,0,1790170457420401000,76.131028,1.593011,27.28915,0.487381,29.491368,2,
1432,1432,0,1790170457452424000,75.786001,1.53528,28.805583,0.624845,31.089117,2,
1433,1433,0,1790170457484385000,77.004404,2.434675,29.483401,0.469705,32.506059,2,
1434,1434,0,1790170457520387000,73.705207,1.578153,29.934113,0.478009,32.10681,2,
1435,1435,0,1790170457552420000,73.747965,1.568254,29.137721,0.637423,31.464341,2,
1436,1436,0,1790170457652565000,103.507855,6.199702,61.667765,0.809284,68.827257,2,
1437,1437,0,1790170457688519000,103.346991,1.695797,32.788972,0.446602,35.042726,2,
1438,1438,0,1790170457720443000,103.136941,1.615749,28.903698,0.486794,31.114567,2,
1439,1439,0,1790170457752419000,104.597934,1.857913,30.385243,0.486576,32.837342,2,
1440,1440,0,1790170457788421000,101.065903,1.632952,29.539129,0.477968,31.769742,2,
1441,1441,0,1790170457820415000,100.315842,1.575274,28.201245,0.681517,30.582438,2,
1442,1442,0,1790170457852410000,102.791538,1.678898,31.526979,0.489885,33.810324,2,
1443,1443,0,1790170457888348000,96.935227,1.524288,27.252653,0.5695,29.465965,2,
1444,1444,0,1790170457920421000,96.859812,1.75482,28.675536,0.712186,31.275985,2,
1445,1445,0,1790170457952407000,96.796427,1.6589,28.747946,0.649851,31.183461,2,
1446,1446,0,1790170457988534000,94.421545,1.756784,30.469577,0.690373,33.055321,2,
1447,1447,0,1790170458156543000,91.678606,3.787214,57.09197,0.501213,61.485334,2,
1448,1448,0,1790170458256580000,102.747145,4.798743,66.497423,0.742719,72.169289,2,
1449,1449,0,1790170458288488000,104.556436,2.51285,29.779456,0.604612,33.020981,2,
1450,1450,0,1790170458320430000,106.401157,1.880318,30.704716,0.474333,33.160242,2,
1451,1451,0,1790170458388388000,70.19604,1.607134,28.883817,0.484346,31.089026,2,
1452,1452,0,1790170458420370000,73.247863,2.537949,30.998321,0.710092,34.367235,2,
1453,1453,0,1790170458556548000,100.595555,3.597331,66.532676,0.47026,70.705897,2,
1454,1454,0,1790170458588541000,107.993517,1.532915,36.616777,0.488473,38.764181,2,
1455,1455,0,1790170458656435000,72.891821,1.607646,29.818755,0.627124,32.18059,2,
1456,1456,0,1790170458688421000,74.650531,2.485267,29.959734,0.465962,33.02857,2,
1457,1457,0,1790170458724432000,71.9223,1.677229,30.346108,0.476602,32.614142,2,
1458,1458,0,1790170458856547000,68.245624,4.726932,32.132568,0.689103,37.690723,2,
1459,1459,0,1790170458888536000,68.74553,2.046845,28.941456,0.653789,31.777419,2,
1460,1460,0,1790170458924447000,66.337558,2.382083,29.585975,0.729602,32.815007,2,
1461,1461,0,1790170458956378000,64.303417,1.525247,26.934167,0.711552,29.313573,2,
1462,1462,0,1790170458988410000,63.56039,2.324987,27.66054,0.490084,30.590873,2,
1463,1463,0,1790170459024555000,59.736199,1.589171,28.763952,0.495958,30.968347,2,
1464,1464,0,1790170459056471000,68.260198,1.680648,32.949849,0.504875,35.24723,2,
1465,1465,0,1790170459088548000,68.165247,1.853926,28.709043,0.688375,31.363361,2,
1466,1466,0,1790170459124463000,63.411658,1.64689,28.191606,0.559045,30.503649,2,
1467,1467,0,1790170459256536000,69.422053,5.525718,29.406622,0.493409,35.56679,2,
1468,1468,0,1790170459292525000,77.746852,1.581446,41.359688,0.588679,43.644165,2,
1469,1469,0,1790170459324431000,78.985722,1.582295,30.360223,0.479781,32.539613,2,
1470,1470,0,1790170459356445000,78.447847,1.616192,28.394449,0.743026,30.881064,2,
1471,1471,0,1790170459392440000,75.419172,1.601024,30.073278,0.514605,32.32298,2,
1472,1472,0,1790170459424436000,74.665373,1.5953,28.408736,0.478193,30.601661,2,
1473,1473,0,1790170459456425000,76.727919,1.703369,30.967643,0.631704,33.430342,2,
1474,1474,0,1790170459492430000,71.941945,2.350145,27.372439,0.667554,30.525126,2,
1475,1475,0,1790170459524388000,71.32144,2.342165,27.675168,0.496773,30.634428,2,
1476,1476,0,1790170459556423000,72.328932,1.564352,30.262996,0.517193,32.453757,2,
1477,1477,0,1790170459592449000,66.38491,1.520399,27.30217,0.491521,29.420645,2,
1478,1478,0,1790170459624451000,65.177263,1.610776,27.91188,0.49646,30.123647,2,
1479,1479,0,1790170459656425000,66.418127,1.72516,30.12214,0.590828,32.543426,2,
1480,1480,0,1790170459692551000,61.01592,1.625664,27.700192,0.484813,29.921305,2,
1481,1481,0,1790170459724451000,64.785168,1.676896,29.369974,0.701246,31.870621,2,
1482,1482,0,1790170459856558000,74.19825,5.189475,33.949743,0.78527,40.054142,2,
1483,1483,0,1790170459892482000,73.05548,1.813509,31.434898,0.66767,34.079407,2,
1484,1484,0,1790170459924433000,74.378161,2.437037,29.275998,0.638734,32.468658,2,
1485,1485,0,1790170460024603000,99.384672,3.503132,60.990859,0.924125,65.544066,2,
1486,1486,0,1790170460092424000,78.283921,1.993639,43.304415,0.671898,46.090945,2,
1487,1487,0,1790170460124580000,78.633236,1.862212,29.18055,0.658811,31.833585,2,
1488,1488,0,1790170460160488000,75.901935,2.350355,29.346976,0.663499,32.49692,2,
1489,1489,0,1790170460192440000,76.452603,2.34119,28.747223,0.576723,31.781175,2,
1490,1490,0,1790170460224450000,74.559343,1.817816,27.032614,0.497115,29.466361,2,
1491,1491,0,1790170460260448000,70.798607,1.668617,29.290253,0.479462,31.555926,2,
1492,1492,0,1790170460292437000,71.005021,1.657163,29.307611,0.491652,31.581934,2,
1493,1493,0,1790170460324418000,70.190976,1.731951,28.202046,0.492312,30.541891,2,
1494,1494,0,1790170460360447000,64.270881,1.760302,27.035697,0.516224,29.45005,2,
1495,1495,0,1790170460392460000,61.719594,1.923226,26.306069,0.475798,28.821349,2,
1496,1496,0,1790170460424472000,63.270841,1.605195,28.136923,0.475888,30.325096,2,
1497,1497,0,1790170460460488000,58.428038,1.654857,27.229886,0.478557,29.472673,2,
1498,1498,0,1790170460492510000,65.69854,1.71579,30.419428,0.480873,32.722737,2,
1499,1499,0,1790170460528515000,60.55041,1.611966,28.038243,0.52235,30.286359,2,
1500,1500,0,1790170460560598000,58.832957,1.663774,27.495566,0.477524,29.752569,2,
1501,1501,0,1790170460592492000,65.95294,1.711225,30.590663,0.45885,32.885111,2,
1502,1502,0,1790170460628517000,62.705342,1.601583,30.034108,0.45969,32.203459,2,
1503,1503,0,1790170460660522000,63.411809,1.675649,27.989831,0.671298,30.465594,2,
1504,1504,0,1790170460692600000,63.910751,2.449616,27.823274,0.49489,30.930737,2,
1505,1505,0,1790170460728492000,59.844,1.588433,28.897773,0.473633,31.070025,2,
1506,1506,0,1790170461360606000,104.676637,5.439705,64.678838,0.588979,70.818853,2,
1507,1507,0,1790170461396592000,107.284328,1.867081,35.381791,0.484703,37.847285,2,
1508,1508,0,1790170461428492000,105.592051,1.711064,27.21447,0.481094,29.521741,2,
1509,1509,0,1790170461460469000,103.930192,1.560135,27.474984,0.486313,29.634814,2,
1510,1510,0,1790170461496454000,98.779309,2.609489,26.8982,0.481727,30.103023,2,
1511,1511,0,1790170461528457000,98.25032,1.619736,28.406471,0.674706,30.820101,2,
1512,1512,0,1790170461560472000,96.291821,2.179257,26.616695,0.485145,29.393178,2,
1513,1513,0,1790170461596463000,93.464491,1.548475,30.352399,0.477549,32.492242,2,
1514,1514,0,1790170461628444000,93.134703,1.667909,28.660087,0.484141,30.920403,2,
1515,1515,0,1790170461664462000,89.360871,1.622667,29.432892,0.49678,31.667212,2,
1516,1516,0,1790170461696509000,89.3124,1.716429,29.052797,0.494227,31.394876,2,
1517,1517,0,1790170461728448000,89.21982,2.581963,27.729733,0.688205,31.124909,2,
1518,1518,0,1790170461764463000,83.031799,1.562482,27.000872,0.484168,29.165013,2,
1519,1519,0,1790170461796473000,80.699015,1.553088,26.736729,0.679067,29.102298,2,
1520,1520,0,1790170461828459000,81.496845,1.825932,29.673657,0.475892,32.090005,2,
1521,1521,0,1790170461864440000,77.65027,1.629188,29.295316,0.458379,31.498141,2,
1522,1522,0,1790170461896478000,77.874036,1.619507,29.372503,0.482885,31.590192,2,
1523,1523,0,1790170461928464000,77.693831,1.772893,28.734633,0.51905,31.136313,2,
1524,1524,0,1790170461964434000,73.761859,1.761341,29.018094,0.480721,31.377664,2,
1525,1525,0,1790170461996546000,72.617505,1.685786,28.064417,0.477253,30.33344,2,
1526,1526,0,1790170462028489000,73.414116,1.73533,29.818852,0.482275,32.147819,2,
1527,1527,0,1790170462064479000,69.826166,1.612716,29.319223,0.665068,31.730443,2,
1528,1528,0,1790170462096468000,69.291331,1.664005,28.487016,0.483335,30.749227,2,
1529,1529,0,1790170462128482000,70.586437,1.81829,29.956957,0.67202,32.582154,2,
1530,1530,0,1790170462164471000,68.264112,2.381558,30.005569,0.457016,32.958358,2,
1531,1531,0,1790170462196498000,68.528719,1.655575,29.220579,0.689958,31.6937,2,
1532,1532,0,1790170462232503000,64.326192,1.874577,28.559606,0.543198,31.09754,2,
1533,1533,0,1790170462264482000,64.044305,1.531526,28.899922,0.502145,31.078535,2,
1534,1534,0,1790170462296456000,62.248059,1.581173,27.249437,0.481634,29.423542,2,
1535,1535,0,1790170462332516000,59.747941,1.731613,28.539727,0.478819,30.867041,2,
1536,1536,0,1790170462364529000,61.128838,1.977787,29.493679,0.713423,32.300932,2,
1537,1537,0,1790170462396534000,68.883446,1.663624,33.717285,0.484633,35.98564,2,
1538,1538,0,1790170462432528000,66.419956,2.514364,29.707009,0.419285,32.744725,2,
1539,1539,0,1790170462464470000,67.078807,1.730415,29.444072,0.675224,31.992392,2,
1540,1540,0,1790170462496469000,68.507259,2.414347,29.644604,0.559677,32.738722,2,
1541,1541,0,1790170462532467000,66.368805,1.957892,30.667119,0.491893,33.228934,2,
1542,1542,0,1790170462564475000,67.007019,1.743549,29.695524,0.481044,32.037312,2,
1543,1543,0,1790170462596473000,64.581769,1.607859,26.716524,0.54379,28.978016,2,
1544,1544,0,1790170462632457000,59.933491,1.613955,28.267445,0.672308,30.684263,2,
1545,1545,0,1790170462664554000,67.837406,1.670153,32.793592,0.484726,35.066225,2,
1546,1546,0,1790170462696533000,67.364276,1.649067,28.636817,0.478169,30.872887,2,
1547,1547,0,1790170462732506000,63.258272,1.780625,28.66443,0.710112,31.270635,2,
1548,1548,0,1790170462764507000,63.813122,1.607471,28.866961,0.47781,31.061867,2,
1549,1549,0,1790170462800509000,59.047749,1.658527,28.017799,0.495225,30.289441,2,
1550,1550,0,1790170462832522000,61.232985,1.664904,30.112408,0.486409,32.37845,2,
1551,1551,0,1790170462864569000,65.517135,1.642284,30.589039,0.472619,32.812075,2,
1552,1552,0,1790170462900567000,61.798689,1.577773,29.313744,0.66511,31.686317,2,
1553,1553,0,1790170462932615000,63.937751,2.313854,30.512391,0.493913,33.482831,2,
1554,1554,0,1790170462964628000,62.270921,1.537258,27.321003,0.623958,29.589042,2,
1555,1555,0,1790170463000542000,59.670797,1.595461,28.755503,0.481684,30.950468,2,
1556,1556,0,1790170463032531000,60.215811,1.598654,29.283339,0.519287,31.518077,2,
1557,1557,0,1790170463064526000,65.344985,1.675023,29.845024,0.676369,32.317909,2,
1558,1558,0,1790170463100544000,61.174358,2.462787,27.84973,0.664676,31.108481,2,
1559,1559,0,1790170463132532000,67.492726,2.46268,31.298789,0.483384,34.371909,2,
1560,1560,0,1790170463164532000,68.044051,1.529119,29.786265,0.47675,31.902828,2,
1561,1561,0,1790170463200550000,65.247388,1.55879,30.440406,0.488392,32.600436,2,
1562,1562,0,1790170463232495000,66.46575,1.758802,30.156802,0.468837,32.493723,2,
1563,1563,0,1790170463264488000,67.384292,1.631858,30.08581,0.475617,32.301861,2,
1564,1564,0,1790170463300568000,63.101689,1.611384,28.964448,0.483689,31.176566,2,
1565,1565,0,1790170463432687000,88.970541,3.709532,50.96933,0.533606,55.314719,2,
1566,1566,0,1790170463468630000,86.088223,1.783451,30.107534,0.470677,32.472391,2,
1567,1567,0,1790170463500531000,86.146629,1.86528,28.878825,0.487516,31.335944,2,
1568,1568,0,1790170463532499000,85.920272,1.596216,28.963366,0.478535,31.156989,2,
1569,1569,0,1790170463568516000,82.144203,1.872907,29.197656,0.48056,31.658383,2,
1570,1570,0,1790170463600461000,81.283792,1.590242,28.273487,0.511236,30.498657,2,
1571,1571,0,1790170463632502000,80.24585,1.628185,28.15206,0.48962,30.387944,2,
1572,1572,0,1790170463668493000,73.734575,1.594865,26.69767,0.478766,28.887715,2,
1573,1573,0,1790170463700491000,74.520061,2.346823,29.206606,0.506505,32.176183,2,
1574,1574,0,1790170463732498000,75.412218,1.604737,29.909679,0.658565,32.294894,2,
1575,1575,0,1790170463900630000,71.444302,4.815103,31.682341,0.645992,37.250741,2,
1576,1576,0,1790170463936585000,76.048589,1.570669,37.374351,0.662711,39.908037,2,
1577,1577,0,1790170463968523000,76.963167,1.620957,30.028395,0.492083,32.270947,2,
1578,1578,0,1790170464000526000,76.185354,1.766223,28.148415,0.487746,30.519456,2,
1579,1579,0,1790170464036512000,72.954542,1.527207,29.821337,0.661463,32.164858,2,
1580,1580,0,1790170464068523000,71.553807,1.867667,27.379595,0.495208,29.861359,2,
1581,1581,0,1790170464100473000,71.416934,1.570401,29.028023,0.482013,31.186885,2,
1582,1582,0,1790170464136528000,65.488125,1.570206,27.3683,0.478784,29.527708,2,
1583,1583,0,1790170464168468000,65.527179,1.519891,29.048827,0.682809,31.371733,2,
1584,1584,0,1790170464200479000,65.689516,2.040429,28.591308,0.708248,31.46319,2,
1585,1585,0,1790170464236544000,62.436834,2.419951,29.081134,0.490033,32.112392,2,
1586,1586,0,1790170464268555000,65.126036,1.574239,29.892758,0.668868,32.257749,2,
1587,1587,0,1790170464300542000,63.415743,1.952628,26.963796,0.497774,29.540204,2,
1588,1588,0,1790170464336587000,61.22286,2.051194,29.858331,0.452956,32.468934,2,
1589,1589,0,1790170464468557000,94.921679,3.891012,55.781633,0.791836,60.622742,2,
1590,1590,0,1790170464500642000,109.618619,2.131018,43.328256,0.49277,46.082132,2,
1591,1591,0,1790170464536545000,108.034029,1.520666,31.602963,0.473311,33.7196,2,
1592,1592,0,1790170464604514000,73.357193,1.838894,30.296209,0.472759,32.719974,2,
1593,1593,0,1790170464636547000,74.8182,1.534114,30.730811,0.509442,32.903437,2,
1594,1594,0,1790170464704537000,82.738429,1.690256,51.488379,0.461019,53.743673,2,
1595,1595,0,1790170464736476000,87.957415,1.821284,33.823784,0.637792,36.422132,2,
1596,1596,0,1790170464768534000,89.264105,2.409358,29.668391,0.464253,32.651124,2,
1597,1597,0,1790170464804535000,86.073864,1.569672,30.079078,0.482891,32.248679,2,
1598,1598,0,1790170464836539000,87.682072,2.418049,30.025554,0.462383,33.019323,2,
1599,1599,0,1790170464936694000,93.13128,3.550775,55.369222,0.506005,59.550827,2,
1600,1600,0,1790170464968661000,94.621737,1.548266,30.843266,0.465212,32.96866,2,
1601,1601,0,1790170465136700000,98.059724,3.165179,60.925507,0.580919,64.790636,2,
1602,1602,0,1790170465172655000,101.650753,1.88383,36.499559,0.484237,38.979974,2,
1603,1603,0,1790170465204551000,104.088633,1.641454,31.397453,0.434277,33.600951,2,
1604,1604,0,1790170465272547000,68.798863,1.605037,29.894335,0.473892,32.091483,2,
1605,1605,0,1790170465404700000,101.908455,4.300649,61.990225,0.592117,67.025712,2,
1606,1606,0,1790170465436734000,108.433955,1.602119,35.54787,0.682587,37.967996,2,
1607,1607,0,1790170465572698000,93.968814,3.932998,58.589231,0.798809,63.451159,2,
1608,1608,0,1790170465604649000,95.468542,2.222004,29.799084,0.567962,32.729733,2,
1609,1609,0,1790170465672582000,61.07929,1.711353,29.798719,0.708469,32.333217,2,
1610,1610,0,1790170465704621000,73.799559,1.656082,38.619677,0.508007,40.907391,2,
1611,1611,0,1790170465740607000,68.166829,1.665147,27.518053,0.468731,29.762993,2,
1612,1612,0,1790170465772501000,68.512435,1.605153,29.456071,0.473799,31.648119,2,
1613,1613,0,1790170465804502000,68.443736,1.683655,29.045711,0.475107,31.311757,2,
1614,1614,0,1790170465840593000,63.406103,1.642257,28.168252,0.480163,30.404213,2,
1615,1615,0,1790170465872570000,62.287021,1.800559,27.778182,0.484488,30.182287,2,
1616,1616,0,1790170465972648000,104.49595,4.20494,65.261793,0.545719,70.12237,2,
1617,1617,0,1790170466004729000,105.004732,1.61279,29.798243,0.491496,32.016086,2,
1618,1618,0,1790170466040550000,100.448279,1.651046,28.407966,0.489998,30.665569,2,
1619,1619,0,1790170466072544000,103.707939,1.650626,32.315965,0.458019,34.534012,2,
1620,1620,0,1790170466104532000,103.675072,1.594518,29.151682,0.479323,31.333009,2,
1621,1621,0,1790170466140558000,98.95635,1.598838,28.282689,0.667281,30.702983,2,
1622,1622,0,1790170466172557000,99.73059,2.283336,29.202087,0.489464,32.085147,2,
1623,1623,0,1790170466204546000,99.27838,1.502866,28.85506,0.480885,30.951492,2,
1624,1624,0,1790170466240538000,95.45706,2.876886,28.082708,0.492267,31.5727,2,
1625,1625,0,1790170466272552000,95.849222,1.730869,29.329982,0.47398,31.640198,2,
1626,1626,0,1790170466308585000,92.233334,1.969247,29.055861,0.480332,31.606304,2,
1627,1627,0,1790170466340561000,94.207876,1.619909,31.079604,0.471899,33.283101,2,
1628,1628,0,1790170466372582000,96.553332,1.756466,31.168655,0.730539,33.761478,2,
1629,1629,0,1790170466408596000,91.88838,2.029053,28.130473,0.484905,30.755883,2,
1630,1630,0,1790170466440560000,92.991785,1.561798,30.11753,0.642665,32.468282,2,
1631,1631,0,1790170466472623000,91.747808,1.714621,27.816936,0.498417,30.153994,2,
1632,1632,0,1790170466508572000,87.845922,1.870706,28.956988,0.483588,31.434766,2,
1633,1633,0,1790170466540540000,87.482649,1.611249,28.782735,0.493239,31.001499,2,
1634,1634,0,1790170466572555000,87.739806,1.568916,29.341587,0.475052,31.500899,2,
1635,1635,0,1790170466608510000,83.24391,1.694896,28.541026,0.479803,30.832588,2,
1636,1636,0,1790170466640570000,82.079286,1.548302,28.175108,0.48306,30.312378,2,
1637,1637,0,1790170466672543000,82.473305,1.579131,29.410315,0.667011,31.789352,2,
1638,1638,0,1790170466708544000,80.335497,1.747497,30.797378,0.492815,33.152357,2,
1639,1639,0,1790170466740574000,78.06435,1.55511,27.032944,0.484324,29.174366,2,
1640,1640,0,1790170466772539000,75.576993,1.7724,26.551072,0.472082,28.905581,2,
1641,1641,0,1790170466808540000,70.159841,1.702989,27.684482,0.487511,29.989799,2,
1642,1642,0,1790170466840536000,70.899662,1.591577,29.953805,0.492991,32.154354,2,
1643,1643,0,1790170466876561000,66.765456,1.643738,29.107381,0.459716,31.325818,2,
1644,1644,0,1790170466908545000,66.749828,1.655511,29.108993,0.481806,31.361187,2,
1645,1645,0,1790170466940550000,65.480098,1.666247,27.828404,0.531846,30.148022,2,
1646,1646,0,1790170466976672000,61.2328,1.995787,28.671509,0.499607,31.279749,2,
1647,1647,0,1790170467008688000,60.593873,1.525048,28.679886,0.45969,30.77131,2,
1648,1648,0,1790170467040682000,66.588537,2.517234,30.541607,0.522936,33.691152,2,
1649,1649,0,1790170467076669000,63.052067,1.609739,29.651848,0.487097,31.860641,2,
1650,1650,0,1790170467108633000,63.861199,1.578738,30.017097,0.47619,32.18328,2,
1651,1651,0,1790170467208750000,101.495127,4.308865,61.769697,0.569302,66.755262,2,
1652,1652,0,1790170467240738000,116.117769,1.824402,43.608207,0.47717,46.027388,2,
1653,1653,0,1790170467276572000,111.617179,1.542318,28.606932,0.472056,30.728918,2,
1654,1654,0,1790170467308559000,112.067022,1.500633,29.523389,0.688401,31.837079,2,
1655,1655,0,1790170467340568000,112.865607,2.277395,29.288071,0.472796,32.156823,2,
1656,1656,0,1790170467376582000,110.234621,1.672575,30.232596,0.776838,32.812164,2,
1657,1657,0,1790170467408587000,109.744045,1.464117,28.611921,0.53525,30.721212,2,
1658,1658,0,1790170467444549000,108.524329,2.448839,30.945629,0.647999,34.167667,2,
1659,1659,0,1790170467476574000,107.373446,1.894915,27.659528,0.518373,30.194888,2,
1660,1660,0,1790170467508575000,105.704536,1.825063,27.269944,0.482671,29.69701,2,
1661,1661,0,1790170467544555000,103.076563,1.61003,30.582192,0.457793,32.755952,2,
1662,1662,0,1790170467576615000,101.871344,1.855742,27.827596,0.482446,30.290287,2,
1663,1663,0,1790170467608558000,104.229927,1.548406,31.354317,0.680472,33.712778,2,
1664,1664,0,1790170467644560000,99.224404,1.652862,28.039735,0.494997,30.305601,2,
1665,1665,0,1790170467676513000,97.803207,1.686124,27.666751,0.470768,29.92865,2,
1666,1666,0,1790170467708574000,96.164482,1.640992,27.563863,0.509743,29.829262,2,
1667,1667,0,1790170467744558000,93.22537,2.195937,29.499492,0.642388,32.452741,2,
1668,1668,0,1790170467776705000,91.379866,1.628021,27.503053,0.480602,29.715723,2,
1669,1669,0,1790170467808641000,89.606286,1.92322,27.045958,0.478941,29.556732,2,
1670,1670,0,1790170467844628000,83.329531,1.638831,26.893223,0.483872,29.126204,2,
1671,1671,0,1790170467876581000,82.484539,1.701427,28.234619,0.476888,30.526891,2,
1672,1672,0,1790170467908571000,80.11549,1.609372,26.813609,0.483817,29.021431,2,
1673,1673,0,1790170467944577000,74.288579,1.592051,27.424165,0.483425,29.606776,2,
1674,1674,0,1790170467976580000,73.187768,2.257956,27.436011,0.489224,30.315682,2,
1675,1675,0,1790170468012548000,67.548666,1.539802,27.469994,0.480544,29.60718,2,
1676,1676,0,1790170468044579000,67.114118,1.60236,28.574629,0.683184,30.989336,2,
1677,1677,0,1790170468076577000,65.266042,1.659682,27.164404,0.503499,29.44761,2,
1678,1678,0,1790170468112581000,60.965459,1.546993,28.940317,0.495699,31.088068,2,
1679,1679,0,1790170468144703000,58.626693,1.646011,26.9233,0.472546,29.152367,2,
1680,1680,0,1790170468176711000,65.920942,1.680912,30.705846,0.487302,32.984362,2,
1681,1681,0,1790170468212701000,63.152082,1.686962,30.323872,0.496206,32.621271,2,
1682,1682,0,1790170468244644000,62.924762,1.64838,28.875366,0.482023,31.111174,2,
1683,1683,0,1790170468276602000,66.049443,1.601597,31.090791,0.471048,33.274351,2,
1684,1684,0,1790170468312624000,62.91043,1.652811,30.023942,0.491184,32.281698,2,
1685,1685,0,1790170468412710000,92.181044,4.333547,56.199794,0.793939,61.463997,2,
1686,1686,0,1790170468444695000,95.94973,1.777938,32.513335,0.471177,34.901694,2,
1687,1687,0,1790170468476589000,96.939513,1.659478,29.874571,0.418489,32.078909,2,
1688,1688,0,1790170468512609000,93.333775,1.888128,29.030763,0.738046,31.795589,2,
1689,1689,0,1790170468544667000,92.225494,1.515257,28.041598,0.639214,30.31553,2,
1690,1690,0,1790170468612604000,64.318587,1.716126,33.079164,0.510961,35.445195,2,
1691,1691,0,1790170468644693000,62.833532,1.620926,27.793462,0.48104,30.004389,2,
1692,1692,0,1790170468680626000,61.129903,1.582309,30.026649,0.487844,32.204775,2,
1693,1693,0,1790170468712646000,62.088203,1.767797,30.03175,0.478653,32.393281,2,
1694,1694,0,1790170468744708000,63.199027,1.63518,28.329987,0.484242,30.559258,2,
1695,1695,0,1790170468780659000,60.295874,1.680704,29.217705,0.51118,31.543153,2,
1696,1696,0,1790170468812587000,59.301096,1.672687,28.039287,0.48162,30.300034,2,
1697,1697,0,1790170468844622000,69.558635,1.585408,34.318112,0.688936,36.723766,2,
1698,1698,0,1790170468880685000,68.1198,2.555573,30.795124,0.488173,33.957736,2,
1699,1699,0,1790170468912599000,70.019096,2.204185,30.28224,0.511189,33.117722,2,
1700,1700,0,1790170468944596000,70.020946,1.598797,29.218023,0.488932,31.419569,2,
1701,1701,0,1790170468980551000,65.312825,1.634754,28.39062,0.495092,30.669943,2,
1702,1702,0,1790170469012593000,63.217261,1.634476,26.978269,0.52105,29.249691,2,
1703,1703,0,1790170469044578000,63.519236,1.568077,28.634873,0.477747,30.79228,2,
1704,1704,0,1790170469080660000,59.563721,1.701065,28.151224,0.75485,30.76661,2,
1705,1705,0,1790170469112656000,61.953011,2.09668,26.625887,0.49592,29.330885,2,
1706,1706,0,1790170469144568000,62.617415,1.592003,27.651682,0.498723,29.851653,2,
1707,1707,0,1790170469180722000,62.981266,1.905354,31.842744,0.489166,34.35426,2,
1708,1708,0,1790170469212662000,66.569676,2.120484,30.831764,0.629298,33.706,2,
1709,1709,0,1790170469248698000,64.096573,2.470762,29.638168,0.655167,32.887823,2,
1710,1710,0,1790170469280652000,65.199197,2.521703,29.006576,0.680368,32.342222,2,
1711,1711,0,1790170469312620000,67.048621,2.359932,30.157695,0.479219,33.107518,2,
1712,1712,0,1790170469348618000,65.1861,1.678778,31.052966,0.681884,33.541485,2,
1713,1713,0,1790170469380615000,64.817965,1.610622,28.642754,0.520678,30.905349,2,
1714,1714,0,1790170469412589000,62.918387,1.696781,27.075464,0.496974,29.388948,2,
1715,1715,0,1790170469448727000,59.41676,1.845315,28.300442,0.474706,30.72829,2,
1716,1716,0,1790170469480668000,64.095389,1.714412,28.790699,0.509954,31.173057,2,
1717,1717,0,1790170469512708000,64.515453,1.92212,29.061039,0.758357,31.861309,2,
1718,1718,0,1790170469548641000,63.831602,2.581353,31.250378,0.664497,34.64241,2,
1719,1719,0,1790170469580659000,63.730154,1.795166,28.291553,0.664187,30.887433,2,
1720,1720,0,1790170469612662000,64.029108,2.482146,28.238865,0.509284,31.363779,2,
1721,1721,0,1790170469648727000,58.008735,1.619009,27.092555,0.494192,29.309593,2,
1722,1722,0,1790170469712730000,99.576903,4.482503,60.890949,0.500942,65.985552,2,
1723,1723,0,1790170469748748000,102.016198,2.113943,35.073914,0.451607,37.736784,2,
1724,1724,0,1790170469780627000,102.104322,1.585901,29.191686,0.485797,31.381993,2,
1725,1725,0,1790170469816668000,99.740207,1.601645,30.875498,0.486362,33.082227,2,
1726,1726,0,1790170469848625000,99.23885,1.988808,28.275336,0.481724,30.854006,2,
1727,1727,0,1790170469880561000,99.239955,1.664652,29.046751,0.527503,31.36057,2,
1728,1728,0,1790170469916655000,96.68522,1.603351,30.574796,0.633933,32.919739,2,
1729,1729,0,1790170469948673000,99.873135,1.660949,32.122424,0.662342,34.574182,2,
1730,1730,0,1790170469980635000,99.240267,1.702825,28.315706,0.546324,30.684873,2,
1731,1731,0,1790170470016654000,95.563245,2.504068,28.640065,0.485295,31.746188,2,
1732,1732,0,1790170470048615000,95.206981,1.67309,28.443861,0.697961,30.93484,2,
1733,1733,0,1790170470080610000,95.195088,2.010091,28.618398,0.493468,31.239524,2,
1734,1734,0,1790170470116620000,91.628809,1.815846,29.45559,0.475485,31.856232,2,
1735,1735,0,1790170470148631000,90.991071,1.610244,28.567521,0.485765,30.780672,2,
1736,1736,0,1790170470180614000,93.196495,1.649579,31.16878,0.644912,33.590802,2,
1737,1737,0,1790170470216627000,92.062219,2.491283,31.160889,0.425667,34.213207,2,
1738,1738,0,1790170470248621000,93.019998,1.815297,29.939934,0.490903,32.360849,2,
1739,1739,0,1790170470280670000,92.198075,1.580945,28.441363,0.484969,30.618752,2,
1740,1740,0,1790170470348639000,72.864891,1.731485,37.635837,0.452444,39.930338,2,
1741,1741,0,1790170470384682000,67.36716,1.619991,27.786716,0.47569,29.992621,2,
1742,1742,0,1790170470416632000,68.863704,1.656003,30.614469,0.461423,32.857474,2,
1743,1743,0,1790170470448558000,68.180829,1.645645,28.262746,0.502142,30.537596,2,
1744,1744,0,1790170470484621000,63.366438,1.632062,28.377395,0.489085,30.605104,2,
1745,1745,0,1790170470516613000,63.425482,2.329554,28.485681,0.50322,31.459638,2,
1746,1746,0,1790170470548646000,65.040134,2.327958,29.164064,0.7617,32.368778,2,
1747,1747,0,1790170470584690000,61.194174,1.577314,29.184333,0.701696,31.601015,2,
1748,1748,0,1790170470616774000,63.640519,1.599321,28.701514,0.487256,30.914068,2,
1749,1749,0,1790170470648639000,63.781017,1.711216,28.785598,0.481801,31.097801,2,
1750,1750,0,1790170470684668000,60.962994,1.609811,29.992268,0.663812,32.399878,2,
1751,1751,0,1790170470848809000,103.93468,4.33619,64.331392,0.742135,69.648502,2,
1752,1752,0,1790170470884763000,109.665424,1.639353,38.821721,0.500802,41.084008,2,
1753,1753,0,1790170470916645000,110.009557,1.591254,29.211833,0.694948,31.616582,2,
1754,1754,0,1790170470952670000,105.901309,2.32626,28.30962,0.486952,31.236377,2,
1755,1755,0,1790170470984619000,105.813186,1.581994,28.904506,0.651467,31.279546,2,
1756,1756,0,1790170471052687000,68.594705,1.643715,27.899153,0.541027,30.192245,2,
1757,1757,0,1790170471084634000,68.210293,1.568978,28.557926,0.720581,30.969223,2,
1758,1758,0,1790170471116610000,67.905003,1.587331,28.796267,0.488408,30.995745,2,
1759,1759,0,1790170471152634000,62.411393,1.992945,27.350077,0.479391,29.934137,2,
1760,1760,0,1790170471184607000,63.545808,1.609293,30.110011,0.660752,32.506447,2,
1761,1761,0,1790170471216705000,64.311319,1.692794,29.302866,0.54303,31.694967,2,
1762,1762,0,1790170471252663000,60.124031,1.58955,28.764816,0.689846,31.162631,2,
1763,1763,0,1790170471284657000,69.317214,1.665992,34.177891,0.426721,36.378824,2,
1764,1764,0,1790170471316710000,71.894913,1.861187,31.369642,0.645472,34.04865,2,
1765,1765,0,1790170471352649000,69.698325,1.70865,30.698435,0.625322,33.151564,2,
1766,1766,0,1790170471384616000,69.094619,2.462786,27.613746,0.508816,30.704444,2,
1767,1767,0,1790170471416610000,67.568688,1.614388,27.677823,0.484033,29.88797,2,
1768,1768,0,1790170471452627000,61.735644,1.821848,27.15383,0.484777,29.577297,2,
1769,1769,0,1790170471484644000,68.843935,1.675167,33.358186,0.659276,35.871573,2,
1770,1770,0,1790170471520708000,68.625337,1.711824,32.945958,0.468406,35.239144,2,
1771,1771,0,1790170471620694000,95.814534,3.891457,60.802061,0.693907,65.541776,2,
1772,1772,0,1790170471652668000,98.121604,1.843302,30.858627,0.63047,33.435099,2,
1773,1773,0,1790170471684657000,98.662985,1.63153,29.740209,0.485964,31.967173,2,
1774,1774,0,1790170471720687000,94.879872,1.654053,29.37584,0.486052,31.633221,2,
1775,1775,0,1790170471752708000,95.888928,2.155604,29.699305,0.462635,32.426957,2,
1776,1776,0,1790170471784780000,97.436188,2.152742,29.741598,0.665591,32.695187,2,
1777,1777,0,1790170471820719000,96.039934,2.307075,30.667496,0.700596,33.841339,2,
1778,1778,0,1790170471852685000,96.05171,1.640438,28.668815,0.509118,30.96707,2,
1779,1779,0,1790170471920711000,59.909684,2.068407,28.454838,0.487806,31.128134,2,
1780,1780,0,1790170471952691000,68.430538,1.78847,33.016183,0.478139,35.387484,2,
1781,1781,0,1790170471984792000,67.669041,1.559247,28.632934,0.456374,30.761757,2,
1782,1782,0,1790170472020678000,63.732759,1.618026,28.910461,0.683614,31.354482,2,
1783,1783,0,1790170472052638000,63.903186,1.791074,28.697848,0.488318,31.094479,2,
1784,1784,0,1790170472088670000,61.392754,1.597135,30.29045,0.47191,32.465822,2,
1785,1785,0,1790170472188814000,97.688276,4.703485,61.526234,0.794655,67.154684,2,
1786,1786,0,1790170472220754000,102.881065,2.490512,33.387442,0.477419,36.467835,2,
1787,1787,0,1790170472252672000,101.521383,2.045157,27.323654,0.477793,29.959088,2,
1788,1788,0,1790170472288654000,97.303448,1.837541,28.668798,0.49627,31.152114,2,
1789,1789,0,1790170472320626000,97.317092,1.485176,29.210702,0.538681,31.336794,2,
1790,1790,0,1790170472352626000,96.436266,1.658747,28.268231,0.489382,30.529304,2,
1791,1791,0,1790170472388757000,94.19039,1.519622,31.20619,0.462533,33.301989,2,
1792,1792,0,1790170472420784000,95.3671,2.04734,29.950619,0.485762,32.598746,2,
1793,1793,0,1790170472488667000,58.405503,2.152649,26.768091,0.481695,29.511145,2,
1794,1794,0,1790170472520790000,68.958388,2.535377,33.080123,0.469739,36.192029,2,
1795,1795,0,1790170472552796000,70.008588,1.555667,30.37493,0.443544,32.470784,2,
1796,1796,0,1790170472588656000,65.536433,1.647568,28.610682,0.480292,30.846448,2,
1797,1797,0,1790170472620662000,68.396954,2.486481,30.983184,0.663354,34.259046,2,
1798,1798,0,1790170472656697000,65.582694,1.891437,29.887525,0.631917,32.532352,2,
1799,1799,0,1790170472688676000,67.601145,2.393673,30.332971,0.48737,33.327828,2,
1800,1800,0,1790170472720661000,67.905278,1.597439,29.267087,0.667412,31.675981,2,
1801,1801,0,1790170472756656000,65.056088,2.307434,29.351544,0.684362,32.443693,2,
1802,1802,0,1790170472788615000,65.765475,1.557025,29.699714,0.678383,32.065691,2,
1803,1803,0,1790170472820636000,67.246455,1.686463,30.435635,0.533172,32.766469,2,
1804,1804,0,1790170472856720000,62.844281,1.541178,28.970055,0.486286,31.104166,2,
1805,1805,0,1790170472888633000,61.462894,1.598391,27.694363,0.482759,29.884146,2,
1806,1806,0,1790170472956792000,90.44571,2.889684,58.056622,0.520734,61.58244,2,
1807,1807,0,1790170472988773000,97.555568,1.689209,35.827564,0.679566,38.31978,2,
1808,1808,0,1790170473056703000,66.031395,1.646242,33.158398,0.641971,35.764576,2,
1809,1809,0,1790170473088724000,67.050698,1.701142,30.196269,0.480615,32.483337,2,
1810,1810,0,1790170473120657000,65.428835,1.582169,27.448261,0.515048,29.653593,2,
1811,1811,0,1790170473156679000,58.974423,1.552949,26.722032,0.487125,28.878054,2,
1812,1812,0,1790170473256739000,101.083464,4.661951,65.025113,0.550125,70.34708,2,
1813,1813,0,1790170473288800000,102.574365,1.613077,30.734926,0.489162,32.953023,2,
1814,1814,0,1790170473324685000,99.501915,1.6695,29.748433,0.669562,32.217882,2,
1815,1815,0,1790170473356675000,99.59727,2.580907,28.041293,0.640401,31.387602,2,
1816,1816,0,1790170473388657000,98.038411,1.623381,27.548287,0.502286,29.781455,2,
1817,1817,0,1790170473424709000,92.826068,2.359659,27.252703,0.529239,30.259351,2,
1818,1818,0,1790170473456659000,92.683318,1.56202,28.865393,0.667141,31.226374,2,
1819,1819,0,1790170473488787000,91.925139,2.279005,27.555474,0.720541,30.672524,2,
1820,1820,0,1790170473524688000,86.222305,1.494497,27.447309,0.48369,29.539184,2,
1821,1821,0,1790170473556688000,85.483578,1.542023,28.3202,0.672833,30.671201,2,
1822,1822,0,1790170473588676000,86.109355,2.286446,28.844581,0.647588,31.906386,2,
1823,1823,0,1790170473624674000,83.742392,2.139262,30.021821,0.630864,32.928886,2,
1824,1824,0,1790170473656665000,83.05353,1.733656,28.04303,0.687392,30.599042,2,
1825,1825,0,1790170473688724000,82.733241,2.141137,28.309079,0.481943,31.048904,2,
1826,1826,0,1790170473724678000,76.916556,1.582075,27.392923,0.482186,29.568368,2,
1827,1827,0,1790170473756679000,76.894794,1.653333,28.874686,0.685607,31.392912,2,
1828,1828,0,1790170473788664000,76.16581,1.580978,28.496562,0.485108,30.680326,2,
1829,1829,0,1790170473824664000,73.256569,2.126541,29.708221,0.479167,32.422406,2,
1830,1830,0,1790170473856687000,73.152163,1.669532,28.962283,0.568716,31.315881,2,
1831,1831,0,1790170473892648000,69.108074,1.673574,29.069592,0.488146,31.342844,2,
1832,1832,0,1790170473924670000,69.780242,1.655717,29.846001,0.48231,32.10375,2,
1833,1833,0,1790170473956658000,70.529005,1.550238,29.746837,0.735989,32.151356,2,
1834,1834,0,1790170473992682000,67.120625,2.300361,29.043831,0.495082,31.952132,2,
1835,1835,0,1790170474024636000,67.791488,1.611307,29.828306,0.482208,32.038772,2,
1836,1836,0,1790170474056665000,70.437637,2.521742,30.58475,0.816177,34.042203,2,
1837,1837,0,1790170474092672000,67.848461,1.685743,30.182318,0.665421,32.681752,2,
1838,1838,0,1790170474124696000,70.275633,1.858591,31.351069,0.426921,33.748071,2,
1839,1839,0,1790170474156675000,71.507995,1.684919,30.407969,0.415076,32.606744,2,
1840,1840,0,1790170474192670000,66.479565,1.590409,28.216335,0.484543,30.399872,2,
1841,1841,0,1790170474224689000,65.528247,1.923657,27.947715,0.486583,30.467637,2,
1842,1842,0,1790170474256687000,62.624577,1.529217,26.389717,0.485205,28.507255,2,
1843,1843,0,1790170474292746000,61.17713,1.609453,30.276841,0.485451,32.486143,2,
1844,1844,0,1790170474324724000,62.942379,1.657127,27.802539,0.485524,30.049942,2,
1845,1845,0,1790170474356783000,63.224853,1.592852,28.347599,0.497657,30.570816,2,
1846,1846,0,1790170474392718000,60.152397,1.573619,29.226453,0.478033,31.384576,2,
1847,1847,0,1790170474424771000,64.584266,1.680261,29.470986,0.515136,31.764854,2,
1848,1848,0,1790170474460760000,59.273932,1.678442,27.857539,0.45559,30.097323,2,
1849,1849,0,1790170474492741000,59.740686,1.563891,28.856439,0.476926,31.015874,2,
1850,1850,0,1790170474524709000,67.454532,1.748992,32.012373,0.633426,34.526791,2,
1851,1851,0,1790170474560767000,66.540098,2.439217,31.398973,0.486213,34.433871,2,
1852,1852,0,1790170474592731000,65.966975,1.644943,28.578524,0.487737,30.814281,2,
1853,1853,0,1790170474624699000,65.848777,1.562505,29.115854,0.48509,31.2772,2,
1854,1854,0,1790170474660808000,60.816359,1.671904,28.236969,0.485377,30.50079,2,
1855,1855,0,1790170474692817000,64.817762,1.718207,29.608769,0.502667,31.93411,2,
1856,1856,0,1790170474724824000,65.563393,1.598312,29.797961,0.665222,32.189713,2,
1857,1857,0,1790170474760844000,59.751142,1.560327,27.148094,0.678051,29.505844,2,
1858,1858,0,1790170474792786000,67.59233,1.676539,32.462441,0.466031,34.718252,2,
1859,1859,0,1790170474824749000,68.125922,1.916448,29.220483,0.58613,31.840912,2,
1860,1860,0,1790170474860768000,65.259251,2.130509,29.738051,0.575342,32.558535,2,
1861,1861,0,1790170474892732000,63.531487,1.539901,27.457028,0.520887,29.64224,2,
1862,1862,0,1790170474924671000,64.326388,1.709247,29.120796,0.514553,31.578083,2,
1863,1863,0,1790170474960809000,58.266649,1.558448,27.292352,0.456508,29.412674,2,
1864,1864,0,1790170475028833000,93.657746,3.219767,60.185708,0.758083,64.303952,2,
1865,1865,0,1790170475060753000,94.138692,2.463047,28.691121,0.480855,31.752617,2,
1866,1866,0,1790170475092676000,95.800348,1.928761,30.175518,0.656376,32.927666,2,
1867,1867,0,1790170475128708000,90.107268,1.670315,27.124811,0.702704,29.606618,2,
1868,1868,0,1790170475160761000,90.731666,2.446818,28.854195,0.666244,32.106626,2,
1869,1869,0,1790170475192724000,90.159949,1.62804,28.501773,0.489939,30.740819,2,
1870,1870,0,1790170475228707000,84.641101,1.556522,27.697993,0.481145,29.851875,2,
1871,1871,0,1790170475260708000,85.096862,1.56418,29.519391,0.662045,31.864815,2,
1872,1872,0,1790170475292761000,84.773538,1.582653,28.805175,0.493724,30.996844,2,
1873,1873,0,1790170475328674000,79.60284,1.595366,27.684517,0.656851,30.062635,2,
1874,1874,0,1790170475428840000,91.04493,4.209767,56.106528,0.47502,60.913516,2,
1875,1875,0,1790170475460746000,97.105649,1.547867,35.194259,0.431151,37.269664,2,
1876,1876,0,1790170475528714000,62.607704,1.557543,30.733589,0.461549,32.862348,2,
1877,1877,0,1790170475628834000,96.857137,3.128843,63.048158,0.894153,67.190378,2,
1878,1878,0,1790170475660816000,100.946477,2.219063,32.613041,0.429305,35.368531,2,
1879,1879,0,1790170475696738000,99.209124,1.733132,31.030851,0.677218,33.572216,2,
1880,1880,0,1790170475728766000,98.556037,2.235442,27.645376,0.63719,30.642677,2,
1881,1881,0,1790170475760704000,96.394647,1.592181,26.626024,0.758118,29.110819,2,
1882,1882,0,1790170475796773000,91.982314,2.41193,27.942635,0.482826,30.955646,2,
1883,1883,0,1790170475828750000,90.898094,1.529391,28.196409,0.479608,30.315509,2,
1884,1884,0,1790170475860820000,89.104071,1.548114,27.268001,0.67884,29.619834,2,
1885,1885,0,1790170475896685000,84.115358,1.55392,28.083028,0.482647,30.238219,2,
1886,1886,0,1790170475928720000,83.645895,1.544852,28.768878,0.487079,30.918793,2,
1887,1887,0,1790170475960708000,82.966245,1.632241,28.233342,0.69142,30.692035,2,
1888,1888,0,1790170475996733000,80.155906,2.187143,29.705338,0.500703,32.51314,2,
1889,1889,0,1790170476028707000,82.544515,1.669922,31.153438,0.659741,33.614844,2,
1890,1890,0,1790170476164882000,92.765491,3.569377,58.002113,0.84965,62.555587,2,
1891,1891,0,1790170476196795000,103.068225,1.975914,38.947936,0.459714,41.499617,2,
1892,1892,0,1790170476264748000,68.187967,1.571343,30.251251,0.452769,32.398604,2,
1893,1893,0,1790170476296722000,70.185908,1.531338,31.015878,0.661373,33.348915,2,
1894,1894,0,1790170476328701000,73.565481,1.703486,32.270874,0.491603,34.58131,2,
1895,1895,0,1790170476364731000,69.012829,1.673323,28.607459,0.488184,30.885262,2,
1896,1896,0,1790170476396707000,68.022188,1.548087,28.233336,0.483625,30.376672,2,
1897,1897,0,1790170476428692000,67.104928,1.789773,28.092218,0.491434,30.48585,2,
1898,1898,0,1790170476464714000,62.247174,1.763251,28.233794,0.47922,30.579319,2,
1899,1899,0,1790170476496744000,64.619955,1.774699,28.859374,0.772786,31.527307,2,
1900,1900,0,1790170476528863000,63.8038,1.590306,28.504742,0.490385,30.703602,2,
1901,1901,0,1790170476564790000,60.665895,2.556018,28.724045,0.478061,31.886481,2,
1902,1902,0,1790170476596830000,67.788648,1.672271,32.82938,0.4856,35.098892,2,
1903,1903,0,1790170476628703000,67.854118,1.879623,28.856366,0.486866,31.336349,2,
1904,1904,0,1790170476664733000,64.667039,1.637482,29.828836,0.659168,32.234705,2,
1905,1905,0,1790170476696751000,63.124844,1.748125,27.476656,0.48401,29.824458,2,
1906,1906,0,1790170476732869000,58.214423,1.57082,27.432731,0.476589,29.595086,2,
1907,1907,0,1790170476764757000,61.272227,1.663996,30.066887,0.5696,32.426525,2,
1908,1908,0,1790170476796750000,67.932698,1.655985,32.836614,0.485836,35.090368,2,
1909,1909,0,1790170476832789000,64.594837,2.107313,29.488077,0.414068,32.107155,2,
1910,1910,0,1790170476864722000,65.099042,1.623808,29.612553,0.490741,31.839322,2,
1911,1911,0,1790170476896736000,64.768487,1.552178,28.649586,0.702737,31.052457,2,
1912,1912,0,1790170476932873000,61.159639,2.345754,28.805971,0.492852,31.760908,2,
1913,1913,0,1790170476964743000,61.365149,1.559371,29.238934,0.534487,31.449567,2,
1914,1914,0,1790170476996859000,67.987415,1.628095,32.769548,0.681377,35.217964,2,
1915,1915,0,1790170477032803000,63.893937,1.573681,28.761728,0.677607,31.144127,2,
1916,1916,0,1790170477064757000,66.10912,2.411148,30.184864,0.577304,33.292044,2,
1917,1917,0,1790170477096722000,66.68713,1.571301,29.545229,0.672438,31.91922,2,
1918,1918,0,1790170477132850000,62.530191,2.381541,28.120193,0.648491,31.28359,2,
1919,1919,0,1790170477164748000,64.394535,1.56014,29.398081,0.522855,31.613375,2,
1920,1920,0,1790170477196726000,62.988514,1.682401,27.699244,0.485108,29.983828,2,
1921,1921,0,1790170477232812000,60.126043,1.569252,29.21425,0.490684,31.391747,2,
1922,1922,0,1790170477264760000,64.675415,1.65481,29.320367,0.720414,31.80689,2,
1923,1923,0,1790170477300791000,63.592796,1.666578,31.9641,0.628367,34.386883,2,
1924,1924,0,1790170477332786000,64.58013,1.855945,29.597304,0.668492,32.243986,2,
1925,1925,0,1790170477364777000,65.766695,1.747232,30.129266,0.516072,32.509847,2,
1926,1926,0,1790170477400782000,60.941351,1.623377,28.293423,0.557713,30.586376,2,
1927,1927,0,1790170477432808000,60.214366,1.593453,28.520736,0.486767,30.720359,2,
1928,1928,0,1790170477464887000,68.755336,1.659885,33.686057,0.487433,35.950999,2,
1929,1929,0,1790170477500794000,67.166083,1.653879,31.291564,0.651604,33.713918,2,
1930,1930,0,1790170477532679000,66.613077,1.792278,28.140191,0.492286,30.542314,2,
1931,1931,0,1790170477564729000,66.486023,1.679287,29.02997,0.480554,31.299484,2,
1932,1932,0,1790170477600758000,60.080651,1.547722,26.893926,0.481761,29.0396,2,
1933,1933,0,1790170477632851000,63.67109,2.102263,28.113328,0.482499,30.818555,2,
1934,1934,0,1790170477664853000,64.263249,1.647438,29.224602,0.512065,31.526698,2,
1935,1935,0,1790170477700826000,58.618432,1.65513,27.495778,0.475893,29.748136,2,
1936,1936,0,1790170477732804000,71.007362,2.286909,35.003212,0.686129,38.089083,2,
1937,1937,0,1790170477764862000,71.906959,2.435327,29.119027,0.708476,32.379768,2,
1938,1938,0,1790170477800777000,66.652394,1.546875,27.904764,0.50441,30.073481,2,
1939,1939,0,1790170477832736000,64.957051,1.553481,27.491238,0.549005,29.697467,2,
1940,1940,0,1790170477864734000,63.852027,1.703058,28.02696,0.490492,30.333783,2,
1941,1941,0,1790170477900859000,59.666492,1.665904,28.678569,0.485272,30.944591,2,
1942,1942,0,1790170477932824000,65.587036,1.824595,30.156458,0.48379,32.580615,2,
1943,1943,0,1790170477968797000,63.81166,1.802135,31.00845,0.669524,33.604771,2,
1944,1944,0,1790170478000846000,63.706746,1.66555,28.964358,0.497742,31.246733,2,
1945,1945,0,1790170478032803000,65.027573,2.11789,29.256882,0.68586,32.198722,2,
1946,1946,0,1790170478068789000,61.059494,1.594482,29.052732,0.512719,31.276598,2,
1947,1947,0,1790170478100739000,61.490475,2.529327,28.445982,0.669092,31.780457,2,
1948,1948,0,1790170478132868000,64.991745,1.880007,29.49467,0.644374,32.152092,2,
1949,1949,0,1790170478168802000,59.181196,1.550673,27.323256,0.533684,29.519122,2,
1950,1950,0,1790170478200892000,73.166665,1.725762,37.98715,0.475331,40.302504,2,
1951,1951,0,1790170478232900000,74.947071,1.553803,30.915201,0.622479,33.201397,2,
1952,1952,0,1790170478268768000,71.11599,1.518372,29.135506,0.670817,31.457082,2,
1953,1953,0,1790170478300820000,71.513088,1.551892,29.419566,0.654249,31.751703,2,
1954,1954,0,1790170478332745000,72.235602,2.241487,29.090386,0.500814,31.978643,2,
1955,1955,0,1790170478368755000,66.263258,1.653409,27.17656,0.485173,29.425797,2,
1956,1956,0,1790170478400763000,65.31436,1.736015,27.902569,0.698674,30.464452,2,
1957,1957,0,1790170478432743000,63.875922,1.614673,27.601367,0.495791,29.835799,2,
1958,1958,0,1790170478468812000,57.729959,1.594459,26.766848,0.489457,28.957604,2,
1959,1959,0,1790170478500823000,64.244626,1.714132,28.925526,0.506333,31.273743,2,
1960,1960,0,1790170478600855000,99.186546,3.699641,60.879563,0.617843,65.303422,2,
1961,1961,0,1790170478636873000,102.683359,1.585069,36.705712,0.489768,38.901748,2,
1962,1962,0,1790170478668834000,106.347919,1.615836,32.663829,0.631994,35.038074,2,
1963,1963,0,1790170478700855000,106.575952,2.399317,28.345853,0.646012,31.526737,2,
1964,1964,0,1790170478736753000,103.962707,1.792958,30.006436,0.6763,32.611591,2,
1965,1965,0,1790170478768753000,105.240971,1.702165,30.314434,0.424632,32.553143,2,
1966,1966,0,1790170478800764000,104.439051,1.637722,28.359393,0.486217,30.596859,2,
1967,1967,0,1790170478836720000,101.474067,2.012649,29.711464,0.484326,32.33034,2,
1968,1968,0,1790170478900738000,69.238994,1.647359,28.913545,0.492727,31.166329,2,
1969,1969,0,1790170478936786000,64.024521,1.512554,28.081698,0.485009,30.191823,2,
1970,1970,0,1790170478968772000,64.890655,1.661348,29.574813,0.516125,31.860906,2,
1971,1971,0,1790170479000837000,65.213454,1.553429,29.419782,0.551411,31.638745,2,
1972,1972,0,1790170479036893000,61.118749,1.690949,29.068641,0.485349,31.364547,2,
1973,1973,0,1790170479068902000,65.196149,1.672855,29.958682,0.612349,32.354943,2,
1974,1974,0,1790170479104808000,62.16691,1.632072,29.727247,0.786568,32.265984,2,
1975,1975,0,1790170479136860000,64.672712,1.673884,31.279444,0.728085,33.789378,2,
1976,1976,0,1790170479168787000,63.803265,1.619602,28.221358,0.489814,30.44344,2,
1977,1977,0,1790170479204809000,60.76102,1.604211,29.572715,0.695583,32.025451,2,
1978,1978,0,1790170479304957000,97.803968,3.699611,63.364371,0.830706,68.007876,2,
1979,1979,0,1790170479336906000,108.064891,1.718416,39.062198,0.690245,41.608513,2,
1980,1980,0,1790170479368782000,107.070105,2.352538,27.014875,0.654089,30.156103,2,
1981,1981,0,1790170479404895000,104.314613,2.467376,29.383164,0.63366,32.608533,2,
1982,1982,0,1790170479436778000,105.673335,2.292533,29.46855,0.668196,32.574038,2,
1983,1983,0,1790170479468768000,105.214541,1.566033,28.507577,0.648836,30.849391,2,
1984,1984,0,1790170479536765000,69.430185,2.396064,28.406009,0.578784,31.527831,2,
1985,1985,0,1790170479568828000,68.415085,1.550681,28.229143,0.480199,30.37377,2,
1986,1986,0,1790170479604780000,66.464045,1.572881,31.055543,0.636941,33.379384,2,
1987,1987,0,1790170479636798000,67.060113,1.583566,29.819712,0.487124,32.002303,2,
1988,1988,0,1790170479672838000,63.648682,1.75089,29.656459,0.481011,32.01112,2,
1989,1989,0,1790170479704801000,62.452575,1.601905,27.958412,0.471721,30.155137,2,
1990,1990,0,1790170479804915000,99.657985,3.897472,64.96047,0.541756,69.511221,2,
1991,1991,0,1790170479836802000,103.93476,1.920436,33.047415,0.480547,35.56059,2,
1992,1992,0,1790170479872917000,99.787171,1.562273,29.025711,0.645865,31.350272,2,
1993,1993,0,1790170479904874000,98.980351,1.740411,28.127287,0.483954,30.463117,2,
1994,1994,0,1790170479936789000,99.246198,1.88161,29.0808,0.475819,31.554786,2,
1995,1995,0,1790170479972779000,96.285824,1.934467,29.685858,0.639499,32.380518,2,
1996,1996,0,1790170480104968000,98.404762,4.065469,59.324939,0.500426,63.99717,2,
1997,1997,0,1790170480136980000,105.662685,1.656088,36.347415,0.512859,38.627824,2,
1998,1998,0,1790170480172813000,101.981042,1.586134,29.319537,0.48217,31.501394,2,
1999,1999,0,1790170480204843000,101.743744,1.626278,28.585326,0.673326,30.98497,2,
2000,2000,0,1790170480240778000,98.442862,1.594725,29.881502,0.477349,32.065095,2,
2001,2001,0,1790170480272778000,97.327111,1.527799,28.12023,0.491293,30.270847,2,
2002,2002,0,1790170480304799000,97.172169,1.542147,29.008906,0.531047,31.189844,2,
2003,2003,0,1790170480340916000,95.07994,1.608249,31.198797,0.482917,33.407659,2,
2004,2004,0,1790170480372915000,96.658793,1.838818,30.295828,0.723968,32.960535,2,
2005,2005,0,1790170480404907000,97.791275,1.718112,30.153821,0.486918,32.464354,2,
2006,2006,0,1790170480440869000,92.858964,1.58428,28.226007,0.486073,30.41107,2,
2007,2007,0,1790170480472898000,92.887937,1.613959,29.060367,0.662983,31.451695,2,
2008,2008,0,1790170480504902000,93.978117,2.466615,29.372126,0.486802,32.44405,2,
2009,2009,0,1790170480540815000,87.646353,1.566507,26.812709,0.472089,28.968375,2,
2010,2010,0,1790170480572834000,87.546523,1.517854,29.188792,0.483192,31.306109,2,
2011,2011,0,1790170480604797000,88.355784,1.620898,29.922931,0.476001,32.137858,2,
2012,2012,0,1790170480772983000,105.667271,4.064396,67.080621,0.51159,71.767104,2,
2013,2013,0,1790170480840825000,71.874438,1.565166,31.323594,0.468366,33.468989,2,
2014,2014,0,1790170480972966000,87.667754,4.248707,48.655958,0.506273,53.523488,2,
2015,2015,0,1790170481008912000,85.643473,1.537172,31.193088,0.490668,33.338216,2,
2016,2016,0,1790170481108956000,95.527308,3.98928,61.173236,0.514513,65.791086,2,
2017,2017,0,1790170481140888000,106.585121,2.774629,38.645676,0.66095,42.217239,2,
2018,2018,0,1790170481272907000,91.298761,5.158571,51.381135,0.879079,57.55048,2,
2019,2019,0,1790170481308941000,95.305337,1.994132,36.730921,0.46181,39.302088,2,
2020,2020,0,1790170481340826000,98.000881,2.186079,31.227022,0.453569,33.965571,2,
2021,2021,0,1790170481376808000,93.690359,1.643575,28.799266,0.511479,31.069284,2,
2022,2022,0,1790170481408831000,93.204964,1.635334,28.729822,0.480132,30.955742,2,
2023,2023,0,1790170481476950000,59.359029,2.567514,27.405249,0.475519,30.566823,2,
2024,2024,0,1790170481576939000,70.061952,5.055094,34.079894,0.500242,39.746714,2,
2025,2025,0,1790170481708993000,107.017668,4.295963,67.302963,0.669921,72.381136,2,
2026,2026,0,1790170481740980000,117.797273,2.570718,39.077699,0.440508,42.193222,2,
2027,2027,0,1790170481808838000,82.917213,1.603878,30.179822,0.48855,32.400494,2,
2028,2028,0,1790170481840823000,85.590348,1.681354,31.565133,0.684423,34.053321,2,
2029,2029,0,1790170481876820000,81.63629,1.591199,29.164219,0.477226,31.356,2,
2030,2030,0,1790170481908830000,82.054134,1.631434,29.6157,0.483726,31.844648,2,
2031,2031,0,1790170481944852000,77.874088,1.667089,28.980814,0.471171,31.224342,2,
2032,2032,0,1790170481976793000,76.937489,1.605058,28.271279,0.462475,30.44714,2,
2033,2033,0,1790170482008817000,79.262779,2.524256,30.688424,0.452914,33.772269,2,
2034,2034,0,1790170482044814000,75.37898,1.638482,29.273718,0.482345,31.520176,2,
2035,2035,0,1790170482076809000,77.0461,1.682018,30.776509,0.471757,33.043072,2,
2036,2036,0,1790170482108816000,77.498724,1.700448,29.346544,0.67845,31.846422,2,
2037,2037,0,1790170482144819000,72.866038,1.600093,28.408936,0.550117,30.667813,2,
2038,2038,0,1790170482176785000,71.915283,1.540121,28.28595,0.481144,30.41896,2,
2039,2039,0,1790170482208814000,70.90912,1.63904,28.199169,0.480229,30.43302,2,
2040,2040,0,1790170482244829000,65.325327,1.564574,27.452908,0.676718,29.81635,2,
2041,2041,0,1790170482276816000,63.638727,1.576939,27.426566,0.504137,29.651988,2,
2042,2042,0,1790170482308814000,66.264838,1.597181,31.118962,0.488923,33.331472,2,
2043,2043,0,1790170482344891000,63.275939,1.706192,30.135036,0.479023,32.452092,2,
2044,2044,0,1790170482376895000,64.437687,1.643803,29.06771,0.615931,31.537222,2,
2045,2045,0,1790170482408860000,65.97512,1.657416,30.320856,0.668433,32.763582,2,
2046,2046,0,1790170482444874000,59.647357,1.544826,26.914444,0.491141,29.067366,2,
2047,2047,0,1790170482476933000,67.416712,1.702931,32.23269,0.5116,34.559363,2,
2048,2048,0,1790170482508952000,68.974762,1.767604,30.645518,0.431754,32.951886,2,
2049,2049,0,1790170482544849000,65.978125,1.574715,30.126907,0.457531,32.260089,2,
2050,2050,0,1790170482576827000,65.680278,1.666935,28.811576,0.481139,31.078992,2,
2051,2051,0,1790170482612954000,63.277559,1.563741,30.961649,0.49093,33.129523,2,
2052,2052,0,1790170482644948000,62.218695,1.780548,27.959838,0.479844,30.328836,2,
2053,2053,0,1790170482676938000,63.362666,1.584855,28.338112,0.486415,30.529949,2,
2054,2054,0,1790170482712887000,59.37694,1.578816,28.502089,0.457583,30.641272,2,
2055,2055,0,1790170482744863000,59.314337,1.84578,28.039412,0.461209,30.455605,2,
2056,2056,0,1790170482812969000,96.75584,3.402826,62.851265,0.562442,66.919695,2,
2057,2057,0,1790170482844903000,96.465713,1.575659,28.633096,0.600737,31.049625,2,
2058,2058,0,1790170482876897000,95.748753,1.637632,28.136046,0.679577,30.559711,2,
2059,2059,0,1790170482912956000,91.491553,1.817039,28.776501,0.499682,31.215202,2,
2060,2060,0,1790170482944907000,91.058446,2.509559,27.799965,0.484533,30.913663,2,
2061,2061,0,1790170482976923000,90.973912,1.652126,28.807216,0.732549,31.307466,2,
2062,2062,0,1790170483012839000,86.907265,2.337086,28.238596,0.488437,31.187459,2,
2063,2063,0,1790170483044838000,86.431232,1.568055,28.75322,0.474185,30.911187,2,
2064,2064,0,1790170483076839000,86.373931,1.563936,29.186016,0.485862,31.356369,2,
2065,2065,0,1790170483112832000,81.639025,1.593868,28.461861,0.478982,30.65716,2,
2066,2066,0,1790170483144862000,80.340189,1.649452,27.881853,0.486509,30.137166,2,
2067,2067,0,1790170483180841000,75.085432,1.687779,27.540448,0.734794,30.094028,2,
2068,2068,0,1790170483212861000,76.562498,2.381875,29.872185,0.438506,32.815977,2,
2069,2069,0,1790170483244801000,76.400925,1.569786,29.045086,0.476977,31.185055,2,
2070,2070,0,1790170483280827000,73.814334,1.632095,30.590064,0.508718,32.850565,2,
2071,2071,0,1790170483312875000,76.223516,2.214158,31.012596,0.490051,33.834437,2,
2072,2072,0,1790170483344832000,75.43327,1.588076,28.359837,0.501957,30.561476,2,
2073,2073,0,1790170483380833000,69.870769,1.550543,27.699926,0.482552,29.835432,2,
2074,2074,0,1790170483412830000,69.617805,1.544101,28.983795,0.492363,31.144652,2,
2075,2075,0,1790170483444846000,70.190703,1.595238,29.636569,0.642296,32.001465,2,
2076,2076,0,1790170483480868000,66.229399,2.423511,28.357035,0.485223,31.377479,2,
2077,2077,0,1790170483512855000,65.027022,1.532772,28.059495,0.480365,30.180671,2,
2078,2078,0,1790170483544852000,64.762222,1.602899,28.955639,0.509829,31.171093,2,
2079,2079,0,1790170483580976000,60.577367,1.610027,29.188231,0.48587,31.402273,2,
2080,2080,0,1790170483612907000,69.866462,1.767415,34.474516,0.470089,36.817232,2,
2081,2081,0,1790170483644988000,73.11304,1.643205,32.316916,0.678783,34.759603,2,
2082,2082,0,1790170483680850000,69.308215,1.762753,28.909811,0.490131,31.27111,2,
2083,2083,0,1790170483712837000,68.11729,1.524383,28.088126,0.479591,30.205756,2,
2084,2084,0,1790170483748839000,65.296783,1.560074,30.429034,0.485482,32.592144,2,
2085,2085,0,1790170483780859000,66.321865,1.605833,30.038747,0.666351,32.435108,2,
2086,2086,0,1790170483812787000,66.716595,1.621322,29.42888,0.467993,31.641968,2,
2087,2087,0,1790170483848926000,62.847511,1.621523,29.494938,0.487376,31.715296,2,
2088,2088,0,1790170483880927000,62.685485,1.612898,29.044211,0.47017,31.24405,2,
2089,2089,0,1790170484013025000,103.614242,3.969208,64.571338,0.526632,69.176487,2,
2090,2090,0,1790170484048887000,99.737926,1.827093,28.932803,0.478874,31.345414,2,
2091,2091,0,1790170484080889000,99.235104,1.624458,28.677569,0.488402,30.908777,2,
2092,2092,0,1790170484112859000,99.64221,1.939546,29.110205,0.481866,31.655124,2,
2093,2093,0,1790170484148928000,95.781969,1.695973,29.24533,0.489304,31.546458,2,
2094,2094,0,1790170484180893000,95.404899,1.738872,28.417943,0.482011,30.750768,2,
2095,2095,0,1790170484212932000,93.76869,1.771635,27.383099,0.491036,29.786371,2,
2096,2096,0,1790170484280882000,65.740188,1.620141,30.619928,0.50898,32.851414,2,
2097,2097,0,1790170484316956000,61.710783,1.520739,29.355173,0.469,31.449019,2,
2098,2098,0,1790170484348974000,61.082489,1.537209,28.675386,0.480676,30.805036,2,
2099,2099,0,1790170484481030000,103.036948,3.82322,64.930272,0.51991,69.39238,2,
2100,2100,0,1790170484516992000,112.702979,1.866038,42.611283,0.432763,45.013725,2,
2101,2101,0,1790170484548899000,112.434797,1.545421,28.915181,0.482173,31.058786,2,
2102,2102,0,1790170484616853000,77.557371,1.790026,30.084184,0.464045,32.459642,2,
2103,2103,0,1790170484648912000,76.876818,1.624618,28.507254,0.513788,30.767457,2,
2104,2104,0,1790170484680985000,74.164609,1.587997,26.42033,0.495058,28.620327,2,
2105,2105,0,1790170484716878000,68.05116,1.564811,26.939713,0.487176,29.110398,2,
2106,2106,0,1790170484748868000,66.276783,1.924583,27.080008,0.482693,29.597386,2,
2107,2107,0,1790170484780857000,65.950421,1.662754,28.644632,0.647306,31.056781,2,
2108,2108,0,1790170484816993000,59.579008,1.560327,27.021685,0.488166,29.185029,2,
2109,2109,0,1790170484917054000,96.505185,4.288413,60.974132,0.55886,65.969647,2,
2110,2110,0,1790170484949003000,104.554149,1.589182,37.207868,0.495411,39.407272,2,
2111,2111,0,1790170484984880000,101.22866,1.672125,29.643991,0.524773,31.952603,2,
2112,2112,0,1790170485016926000,103.849814,2.393988,30.75185,0.695488,33.965937,2,
2113,2113,0,1790170485048875000,103.040709,2.303794,27.348405,0.65281,30.427339,2,
2114,2114,0,1790170485084845000,100.110583,1.604632,29.890682,0.693391,32.330258,2,
2115,2115,0,1790170485116817000,101.050322,2.402979,28.967748,0.656674,32.162388,2,
2116,2116,0,1790170485148868000,99.656447,1.94626,27.479708,0.47854,30.017322,2,
2117,2117,0,1790170485184864000,96.180644,2.383546,28.778953,0.465784,31.759678,2,
2118,2118,0,1790170485216877000,94.957425,1.632898,27.548098,0.67514,29.986245,2,
2119,2119,0,1790170485248897000,95.452612,1.797813,29.393097,0.487963,31.800983,2,
2120,2120,0,1790170485284940000,94.435617,2.004856,31.820562,0.478721,34.418544,2,
2121,2121,0,1790170485316900000,96.885175,1.994608,30.975153,0.709282,33.815181,2,
2122,2122,0,1790170485348916000,97.451104,2.184881,28.867772,0.684366,31.857347,2,
2123,2123,0,1790170485384895000,92.673211,2.298097,27.611128,0.503287,30.535049,2,
2124,2124,0,1790170485416950000,90.697161,1.55248,27.143638,0.68933,29.490263,2,
2125,2125,0,1790170485484885000,62.948651,2.502748,30.659226,0.493611,33.762775,2,
2126,2126,0,1790170485517005000,64.06037,2.363178,28.049377,0.48128,31.04138,2,
2127,2127,0,1790170485553010000,61.065275,1.513849,30.285609,0.486083,32.399424,2,
2128,2128,0,1790170485584925000,64.897917,1.534256,32.863372,0.630147,35.137156,2,
2129,2129,0,1790170485617021000,63.012544,1.675501,27.350189,0.481567,29.624051,2,
2130,2130,0,1790170485653044000,59.643611,1.703485,28.567251,0.494592,30.882779,2,
2131,2131,0,1790170485684867000,60.248745,1.624261,28.81836,0.739211,31.30831,2,
2132,2132,0,1790170485716937000,67.38187,1.765041,32.195517,0.49103,34.56573,2,
2133,2133,0,1790170485752939000,62.603301,1.939726,27.845945,0.66508,30.607946,2,
2134,2134,0,1790170485853047000,101.725847,3.437041,67.259347,0.767365,71.599396,2,
2135,2135,0,1790170485884957000,106.784216,1.662319,33.906851,0.514585,36.202138,2,
2136,2136,0,1790170485952893000,70.563757,1.621163,28.892639,0.479888,31.112795,2,
2137,2137,0,1790170485984878000,69.234869,1.732417,27.738051,0.482927,30.066138,2,
2138,2138,0,1790170486020891000,63.214694,2.034791,26.751574,0.484388,29.384634,2,
2139,2139,0,1790170486052890000,61.595234,2.025685,27.147462,0.485474,29.779037,2,
2140,2140,0,1790170486084888000,66.193708,1.664697,30.758441,0.639806,33.184983,2,
2141,2141,0,1790170486121015000,62.291156,1.983995,28.954272,0.490788,31.543272,2,
2142,2142,0,1790170486152960000,64.100918,1.590681,30.76734,0.65751,33.157358,2,
2143,2143,0,1790170486185014000,64.387381,2.265845,28.446332,0.52143,31.363233,2,
2144,2144,0,1790170486221014000,60.71723,1.611701,29.348487,0.669776,31.741148,2,
2145,2145,0,1790170486252911000,61.400056,2.239667,29.165576,0.481844,32.004925,2,
2146,2146,0,1790170486285017000,67.286215,1.698697,32.018133,0.486889,34.310161,2,
2147,2147,0,1790170486320941000,63.359461,1.68402,28.832587,0.668159,31.321351,2,
2148,2148,0,1790170486352984000,63.056041,2.3332,27.268463,0.485482,30.208541,2,
2149,2149,0,1790170486384909000,64.887258,2.37272,28.690521,0.691031,31.882377,2,
2150,2150,0,1790170486421018000,60.799086,1.548622,29.165445,0.491843,31.323709,2,
2151,2151,0,1790170486453044000,63.319624,1.782225,28.055589,0.47922,30.432929,2,
2152,2152,0,1790170486484933000,65.886517,1.718281,30.490102,0.65941,32.966971,2,
2153,2153,0,1790170486520948000,62.624708,1.615986,29.951342,0.496886,32.188212,2,
2154,2154,0,1790170486553009000,64.953001,1.77009,29.307996,0.591805,31.783565,2,
2155,2155,0,1790170486585020000,65.981533,2.798628,28.89406,0.48343,32.283723,2,
2156,2156,0,1790170486620952000,63.054512,2.29375,29.38298,0.472945,32.267535,2,
2157,2157,0,1790170486721031000,92.295685,3.919825,57.497279,0.587897,62.112072,2,
2158,2158,0,1790170486752926000,101.997914,1.854595,38.495,0.482942,40.947559,2,
2159,2159,0,1790170486788923000,99.706712,1.654128,30.635657,0.444611,32.87761,2,
2160,2160,0,1790170486820880000,103.778385,1.891277,32.539366,0.633236,35.342633,2,
2161,2161,0,1790170486852893000,106.117786,1.899779,31.26307,0.466355,33.740869,2,
2162,2162,0,1790170486888995000,102.590528,2.527333,28.839141,0.489357,31.973827,2,
2163,2163,0,1790170486920910000,100.569825,1.568452,27.097841,0.53019,29.310998,2,
2164,2164,0,1790170486952897000,98.340187,1.583405,27.004935,0.481395,29.186616,2,
2165,2165,0,1790170486988898000,93.798606,1.942695,28.30651,0.486058,30.853557,2,
2166,2166,0,1790170487020909000,93.42799,1.976153,28.463989,0.481843,31.038419,2,
2167,2167,0,1790170487053010000,93.811723,1.566621,29.594027,0.618793,31.881326,2,
2168,2168,0,1790170487088909000,91.979143,2.449173,30.448946,0.488851,33.504467,2,
2169,2169,0,1790170487457044000,80.109094,4.338347,44.313537,0.462788,49.236051,2,
2170,2170,0,1790170487488970000,78.730786,1.525417,27.619725,0.665916,29.939957,2,
2171,2171,0,1790170487520925000,78.22357,1.569259,28.726502,0.480798,30.893411,2,
2172,2172,0,1790170487556912000,73.141394,1.559543,28.151539,0.478637,30.303344,2,
2173,2173,0,1790170487588920000,71.050412,1.493362,27.229834,0.488921,29.329307,2,
2174,2174,0,1790170487620922000,72.065671,1.548169,30.273148,0.470799,32.422363,2,
2175,2175,0,1790170487656919000,66.3881,1.589277,27.537626,0.463165,29.719937,2,
2176,2176,0,1790170487688908000,65.290271,1.643334,28.057455,0.489611,30.303099,2,
2177,2177,0,1790170487720943000,63.960503,2.036774,27.426137,0.490069,30.073056,2,
2178,2178,0,1790170487757036000,62.151486,2.700158,29.941482,0.658205,33.434208,2,
2179,2179,0,1790170487789011000,65.141288,1.538232,30.162789,0.493745,32.333253,2,
2180,2180,0,1790170487825020000,61.307987,2.405342,28.302367,0.692055,31.523829,2,
2181,2181,0,1790170487857035000,59.372014,1.671678,27.07191,0.48532,29.35802,2,
2182,2182,0,1790170487888979000,62.535713,1.682286,27.363821,0.477579,29.635158,2,
2183,2183,0,1790170487924997000,57.792473,1.715779,26.643573,0.490264,28.967359,2,
2184,2184,0,1790170487956969000,61.955001,1.885841,30.404195,0.674913,33.095163,2,
2185,2185,0,1790170487988955000,62.828118,1.794897,27.485317,0.486324,29.877125,2,
2186,2186,0,1790170488024975000,59.175789,1.750004,27.990387,0.491268,30.349347,2,
2187,2187,0,1790170488056966000,66.127638,1.71159,30.847926,0.45715,33.123923,2,
2188,2188,0,1790170488089070000,65.703333,1.636399,28.817668,0.510445,31.072663,2,
2189,2189,0,1790170488125041000,60.989094,1.905304,27.89385,0.684479,30.630042,2,
2190,2190,0,1790170488189073000,85.739102,5.087816,46.230462,0.657986,52.100479,2,
2191,2191,0,1790170488224949000,83.65166,2.292405,30.302584,0.48263,33.187494,2,
2192,2192,0,1790170488325100000,94.392536,3.220367,61.078275,0.556898,64.992404,2,
2193,2193,0,1790170488357036000,94.880083,2.064959,29.11867,0.467239,31.755843,2,
2194,2194,0,1790170488392962000,91.509686,1.875859,29.350833,0.481048,31.83303,2,
2195,2195,0,1790170488424947000,88.81746,1.854164,26.185776,0.504297,28.659004,2,
2196,2196,0,1790170488456969000,88.625535,1.493068,29.127732,0.48562,31.228144,2,
2197,2197,0,1790170488492937000,83.733103,1.668831,28.051297,0.488421,30.323985,2,
2198,2198,0,1790170488857074000,100.790405,3.543348,62.525792,0.879784,67.045672,2,
2199,2199,0,1790170488893060000,108.658196,1.584384,41.160578,0.464349,43.311189,2,
2200,2200,0,1790170488961031000,74.610598,1.534294,31.218217,0.488983,33.356612,2,
2201,2201,0,1790170488992940000,76.379366,1.738736,30.555533,0.65937,33.077383,2,
2202,2202,0,1790170489024946000,76.632421,1.579251,29.228523,0.521385,31.460263,2,
2203,2203,0,1790170489060931000,74.393949,1.98941,30.546707,0.460239,33.109668,2,
2204,2204,0,1790170489092922000,74.160415,1.67271,28.889533,0.460912,31.12962,2,
2205,2205,0,1790170489124946000,74.09821,1.71085,28.964352,0.459912,31.251049,2,
2206,2206,0,1790170489160933000,71.42155,1.662147,30.450751,0.479089,32.707176,2,
2207,2207,0,1790170489192922000,72.136363,1.622406,29.499713,0.683827,31.94407,2,
2208,2208,0,1790170489260930000,89.194006,1.906755,57.249677,0.738685,60.012964,2,
2209,2209,0,1790170489293081000,94.678786,1.769095,34.472124,0.476618,36.838248,2,
2210,2210,0,1790170489324955000,94.921131,1.869953,29.142656,0.415722,31.533712,2,
2211,2211,0,1790170489360961000,92.953632,2.490492,30.265272,0.46727,33.337168,2,
2212,2212,0,1790170489392971000,93.864053,2.571749,29.161207,0.484113,32.320733,2,
2213,2213,0,1790170489493085000,95.891904,3.556283,58.103014,0.456302,62.236643,2,
2214,2214,0,1790170489529067000,95.484276,1.769867,32.299165,0.570234,34.816701,2,
2215,2215,0,1790170489560942000,94.021032,2.669824,26.056065,0.559158,29.407021,2,
2216,2216,0,1790170489593010000,92.516707,1.520496,27.598638,0.677303,29.938974,2,
2217,2217,0,1790170489628995000,87.983338,2.276927,27.753654,0.49113,30.644196,2,
2218,2218,0,1790170489660991000,90.570136,2.416923,30.744666,0.486823,33.764016,2,
2219,2219,0,1790170489693012000,90.797397,1.635283,29.407113,0.486704,31.653423,2,
2220,2220,0,1790170489728962000,85.964073,1.804702,27.94059,0.604,30.468502,2,
2221,2221,0,1790170489760909000,87.827365,1.572319,31.029366,0.48483,33.197839,2,
2222,2222,0,1790170489792960000,87.420881,1.725668,28.72387,0.479812,31.043976,2,
2223,2223,0,1790170489828955000,83.526628,1.530331,29.155571,0.668482,31.499774,2,
2224,2224,0,1790170489860957000,82.032008,1.56125,27.647658,0.480788,29.806223,2,
2225,2225,0,1790170489892958000,82.640758,1.589544,29.634542,0.651594,32.006347,2,
2226,2226,0,1790170489928936000,79.445358,2.275363,29.087383,0.618452,32.106784,2,
2227,2227,0,1790170489960974000,78.906941,1.624943,28.558581,0.502786,30.821299,2,
2228,2228,0,1790170489992962000,78.505309,1.642844,28.689321,0.490654,30.936416,2,
2229,2229,0,1790170490028956000,72.147276,1.591512,26.873362,0.478465,29.072726,2,
2230,2230,0,1790170490060949000,71.94306,1.56157,29.00466,0.487179,31.172732,2,
2231,2231,0,1790170490161106000,97.284295,4.325249,58.408531,0.689947,63.552475,2,
2232,2232,0,1790170490197069000,94.593894,1.792792,30.156356,0.493448,32.55844,2,
2233,2233,0,1790170490228998000,95.414255,1.953971,29.580223,0.484537,32.137024,2,
2234,2234,0,1790170490261086000,95.886931,1.968282,29.284119,0.510821,31.88601,2,
2235,2235,0,1790170490296974000,92.583619,1.694959,29.120542,0.667083,31.66479,2,
2236,2236,0,1790170491365154000,88.137225,3.687351,54.219596,0.515321,58.528054,2,
2237,2237,0,1790170491397113000,88.291787,1.638886,29.277949,0.493187,31.52961,2,
2238,2238,0,1790170491433003000,82.622318,1.577787,27.356118,0.483957,29.533583,2,
2239,2239,0,1790170491464941000,81.878789,2.451527,27.549739,0.493018,30.603079,2,
2240,2240,0,1790170491497011000,81.439663,1.487249,28.954488,0.477884,31.043074,2,
2241,2241,0,1790170491532986000,77.282625,1.573556,29.052653,0.485585,31.22622,2,
2242,2242,0,1790170491564994000,75.782658,1.605075,27.697794,0.489438,29.907747,2,
2243,2243,0,1790170491596988000,73.865194,1.474296,27.371376,0.490386,29.439116,2,
2244,2244,0,1790170491632972000,67.945112,1.553707,27.329959,0.485118,29.479598,2,
2245,2245,0,1790170491665030000,66.004761,1.548663,27.377427,0.468132,29.504199,2,
2246,2246,0,1790170491697002000,66.180471,1.549693,29.272235,0.484299,31.415095,2,
2247,2247,0,1790170491733105000,62.627879,1.696456,29.648624,0.486771,31.947846,2,
2248,2248,0,1790170491933160000,92.789259,3.672025,58.61954,0.806814,63.286336,2,
2249,2249,0,1790170491965111000,96.90846,1.587884,33.14339,0.423611,35.265806,2,
2250,2250,0,1790170492001000000,94.691932,1.610279,30.80689,0.484516,33.018206,2,
2251,2251,0,1790170492033014000,96.252541,1.973888,30.377737,0.475398,32.968686,2,
2252,2252,0,1790170492065119000,95.35556,1.667272,28.257727,0.481544,30.528299,2,
2253,2253,0,1790170492101007000,93.027971,2.448565,29.955086,0.45666,32.97587,2,
2254,2254,0,1790170492133050000,92.555263,1.7016,28.629368,0.502052,30.94836,2,
2255,2255,0,1790170492165067000,90.512252,1.569498,26.979613,0.572424,29.306987,2,
2256,2256,0,1790170492201010000,84.500357,1.600334,26.981672,0.499312,29.207471,2,
2257,2257,0,1790170492233007000,82.147472,1.84931,26.484777,0.481472,28.930668,2,
2258,2258,0,1790170492264987000,80.879786,1.60492,27.87783,0.492814,30.112097,2,
2259,2259,0,1790170492433186000,70.514189,6.085311,29.525607,0.70872,36.436785,2,
2260,2260,0,1790170492469032000,74.865988,1.640921,37.300395,0.545044,39.605896,2,
2261,2261,0,1790170492500994000,76.800338,1.842767,30.836534,0.484985,33.282193,2,
2262,2262,0,1790170492532981000,76.724819,1.54311,29.200796,0.477351,31.325178,2,
2263,2263,0,1790170492569019000,73.008565,1.54659,29.632911,0.463939,31.763267,2,
2264,2264,0,1790170492601002000,73.833823,1.532513,30.069006,0.485961,32.197803,2,
2265,2265,0,1790170492633012000,73.90498,1.597676,29.269393,0.489451,31.46194,2,
2266,2266,0,1790170492669002000,71.413981,1.521623,30.556457,0.66758,32.89173,2,
2267,2267,0,1790170492700999000,72.986271,1.55228,30.726252,0.478573,32.870928,2,
2268,2268,0,1790170492732988000,74.794211,2.44903,30.190595,0.460563,33.201215,2,
2269,2269,0,1790170492768999000,71.803522,1.573027,30.304772,0.4913,32.485578,2,
2270,2270,0,1790170492933180000,94.429682,4.036607,55.400219,0.574478,60.134968,2,
2271,2271,0,1790170492969057000,90.830153,1.534123,29.60062,0.478863,31.724002,2,
2272,2272,0,1790170493101089000,100.528255,3.666204,61.965538,0.678996,66.41579,2,
2273,2273,0,1790170493137121000,103.21824,1.920676,35.627534,0.478341,38.143039,2,
2274,2274,0,1790170493169037000,102.666701,1.54737,28.439773,0.681098,30.762277,2,
2275,2275,0,1790170493201020000,103.523489,1.631383,30.065266,0.498108,32.312629,2,
2276,2276,0,1790170493236999000,100.656894,2.078387,29.593179,0.714258,32.499858,2,
2277,2277,0,1790170493269005000,103.764536,2.307401,31.446229,0.652533,34.529994,2,
2278,2278,0,1790170493301013000,102.519659,1.619599,27.593901,0.663459,30.06457,2,
2279,2279,0,1790170493336952000,97.916611,2.128988,27.7964,0.689933,30.745536,2,
2280,2280,0,1790170493369033000,97.884539,2.427401,28.089181,0.675442,31.318948,2,
2281,2281,0,1790170493401012000,98.285874,1.541528,29.330843,0.665806,31.674092,2,
2282,2282,0,1790170493437056000,96.148738,2.344656,29.983241,0.675094,33.156221,2,
2283,2283,0,1790170493469121000,94.33209,1.596301,27.260453,0.482751,29.467525,2,
2284,2284,0,1790170493501136000,94.53123,2.048529,28.948847,0.486443,31.602884,2,
2285,2285,0,1790170493537063000,89.87629,1.588286,28.486334,0.482419,30.663649,2,
2286,2286,0,1790170493569018000,89.5069,2.132407,28.265701,0.480324,31.000344,2,
2287,2287,0,1790170493605030000,85.818891,1.591531,29.541968,0.496313,31.74598,2,
2288,2288,0,1790170493637073000,84.331945,1.49885,27.664211,0.653033,29.938509,2,
2289,2289,0,1790170493669042000,82.868948,2.364151,26.757945,0.583234,29.824079,2,
2290,2290,0,1790170493705019000,77.218073,1.538521,27.594998,0.485903,29.73646,2,
2291,2291,0,1790170493737013000,77.451044,1.722931,29.276474,0.479248,31.603928,2,
2292,2292,0,1790170493769010000,78.760933,1.62223,30.315925,0.667572,32.712348,2,
2293,2293,0,1790170493805030000,77.10403,1.705903,31.315044,0.641475,33.79411,2,
2294,2294,0,1790170493837016000,76.388604,2.502151,27.294275,0.650581,30.581099,2,
2295,2295,0,1790170493869016000,77.347931,1.614804,29.891458,0.669985,32.296415,2,
2296,2296,0,1790170493905015000,72.317607,1.672863,28.058124,0.475759,30.322338,2,
2297,2297,0,1790170493937022000,71.703492,1.627152,28.374777,0.656521,30.779365,2,
2298,2298,0,1790170493969024000,73.303452,2.353202,29.902092,0.494507,32.872537,2,
2299,2299,0,1790170494005017000,69.781548,1.790586,29.478398,0.471776,31.852492,2,
2300,2300,0,1790170494037028000,69.854212,1.569747,29.154051,0.643147,31.470966,2,
2301,2301,0,1790170494069030000,71.162863,1.498621,30.657523,0.45966,32.728831,2,
2302,2302,0,1790170494105018000,68.978608,2.500009,30.109667,0.468328,33.184924,2,
2303,2303,0,1790170494137017000,69.026886,1.62382,29.177995,0.516733,31.428628,2,
2304,2304,0,1790170494173044000,63.340839,1.639527,27.513685,0.480298,29.745615,2,
2305,2305,0,1790170494205033000,63.683843,1.593806,29.349813,0.70212,31.749788,2,
2306,2306,0,1790170494237065000,62.872878,2.579343,26.973317,0.496911,30.169294,2,
2307,2307,0,1790170494337214000,97.449925,3.168189,60.042049,0.499556,63.81388,2,
2308,2308,0,1790170494373072000,93.410195,1.525379,29.06916,0.518236,31.226609,2,
2309,2309,0,1790170494437167000,65.418875,1.782089,30.266875,0.4801,32.633512,2,
2310,2310,0,1790170494473079000,59.790722,1.601601,27.282292,0.686166,29.709171,2,
2311,2311,0,1790170494505141000,64.634207,2.818555,28.001307,0.731543,31.665639,2,
2312,2312,0,1790170494537128000,67.281136,1.888364,31.253291,0.67157,33.94948,2,
2313,2313,0,1790170494573163000,63.045589,1.863893,28.570888,0.484355,31.039529,2,
2314,2314,0,1790170494605044000,62.783232,1.714332,27.589207,0.55419,29.966914,2,
2315,2315,0,1790170494637060000,63.922075,1.738171,28.845814,0.488203,31.200062,2,
2316,2316,0,1790170494673069000,58.797158,1.532785,27.843225,0.494378,29.98776,2,
2317,2317,0,1790170494705078000,75.632424,2.280734,39.728361,0.486402,42.61663,2,
2318,2318,0,1790170494741131000,70.139777,1.836838,27.515063,0.48591,29.953326,2,
2319,2319,0,1790170494773123000,70.157935,1.522576,29.306976,0.479819,31.424183,2,
2320,2320,0,1790170494805028000,69.596631,1.58924,28.208835,0.66706,30.736654,2,
2321,2321,0,1790170494841043000,65.904356,2.357105,28.710487,0.560465,31.735999,2,
2322,2322,0,1790170494873041000,67.059014,1.558515,30.339204,0.480149,32.490368,2,
2323,2323,0,1790170494905032000,67.719094,1.537785,29.640866,0.678514,31.961194,2,
2324,2324,0,1790170494941059000,63.6081,1.556163,29.190523,0.504649,31.361105,2,
2325,2325,0,1790170494973068000,62.922687,2.407369,27.734485,0.467066,30.725864,2,
2326,2326,0,1790170495105230000,96.777638,3.653108,58.349773,0.79118,62.895128,2,
2327,2327,0,1790170495141158000,102.305535,1.63428,38.618455,0.482702,40.866146,2,
2328,2328,0,1790170495173100000,103.399381,1.828982,29.733645,0.6779,32.399019,2,
2329,2329,0,1790170495205188000,103.473613,1.71135,29.124088,0.500609,31.453092,2,
2330,2330,0,1790170495241047000,99.286803,1.530066,28.763436,0.663269,31.085301,2,
2331,2331,0,1790170495273058000,99.16748,1.626782,28.752266,0.700681,31.22017,2,
2332,2332,0,1790170495305064000,99.907113,1.749674,29.711377,0.492176,32.067537,2,
2333,2333,0,1790170495373058000,65.738318,1.770927,30.443302,0.484417,32.810052,2,
2334,2334,0,1790170495409123000,63.753794,1.603793,31.079162,0.661822,33.465584,2,
2335,2335,0,1790170495441164000,64.496299,2.350133,28.850765,0.706739,32.034673,2,
2336,2336,0,1790170495473068000,63.593595,1.63348,28.011225,0.485832,30.251841,2,
2337,2337,0,1790170495573184000,101.953039,3.707981,63.564609,0.594074,67.985958,2,
2338,2338,0,1790170495609164000,98.777857,1.619881,29.97841,0.420779,32.144192,2,
2339,2339,0,1790170495641089000,101.548428,1.616579,31.949661,0.422534,34.096586,2,
2340,2340,0,1790170495673073000,100.98719,1.796199,28.448718,0.493174,30.852708,2,
2341,2341,0,1790170495709133000,94.649796,1.580289,26.731916,0.687153,29.112261,2,
2342,2342,0,1790170495741047000,94.600492,2.268456,28.396396,0.490492,31.274274,2,
2343,2343,0,1790170495773032000,92.292074,1.905732,26.56415,0.486248,29.072542,2,
2344,2344,0,1790170495809056000,85.861297,1.997971,26.251371,0.52995,28.886826,2,
2345,2345,0,1790170495841074000,84.389001,1.698758,27.616838,0.509216,29.946821,2,
2346,2346,0,1790170495873058000,83.656732,2.560208,27.11961,0.68813,30.483222,2,
2347,2347,0,1790170495909066000,79.880889,1.532746,29.498731,0.483548,31.626821,2,
2348,2348,0,1790170495941050000,80.161556,1.584503,29.330152,0.619635,31.648475,2,
2349,2349,0,1790170495977073000,76.987838,1.608341,29.773239,0.663344,32.176453,2,
2350,2350,0,1790170496009076000,77.582259,1.81032,29.463932,0.507841,31.888046,2,
2351,2351,0,1790170496041053000,76.126595,1.603058,27.734192,0.485301,29.944837,2,
2352,2352,0,1790170496077050000,71.358478,1.517206,28.430277,0.48511,30.551491,2,
2353,2353,0,1790170496109029000,70.687781,1.549969,28.545318,0.493252,30.725134,2,
2354,2354,0,1790170496141050000,72.969771,1.642739,31.196477,0.673987,33.651227,2,
2355,2355,0,1790170496177063000,71.593854,2.487523,30.838816,0.452938,33.885011,2,
2356,2356,0,1790170496209072000,71.286639,1.638574,28.85792,0.48085,31.094676,2,
2357,2357,0,1790170496241057000,73.521553,2.364054,30.429358,0.679245,33.60322,2,
2358,2358,0,1790170496277069000,69.054302,2.354411,27.616212,0.702165,30.83888,2,
2359,2359,0,1790170496309058000,69.920553,2.330828,29.154609,0.527704,32.13094,2,
2360,2360,0,1790170496341063000,68.958635,1.723462,28.03524,0.465514,30.330974,2,
2361,2361,0,1790170496377083000,65.556715,1.529055,29.668283,0.676026,32.001525,2,
2362,2362,0,1790170496409071000,66.988913,1.627286,30.475522,0.489059,32.706006,2,
2363,2363,0,1790170496441079000,66.472604,1.686873,28.389009,0.661703,30.875467,2,
2364,2364,0,1790170496477087000,62.542324,2.386822,28.221971,0.682006,31.426399,2,
2365,2365,0,1790170496509110000,66.586314,2.437706,30.37347,0.68898,33.627294,2,
2366,2366,0,1790170496545111000,63.784802,2.431573,29.415947,0.557745,32.51603,2,
2367,2367,0,1790170496577101000,62.322098,1.586893,27.71704,0.496949,29.923852,2,
2368,2368,0,1790170496645185000,91.152091,2.51138,58.604479,0.497718,61.742235,2,
2369,2369,0,1790170496677191000,97.407734,2.746213,34.3668,0.496096,37.720342,2,
2370,2370,0,1790170496709068000,98.159277,1.594465,29.900288,0.478061,32.076894,2,
2371,2371,0,1790170496745091000,94.692131,2.362335,28.799075,0.675929,31.975024,2,
2372,2372,0,1790170496777199000,96.564685,1.75051,30.682336,0.695832,33.254151,2,
2373,2373,0,1790170496809201000,97.36117,2.079441,29.155225,0.675265,32.047058,2,
2374,2374,0,1790170497009267000,98.481048,4.297322,58.968234,0.630549,64.004089,2,
2375,2375,0,1790170497045221000,94.533604,1.940902,28.949817,0.480105,31.488404,2,
2376,2376,0,1790170497209247000,100.720328,3.893715,61.814524,0.58792,66.401294,2,
2377,2377,0,1790170497245155000,109.965864,1.631378,42.319538,0.479909,44.544083,2,
2378,2378,0,1790170497409248000,103.781813,4.734479,63.289346,0.765149,68.918568,2,
2379,2379,0,1790170497445129000,101.97874,1.839356,30.821945,0.490732,33.259379,2,
2380,2380,0,1790170497477111000,99.585913,1.612889,26.769501,0.4991,28.992629,2,
2381,2381,0,1790170497513189000,94.225315,1.636951,27.830061,0.474356,30.055571,2,
2382,2382,0,1790170497545098000,94.183986,1.825857,28.864662,0.478703,31.288545,2,
2383,2383,0,1790170497577111000,94.180232,1.696118,29.130036,0.47274,31.402641,2,
2384,2384,0,1790170497613104000,87.775069,1.539368,26.859555,0.48714,29.003919,2,
2385,2385,0,1790170497645104000,86.763204,1.572533,28.190943,0.479064,30.356645,2,
2386,2386,0,1790170497677085000,85.455465,1.575445,27.887203,0.485781,30.067298,2,
2387,2387,0,1790170497713099000,79.492931,1.548835,27.31011,0.487886,29.461677,2,
2388,2388,0,1790170497745116000,79.446232,1.805596,28.949307,0.484707,31.357107,2,
2389,2389,0,1790170497777089000,78.54874,1.981892,27.786597,0.605663,30.486466,2,
2390,2390,0,1790170497813104000,73.709377,1.5706,28.201418,0.67961,30.558315,2,
2391,2391,0,1790170497845097000,73.502436,1.557465,28.839682,0.712038,31.216455,2,
2392,2392,0,1790170497877071000,73.000145,2.323109,27.996578,0.489841,30.915998,2,
2393,2393,0,1790170497913105000,69.651011,1.535136,29.718436,0.670551,32.061921,2,
2394,2394,0,1790170497945085000,70.884998,2.414554,29.251759,0.660049,32.459687,2,
2395,2395,0,1790170497977088000,70.903063,2.404916,28.160037,0.627138,31.306228,2,
2396,2396,0,1790170498013099000,67.111807,2.376481,28.64805,0.483215,31.622652,2,
2397,2397,0,1790170498045088000,68.888159,1.601212,30.703129,0.674435,33.109036,2,
2398,2398,0,1790170498081093000,66.040733,2.335907,29.352943,0.661911,32.469581,2,
2399,2399,0,1790170498113113000,65.636016,1.840165,28.478183,0.497128,30.927976,2,
2400,2400,0,1790170498145078000,63.199318,1.677403,26.669301,0.474008,28.931102,2,
2401,2401,0,1790170498181195000,57.927618,1.580317,27.043782,0.482422,29.223011,2,
2402,2402,0,1790170498313229000,99.727691,4.562225,59.193214,0.597918,64.460239,2,
2403,2403,0,1790170498345276000,101.298249,1.658067,30.726864,0.534551,33.027145,2,
2404,2404,0,1790170498381126000,99.882853,1.644373,31.557461,0.515862,33.83836,2,
2405,2405,0,1790170498413198000,99.730412,1.583541,29.032228,0.553121,31.283225,2,
2406,2406,0,1790170498445105000,99.231298,1.756965,28.429977,0.479509,30.78441,2,
2407,2407,0,1790170498481189000,93.560377,2.011706,27.183754,0.483462,29.789212,2,
2408,2408,0,1790170498513174000,93.892424,1.827989,29.245248,0.526545,31.705874,2,
2409,2409,0,1790170498545105000,94.496899,1.651441,29.68247,0.486401,31.9357,2,
2410,2410,0,1790170498581167000,89.372997,1.572891,27.955838,0.693173,30.339158,2,
2411,2411,0,1790170498613167000,90.124641,2.403257,29.091742,0.484618,32.095696,2,
2412,2412,0,1790170498645089000,90.876293,1.548386,29.857993,0.549134,32.073994,2,
2413,2413,0,1790170498681113000,86.812029,1.543096,28.908328,0.78283,31.362447,2,
2414,2414,0,1790170498713107000,86.926429,1.824879,28.963133,0.500896,31.407946,2,
2415,2415,0,1790170498749112000,82.593021,1.569622,28.896779,0.488472,31.071506,2,
2416,2416,0,1790170498781104000,82.365319,1.581074,28.963501,0.487111,31.156219,2,
2417,2417,0,1790170498813091000,80.982225,1.873298,27.498926,0.507868,30.00228,2,
2418,2418,0,1790170498849114000,75.209131,1.575715,27.354251,0.475097,29.516516,2,
2419,2419,0,1790170498881103000,73.225151,1.79556,27.029153,0.478356,29.416433,2,
2420,2420,0,1790170498913089000,70.834571,1.643768,26.728256,0.498258,28.98957,2,
2421,2421,0,1790170498949118000,64.317031,1.777459,26.418048,0.565387,28.90347,2,
2422,2422,0,1790170498981099000,62.471876,2.547535,26.367473,0.48529,29.519319,2,
2423,2423,0,1790170499013148000,64.685165,1.636102,29.399672,0.51885,31.667263,2,
2424,2424,0,1790170499049192000,59.441843,1.555794,28.061428,0.484159,30.210422,2,
2425,2425,0,1790170499081147000,65.52347,1.674173,30.380066,0.524822,32.691393,2,
2426,2426,0,1790170499113208000,63.952673,1.612099,27.733255,0.458288,29.916707,2,
2427,2427,0,1790170499149236000,64.000669,1.727824,28.706243,0.524292,31.098643,2,
2428,2428,0,1790170499181190000,66.089423,1.609702,31.09852,0.487446,33.303743,2,
2429,2429,0,1790170499213135000,65.12345,1.489807,28.311119,0.476172,30.391995,2,
2430,2430,0,1790170499249223000,63.277094,1.654658,28.024148,0.657139,30.483997,2,
2431,2431,0,1790170499281164000,68.343365,1.64672,33.114887,0.671972,35.602483,2,
2432,2432,0,1790170499317253000,64.002241,1.553586,28.746607,0.67002,31.133095,2,
2433,2433,0,1790170499349137000,64.872352,2.315511,28.951288,0.620785,32.004453,2,
2434,2434,0,1790170499381113000,64.997943,1.576135,29.136253,0.644273,31.502864,2,
2435,2435,0,1790170499417164000,59.784134,1.562243,27.865043,0.54905,30.087638,2,
2436,2436,0,1790170499449229000,69.662667,1.687828,34.381897,0.686284,36.878965,2,
2437,2437,0,1790170499481273000,70.926839,2.481181,29.537932,0.463972,32.592759,2,
2438,2438,0,1790170499517124000,66.941231,1.56349,29.092803,0.481747,31.250409,2,
2439,2439,0,1790170499549125000,66.064426,1.966381,27.966506,0.481832,30.526433,2,
2440,2440,0,1790170499581106000,66.522132,1.671989,29.639551,0.439757,31.844125,1,
2441,2441,0,1790170499617231000,60.691055,1.669869,27.450424,0.484005,29.718236,2,
2442,2442,0,1790170499649179000,64.148494,1.692275,28.675897,0.678003,31.207697,2,
2443,2443,0,1790170499681262000,63.957647,2.410718,28.088288,0.501233,31.162367,2,
2444,2444,0,1790170499817237000,109.71718,4.06912,70.86303,0.69113,75.758436,2,
2445,2445,0,1790170499849272000,114.406829,1.592696,33.721448,0.672054,36.119163,2,
2446,2446,0,1790170499917138000,77.1753,2.275691,27.010129,0.493574,29.902072,2,
2447,2447,0,1790170499949132000,74.823284,1.568294,26.854469,0.486689,29.023485,2,
2448,2448,0,1790170499985132000,71.169756,1.922042,29.226686,0.478329,31.740941,2,
2449,2449,0,1790170500017113000,73.323106,1.609806,31.114327,0.665984,33.532747,2,
2450,2450,0,1790170500049118000,72.88594,2.286059,27.979802,0.486591,30.864706,2,
2451,2451,0,1790170500085119000,69.915456,1.668515,29.947213,0.682944,32.427734,2,
2452,2452,0,1790170500117127000,71.732743,2.368553,29.992252,0.656887,33.125758,2,
2453,2453,0,1790170500149108000,73.85865,1.594438,31.313547,0.481713,33.496277,2,
2454,2454,0,1790170500185136000,71.622242,1.594048,30.794721,0.700609,33.198814,2,
2455,2455,0,1790170500217125000,71.252377,1.590256,28.836947,0.479131,31.014867,2,
2456,2456,0,1790170500249146000,70.64437,1.659722,28.420632,0.637552,30.824066,2,
2457,2457,0,1790170500285126000,67.126813,1.545695,29.599802,0.461551,31.70942,2,
2458,2458,0,1790170500317127000,67.142867,1.608778,29.211761,0.478805,31.411786,2,
2459,2459,0,1790170500349139000,65.756255,1.812398,27.594017,0.493777,30.018077,2,
2460,2460,0,1790170500385139000,63.04087,1.710548,27.660531,0.459322,29.940605,2,
2461,2461,0,1790170500417234000,65.006781,1.83458,29.648038,0.487499,32.087469,2,
2462,2462,0,1790170500453186000,61.753091,1.520508,29.949685,0.497956,32.095826,2,
2463,2463,0,1790170500485201000,65.35182,1.723466,29.911722,0.488821,32.229077,2,
2464,2464,0,1790170500517217000,68.808438,1.660671,32.552697,0.578111,34.905566,2,
2465,2465,0,1790170500553248000,62.961206,1.501374,27.500783,0.478024,29.596633,2,
2466,2466,0,1790170500685328000,94.776429,5.717982,54.631877,0.567893,61.036711,2,
2467,2467,0,1790170500717203000,95.80371,1.943872,29.772718,0.420649,32.246489,2,
2468,2468,0,1790170500753148000,91.832102,1.580819,29.026711,0.491388,31.215704,2,
2469,2469,0,1790170500785163000,91.920574,1.748134,29.130382,0.460264,31.450934,2,
2470,2470,0,1790170500817192000,91.476276,1.688053,28.657851,0.483695,30.935237,2,
2471,2471,0,1790170500853171000,86.112638,1.578864,27.869419,0.470241,30.035159,2,
2472,2472,0,1790170500885153000,83.063468,1.54936,25.960903,0.702353,28.336405,2,
2473,2473,0,1790170500917150000,82.87519,2.353846,28.034868,0.633627,31.133738,2,
2474,2474,0,1790170500953154000,76.681762,1.651703,26.954838,0.483047,29.204187,2,
2475,2475,0,1790170500985166000,76.167616,1.498027,28.827871,0.462417,30.904212,2,
2476,2476,0,1790170501085310000,101.982051,4.118742,63.065351,0.717428,68.025456,2,
2477,2477,0,1790170501121205000,100.223199,1.943765,30.673025,0.696604,33.436859,2,
2478,2478,0,1790170501253338000,89.346733,6.464034,47.117541,0.676864,54.400606,2,
2479,2479,0,1790170501321160000,61.447039,2.615607,29.150511,0.47668,32.364657,2,
2480,2480,0,1790170501353173000,63.847551,1.684974,28.471581,0.481223,30.758339,2,
2481,2481,0,1790170501385246000,63.790554,1.890822,28.525061,0.477065,31.004677,2,
2482,2482,0,1790170501421199000,65.166282,1.79556,29.781079,0.529064,32.211719,2,
2483,2483,0,1790170501453300000,64.442747,1.685132,28.287771,0.651893,30.786709,2,
2484,2484,0,1790170501485139000,64.237368,2.447919,27.70969,0.665685,30.957425,2,
2485,2485,0,1790170501521174000,70.678456,1.836982,35.293121,0.49724,37.760698,2,
2486,2486,0,1790170501553263000,72.308488,1.620602,30.879285,0.497047,33.11392,2,
2487,2487,0,1790170501589148000,68.432661,1.650827,29.066531,0.51263,31.33561,2,
2488,2488,0,1790170501621179000,70.357976,1.605136,31.17217,0.463818,33.355874,2,
2489,2489,0,1790170501653165000,69.218868,1.6529,27.999638,0.479607,30.241449,2,
2490,2490,0,1790170501689164000,65.333783,1.59495,29.343749,0.481342,31.537119,2,
2491,2491,0,1790170501721154000,65.877022,1.726839,29.646032,0.478441,31.956479,2,
2492,2492,0,1790170501753153000,66.664368,1.551994,30.057292,0.464133,32.178646,2,
2493,2493,0,1790170501853344000,96.285034,3.75494,57.551023,0.623233,62.035141,2,
2494,2494,0,1790170501889193000,92.54117,1.470787,29.34906,0.5045,31.440069,2,
2495,2495,0,1790170501953207000,72.392182,1.800891,36.82659,0.520289,39.256787,2,
2496,2496,0,1790170501989218000,69.123785,1.681251,29.75752,0.460287,32.008504,2,
2497,2497,0,1790170502021188000,67.771161,1.636936,27.795646,0.478402,30.021483,2,
2498,2498,0,1790170502053187000,67.54925,1.51015,29.086419,0.494751,31.19696,2,
2499,2499,0,1790170502089206000,62.194379,1.624726,27.136611,0.473961,29.344047,2,
2500,2500,0,1790170502121205000,62.745484,1.74088,27.440432,0.468946,29.762925,2,
2501,2501,0,1790170502157207000,61.377719,1.657297,30.156669,0.493089,32.412096,2,
2502,2502,0,1790170502189231000,64.78474,1.652151,29.546388,0.509747,31.824165,2,
2503,2503,0,1790170502221316000,67.420263,1.663254,31.84886,0.491816,34.113355,2,
2504,2504,0,1790170502257333000,62.445124,1.577215,28.265078,0.480282,30.428543,2,
2505,2505,0,1790170502289261000,63.50909,1.636342,28.357727,0.476278,30.58025,2,
2506,2506,0,1790170502321266000,65.478307,1.850572,30.010426,0.774079,32.753447,2,
2507,2507,0,1790170502357232000,61.582246,1.582239,29.204142,0.50409,31.40048,2,
2508,2508,0,1790170502457294000,91.057426,4.148238,55.289241,0.460363,60.006698,2,
2509,2509,0,1790170502489216000,100.009632,1.98837,37.512659,0.662552,40.288467,2,
2510,2510,0,1790170502521170000,104.764722,1.729837,33.638506,0.511075,36.004618,2,
2511,2511,0,1790170502557194000,101.509038,1.594812,29.970441,0.463937,32.141746,2,
2512,2512,0,1790170502589291000,100.012639,1.623175,27.799804,0.475331,30.012414,2,
2513,2513,0,1790170502621164000,100.748985,1.583709,29.532462,0.592203,31.81028,2,
2514,2514,0,1790170502657180000,96.626462,1.534695,29.117911,0.534578,31.292695,2,
2515,2515,0,1790170502689202000,95.403188,1.619229,27.956517,0.484803,30.178423,2,
2516,2516,0,1790170502725231000,90.185283,1.76287,27.830897,0.481188,30.197012,2,
2517,2517,0,1790170502757239000,89.491784,1.802634,28.05509,0.714725,30.702421,2,
2518,2518,0,1790170502789203000,87.698036,1.555769,27.44952,0.474944,29.591485,2,
2519,2519,0,1790170502825183000,82.98246,1.489509,28.594735,0.474521,30.666586,2,
2520,2520,0,1790170502857202000,82.231802,1.539464,28.507059,0.481688,30.648084,2,
2521,2521,0,1790170502925173000,81.609513,1.713568,49.992944,0.59219,52.42164,2,
2522,2522,0,1790170502957229000,83.380386,1.55441,31.077769,0.492345,33.243521,2,
2523,2523,0,1790170502989178000,83.89797,1.557939,29.707613,0.486761,31.865678,2,
2524,2524,0,1790170503025189000,78.74935,1.661438,27.998127,0.4817,30.255855,2,
2525,2525,0,1790170503057224000,78.223871,1.937573,28.364456,0.484233,30.916444,2,
2526,2526,0,1790170503089160000,78.991025,1.787932,29.486291,0.70409,32.103557,2,
2527,2527,0,1790170503125196000,76.367528,2.453023,29.65052,0.483174,32.697532,2,
2528,2528,0,1790170503157192000,76.474815,1.514788,29.380641,0.484047,31.504959,2,
2529,2529,0,1790170503189185000,75.569219,1.573318,28.374801,0.480399,30.535247,2,
2530,2530,0,1790170503225182000,73.569234,1.798781,31.013706,0.461065,33.380257,2,
2531,2531,0,1790170503257186000,76.582,1.64343,31.972845,0.678174,34.424155,2,
2532,2532,0,1790170503289182000,77.85174,1.641243,29.921317,0.871383,32.555243,2,
2533,2533,0,1790170503325188000,76.060288,2.409262,30.49494,0.479669,33.502261,2,
2534,2534,0,1790170503357184000,75.142764,1.61355,28.278586,0.467226,30.469874,2,
2535,2535,0,1790170503393203000,70.52355,1.60348,28.607207,0.485825,30.809913,2,
2536,2536,0,1790170503425194000,70.881651,1.802828,29.367931,0.475833,31.762178,2,
2537,2537,0,1790170503457147000,73.464757,2.136134,31.188082,0.489112,33.926472,2,
2538,2538,0,1790170503493199000,66.840105,1.631962,26.609779,0.48401,28.838924,2,
2539,2539,0,1790170503525195000,66.5548,1.586773,28.933999,0.483769,31.114272,2,
2540,2540,0,1790170503557189000,65.777554,1.546802,28.495829,0.488213,30.636791,2,
2541,2541,0,1790170503593234000,60.91363,1.498555,28.299908,0.650756,30.578774,2,
2542,2542,0,1790170503625287000,68.624699,1.686455,33.375499,0.519286,35.687502,2,
2543,2543,0,1790170503725288000,93.275123,3.311228,54.828055,0.858097,59.127853,2,
2544,2544,0,1790170503757329000,96.088899,2.433814,30.949193,0.678772,34.206617,2,
2545,2545,0,1790170503793228000,92.3955,1.814088,29.073709,0.490081,31.497449,2,
2546,2546,0,1790170503893355000,102.349613,4.150521,63.421085,0.576113,68.258944,2,
2547,2547,0,1790170503961240000,76.465022,1.780236,39.121422,0.429731,41.438007,2,
2548,2548,0,1790170503993209000,74.172321,1.577179,26.855569,0.541503,29.112494,2,
2549,2549,0,1790170504025195000,72.244525,1.785381,26.914751,0.483651,29.308068,2,
2550,2550,0,1790170504061200000,65.980652,1.56141,26.998969,0.474606,29.14047,2,
2551,2551,0,1790170504093217000,63.817438,1.506621,27.197596,0.452699,29.271157,2,
2552,2552,0,1790170504225326000,95.010182,4.843809,55.823087,0.575424,61.376937,2,
2553,2553,0,1790170504261344000,99.850212,1.646509,38.010835,0.475743,40.245702,2,
2554,2554,0,1790170504293226000,102.417841,2.497755,30.594483,0.641076,33.837732,2,
2555,2555,0,1790170504325262000,101.601673,1.64443,28.196665,0.68678,30.645173,2,
2556,2556,0,1790170504361226000,98.074517,2.386609,28.549078,0.661408,31.72555,2,
2557,2557,0,1790170504393201000,97.899505,2.454767,28.003922,0.494676,31.075384,2,
2558,2558,0,1790170504425199000,97.057551,1.598458,28.183436,0.649327,30.553464,2,
2559,2559,0,1790170504461328000,94.108547,2.253861,29.634338,0.488846,32.502105,2,
2560,2560,0,1790170504493284000,94.599714,1.745584,29.47576,0.535417,31.863859,2,
2561,2561,0,1790170504529225000,90.013506,1.618485,28.400408,0.624089,30.764994,2,
2562,2562,0,1790170504561216000,90.683948,2.644744,28.673542,0.565362,32.005661,2,
2563,2563,0,1790170504593236000,90.849026,1.599138,29.370107,0.478262,31.56762,2,
2564,2564,0,1790170504629214000,84.305488,1.792853,26.411758,0.500791,28.822661,2,
2565,2565,0,1790170504661226000,87.12018,1.758228,31.89475,0.470733,34.231775,2,
2566,2566,0,1790170504693204000,87.155695,1.69573,29.14884,0.47597,31.436716,2,
2567,2567,0,1790170504729217000,84.66522,1.58459,30.757206,0.472357,32.928073,2,
2568,2568,0,1790170504761208000,86.781327,1.58586,31.092897,0.674496,33.478571,2,
2569,2569,0,1790170504793207000,87.229834,2.346892,28.644522,0.641277,31.774703,2,
2570,2570,0,1790170504829221000,85.020617,1.549177,30.930666,0.471973,33.075664,2,
2571,2571,0,1790170504861228000,85.809995,1.593476,29.95802,0.52781,32.194783,2,
2572,2572,0,1790170504893221000,87.843044,1.624867,31.204736,0.483243,33.431903,2,
2573,2573,0,1790170504929233000,82.996716,2.602372,27.192005,0.481027,30.395524,2,
2574,2574,0,1790170504961211000,83.453359,1.538426,29.687726,0.483001,31.827892,2,
2575,2575,0,1790170504993210000,84.196986,1.756566,29.767955,0.48049,32.126999,2,
2576,2576,0,1790170505029230000,79.123196,1.58455,28.191022,0.473776,30.358584,2,
2577,2577,0,1790170505061242000,78.467405,1.544825,28.602122,0.489134,30.751918,2,
2578,2578,0,1790170505097238000,73.434285,1.592681,28.122692,0.531192,30.352051,2,
2579,2579,0,1790170505129228000,72.322088,1.742451,27.928009,0.496439,30.283346,2,
2580,2580,0,1790170505229332000,102.346077,3.413722,64.491529,0.564903,68.58008,2,
2581,2581,0,1790170505261407000,104.550783,2.467902,30.45001,0.65806,33.717364,2,
2582,2582,0,1790170505297247000,103.350561,2.387821,30.953812,0.498624,33.945198,2,
2583,2583,0,1790170505329233000,104.793947,1.605006,30.342593,0.669891,32.752258,2,
2584,2584,0,1790170505397222000,71.611083,2.313209,30.814914,0.841926,34.091329,2,
2585,2585,0,1790170505529393000,77.814618,4.694093,38.511224,0.690084,44.018965,2,
2586,2586,0,1790170505561344000,80.741426,1.665836,31.887182,0.48308,34.165722,2,
2587,2587,0,1790170505597215000,79.323223,1.616473,31.579786,0.481058,33.795101,2,
2588,2588,0,1790170505629249000,79.585661,2.46739,28.649447,0.457701,31.679186,2,
2589,2589,0,1790170505665246000,75.819412,1.558309,29.458434,0.48275,31.615193,2,
2590,2590,0,1790170505697238000,76.560239,1.633981,29.662752,0.650178,32.058088,2,
2591,2591,0,1790170505729258000,78.752363,1.661791,31.3639,0.47994,33.612981,2,
2592,2592,0,1790170505765219000,75.504867,1.626872,29.691401,0.673736,32.125186,2,
2593,2593,0,1790170505797232000,78.749094,2.405222,31.352195,0.659178,34.54308,2,
2594,2594,0,1790170505829237000,80.627884,2.550931,29.806311,0.697784,33.182509,2,
2595,2595,0,1790170506165404000,94.302075,3.96434,54.825869,0.563816,59.480183,2,
2596,2596,0,1790170506197421000,97.696338,2.063936,32.075368,0.486852,34.745376,2,
2597,2597,0,1790170506333405000,105.045783,3.516157,70.96219,0.590378,75.196097,2,
2598,2598,0,1790170506365371000,107.518036,1.590161,31.47713,0.662123,33.851917,2,
2599,2599,0,1790170506397252000,107.501057,1.609063,28.664585,0.701312,31.088157,2,
2600,2600,0,1790170506465235000,70.546022,1.727467,28.012707,0.488112,30.344979,2,
2601,2601,0,1790170506497232000,70.87689,1.541903,29.411022,0.676343,31.73354,2,
2602,2602,0,1790170506533222000,67.215289,1.834786,29.102064,0.682461,31.759925,2,
2603,2603,0,1790170506565261000,67.551114,2.476246,28.593561,0.485806,31.667757,2,
2604,2604,0,1790170506597235000,67.870564,1.708165,29.264106,0.458628,31.546959,2,
2605,2605,0,1790170506697422000,91.591677,3.363978,53.886297,0.438897,57.795212,2,
2606,2606,0,1790170506733378000,86.595971,1.749359,28.031914,0.454413,30.34419,2,
2607,2607,0,1790170506765277000,87.353357,1.565303,29.807449,0.466975,31.948329,2,
2608,2608,0,1790170506801255000,83.265593,1.639537,28.958877,0.500733,31.238553,2,
2609,2609,0,1790170507001367000,96.166471,3.41951,62.363843,0.534931,66.498151,2,
2610,2610,0,1790170507033326000,99.448601,1.673248,32.290093,0.45398,34.523452,2,
2611,2611,0,1790170507101302000,62.950162,1.536547,28.681709,0.471083,30.807147,2,
2612,2612,0,1790170507133291000,62.680371,1.707168,27.439353,0.475591,29.736894,2,
2613,2613,0,1790170507165350000,66.952738,1.726486,31.562798,0.65745,34.078739,2,
2614,2614,0,1790170507201309000,64.146188,1.62243,29.692373,0.904125,32.34797,2,
2615,2615,0,1790170507233362000,63.281558,1.76751,27.805633,0.490141,30.182576,2,
2616,2616,0,1790170507265375000,63.977317,1.620647,29.029858,0.475587,31.23848,2,
2617,2617,0,1790170507369374000,99.002186,3.482032,64.896765,0.541557,69.025185,2,
2618,2618,0,1790170507401382000,101.52862,1.911626,31.372094,0.484341,33.879177,2,
2619,2619,0,1790170507433288000,102.292955,1.647425,29.704542,0.492124,31.955324,2,
2620,2620,0,1790170507469334000,96.331707,1.685232,27.135161,0.516015,29.484816,2,
2621,2621,0,1790170507501277000,97.203308,1.926741,29.479958,0.483473,32.019144,2,
2622,2622,0,1790170507533254000,95.211728,1.690665,27.09473,0.478068,29.381341,2,
2623,2623,0,1790170507569387000,90.828545,1.752384,28.65197,0.648567,31.183169,2,
2624,2624,0,1790170507601388000,91.929479,1.866669,29.739372,0.663076,32.408313,2,
2625,2625,0,1790170507633259000,92.153734,2.285785,28.444608,0.53602,31.407897,2,
2626,2626,0,1790170507701283000,71.709073,1.756084,36.122086,0.653052,38.653666,2,
2627,2627,0,1790170507733386000,72.476214,1.611387,29.685666,0.707617,32.131405,2,
2628,2628,0,1790170507769257000,70.40693,1.621942,30.811029,0.489676,33.040828,2,
2629,2629,0,1790170507801276000,70.664768,1.622707,29.490012,0.469634,31.684917,2,
2630,2630,0,1790170507833267000,69.94418,1.585065,28.529674,0.482687,30.705705,2,
2631,2631,0,1790170507869272000,65.483614,1.563067,28.791172,0.489386,30.955651,2,
2632,2632,0,1790170507901276000,64.20264,1.578098,27.879239,0.502303,30.123225,2,
2633,2633,0,1790170507933245000,66.349493,1.798304,30.987027,0.482118,33.386639,2,
2634,2634,0,1790170507969331000,66.958061,1.652088,31.426339,0.672089,33.868225,2,
2635,2635,0,1790170508001391000,67.179668,1.778098,29.238395,0.478081,31.599088,2,
2636,2636,0,1790170508037277000,63.253829,1.877866,28.91768,0.488531,31.388918,2,
2637,2637,0,1790170508069292000,64.342354,1.6844,29.111197,0.50977,31.440758,2,
2638,2638,0,1790170508101342000,62.603575,1.68646,27.37618,0.48556,29.6648,2,
2639,2639,0,1790170508137355000,60.618042,1.876625,29.154089,0.564601,31.715884,2,
2640,2640,0,1790170508169393000,71.821767,2.07939,36.422518,0.484407,39.104152,2,
2641,2641,0,1790170508201390000,73.664476,1.641507,30.7983,0.650125,33.217625,2,
2642,2642,0,1790170508237305000,71.315894,1.936589,30.096,0.717567,32.85886,2,
2643,2643,0,1790170508269273000,69.952576,1.613998,27.814651,0.496995,30.04079,2,
2644,2644,0,1790170508301268000,69.074637,1.63143,28.202812,0.53971,30.512178,2,
2645,2645,0,1790170508337280000,65.618832,1.654136,29.609655,0.484135,31.856414,2,
2646,2646,0,1790170508369279000,65.43347,1.737672,28.858564,0.489973,31.201547,2,
2647,2647,0,1790170508401253000,64.502514,1.598608,28.232228,0.488602,30.435362,2,
2648,2648,0,1790170508437403000,64.067568,1.597674,28.848418,0.481398,31.078826,2,
2649,2649,0,1790170508469397000,62.421079,1.666906,27.19099,0.696981,29.694778,2,
2650,2650,0,1790170508501291000,65.192017,2.353525,29.071954,0.69886,32.271805,2,
2651,2651,0,1790170508537318000,65.051945,1.60302,29.742278,0.699139,32.179988,2,
2652,2652,0,1790170508569320000,65.94349,1.585857,30.0196,0.506015,32.241877,2,
2653,2653,0,1790170508605411000,62.4133,1.887234,29.489921,0.482875,31.959453,2,
2654,2654,0,1790170508637318000,64.650562,1.663208,29.314344,0.635746,31.717776,2,
2655,2655,0,1790170508669396000,64.231395,1.612119,28.810363,0.498186,31.063983,2,
2656,2656,0,1790170508705327000,59.182681,1.572313,28.035834,0.48582,30.223853,2,
2657,2657,0,1790170508969382000,103.356086,3.657764,64.857333,0.560801,69.178732,2,
2658,2658,0,1790170509005381000,99.42577,1.632257,29.249337,0.480311,31.471075,2,
2659,2659,0,1790170509037314000,99.010286,1.778385,28.52099,0.48219,30.898933,2,
2660,2660,0,1790170509069287000,99.075204,1.909647,28.962709,0.456742,31.429398,2,
2661,2661,0,1790170509105383000,96.224188,2.179894,29.644292,0.67512,32.652107,2,
2662,2662,0,1790170509137303000,99.60536,2.365873,31.435685,0.633061,34.565247,2,
2663,2663,0,1790170509173320000,96.054767,1.693569,29.179173,0.660258,31.677313,2,
2664,2664,0,1790170509237399000,64.740028,1.651572,29.192112,0.821806,31.806582,2,
2665,2665,0,1790170509473476000,91.385801,3.868262,56.422641,0.562541,60.970726,2,
2666,2666,0,1790170509505435000,103.500415,2.124151,40.758181,0.463705,43.452303,2,
2667,2667,0,1790170509573318000,69.334831,1.635153,30.777509,0.490972,33.020146,2,
2668,2668,0,1790170509605338000,68.113075,1.546125,28.070767,0.45727,30.202868,2,
2669,2669,0,1790170509637304000,66.669597,1.618244,27.750153,0.482343,29.964107,2,
2670,2670,0,1790170509673319000,65.444715,1.892471,29.82288,0.492004,32.320799,2,
2671,2671,0,1790170509705344000,65.30829,1.57143,29.091577,0.522291,31.287192,2,
2672,2672,0,1790170509741436000,60.501447,1.609092,28.537844,0.463611,30.719301,2,
2673,2673,0,1790170509773421000,64.213176,1.649258,28.885338,0.518192,31.186415,2,
2674,2674,0,1790170509805443000,64.42555,1.63952,29.294033,0.517466,31.564647,2,
2675,2675,0,1790170509841364000,60.851499,1.584601,29.475127,0.461612,31.628408,2,
2676,2676,0,1790170509873350000,65.112323,1.646783,29.757466,0.481765,32.009975,2,
2677,2677,0,1790170509905438000,66.432508,1.632022,30.600178,0.498257,32.830228,2,
2678,2678,0,1790170509941422000,62.566899,1.602413,29.352125,0.483619,31.550909,2,
2679,2679,0,1790170509973361000,63.823738,1.614759,28.598915,0.479085,30.808024,2,
2680,2680,0,1790170510005412000,66.503036,1.662317,31.460996,0.470537,33.697302,2,
2681,2681,0,1790170510041371000,63.432583,1.621821,29.917399,0.625259,32.284145,2,
2682,2682,0,1790170510073320000,67.228769,1.622731,32.012262,0.484945,34.234033,2,
2683,2683,0,1790170510105380000,67.034671,1.617098,29.04764,0.488124,31.267344,2,
2684,2684,0,1790170510141331000,63.942979,1.720498,28.704354,0.481729,31.023984,2,
2685,2685,0,1790170510173381000,63.210707,1.644243,27.983489,0.480998,30.225842,2,
2686,2686,0,1790170510273383000,97.717455,3.767257,58.960986,0.698395,63.52165,2,
2687,2687,0,1790170510309352000,96.96459,1.543957,32.401499,0.626411,34.6825,2,
2688,2688,0,1790170510373445000,66.426823,1.703005,30.655459,0.483883,32.953921,2,
2689,2689,0,1790170510409432000,62.563571,1.519669,29.43034,0.459985,31.516943,2,
2690,2690,0,1790170510509497000,93.981309,4.132611,58.965802,0.571181,63.781154,2,
2691,2691,0,1790170510541389000,96.612854,1.869178,31.35408,0.614582,33.944524,2,
2692,2692,0,1790170510573336000,99.400345,1.614703,31.935952,0.472832,34.127459,2,
2693,2693,0,1790170510609341000,98.108624,1.950735,31.555929,0.476167,34.098881,2,
2694,2694,0,1790170510641356000,97.496049,1.684633,28.479464,0.503776,30.782679,2,
2695,2695,0,1790170510673336000,97.721155,1.594289,29.122478,0.673659,31.519499,2,
2696,2696,0,1790170510709440000,95.581647,1.90861,30.708188,0.533433,33.271826,2,
2697,2697,0,1790170510741413000,95.847304,1.721606,29.001694,0.482248,31.323992,2,
2698,2698,0,1790170510773433000,94.422717,1.525584,27.659677,0.681662,29.970012,2,
2699,2699,0,1790170510809380000,88.458436,1.589337,27.217184,0.489075,29.407998,2,
2700,2700,0,1790170510841351000,88.419718,1.530174,29.01503,0.675592,31.355048,2,
2701,2701,0,1790170510877380000,83.195403,1.65414,27.831121,0.494655,30.097772,2,
2702,2702,0,1790170511009429000,101.073829,5.410248,60.12402,0.533475,66.181749,2,
2703,2703,0,1790170511041525000,100.621648,1.591499,28.867088,0.511467,31.079913,2,
2704,2704,0,1790170511077315000,98.710466,1.549049,31.137326,0.46782,33.259293,2,
2705,2705,0,1790170511109316000,100.382801,1.64385,30.791432,0.475666,33.022608,2,
2706,2706,0,1790170511141313000,100.842729,1.669539,29.557596,0.518114,31.857487,2,
2707,2707,0,1790170511177385000,99.638615,1.634921,32.013136,0.481553,34.24132,2,
2708,2708,0,1790170511209349000,97.746727,1.637393,27.043953,0.605433,29.392532,2,
2709,2709,0,1790170511241314000,95.900906,1.506603,27.322967,0.480211,29.428184,2,
2710,2710,0,1790170511277399000,89.513434,1.543513,26.87242,0.55411,29.074169,2,
2711,2711,0,1790170511309436000,90.13253,2.503621,28.597114,0.65599,31.953547,2,
2712,2712,0,1790170511341334000,90.672813,2.357837,28.697759,0.641002,31.82324,2,
2713,2713,0,1790170511377328000,86.226262,1.603864,28.716191,0.487999,30.927034,2,
2714,2714,0,1790170511409337000,86.163466,1.623114,29.111769,0.4823,31.343117,2,
2715,2715,0,1790170511445335000,81.505732,1.577568,28.45076,0.615237,30.743815,2,
2716,2716,0,1790170511477324000,81.862527,1.51789,29.731289,0.415227,31.769354,2,
2717,2717,0,1790170511509337000,81.460634,1.49373,28.937619,0.477647,31.020455,2,
2718,2718,0,1790170511545335000,79.036319,1.621406,30.808663,0.459286,32.997997,2,
2719,2719,0,1790170511577360000,78.681356,1.828396,28.65453,0.480289,31.077995,2,
2720,2720,0,1790170511609361000,79.133087,1.570339,29.660161,0.4748,31.823959,2,
2721,2721,0,1790170511645341000,75.92237,1.636407,29.974046,0.478409,32.192229,2,
2722,2722,0,1790170511677351000,74.135888,1.613958,27.411034,0.481564,29.627781,2,
2723,2723,0,1790170511709328000,73.013094,1.691364,27.951894,0.513818,30.276168,2,
2724,2724,0,1790170511745334000,69.38876,1.588752,29.575327,0.484979,31.761989,2,
2725,2725,0,1790170511777340000,68.43812,2.107398,27.739995,0.49815,30.462596,2,
2726,2726,0,1790170511809339000,68.323977,1.879958,28.745235,0.488027,31.226356,2,
2727,2727,0,1790170511845336000,65.439472,1.628478,30.280411,0.49009,32.509165,2,
2728,2728,0,1790170511877462000,67.160983,1.561591,31.068315,0.49859,33.240355,2,
2729,2729,0,1790170511909337000,69.312526,1.930667,30.91496,0.485757,33.438326,2,
2730,2730,0,1790170511945379000,66.821429,1.763379,30.588767,0.477952,32.94273,2,
2731,2731,0,1790170511977345000,66.944785,1.765815,29.124955,0.482281,31.488481,2,
2732,2732,0,1790170512013420000,61.391363,1.830785,27.478017,0.486607,29.907993,2,
2733,2733,0,1790170512045399000,64.236108,1.698118,28.941323,0.513508,31.283328,2,
2734,2734,0,1790170512077482000,62.482442,1.613364,27.50918,0.487122,29.725064,2,
2735,2735,0,1790170512113399000,59.363586,1.61852,28.331887,0.497149,30.557358,2,
2736,2736,0,1790170512145472000,66.220842,1.693962,31.062271,0.488382,33.348597,2,
2737,2737,0,1790170512177483000,65.690698,1.6432,28.648468,0.480846,30.880771,2,
2738,2738,0,1790170512213453000,61.995775,1.543056,29.528538,0.497908,31.686482,2,
2739,2739,0,1790170512245476000,66.624855,1.73117,31.366305,0.635198,33.854334,2,
2740,2740,0,1790170512277491000,67.363731,2.50158,28.979674,0.488027,32.084763,2,
2741,2741,0,1790170512313404000,62.442754,2.21207,27.526461,0.525033,30.38435,2,
2742,2742,0,1790170512345455000,64.354945,1.672453,29.322543,0.532195,31.638692,2,
2743,2743,0,1790170512377390000,64.872702,1.497364,29.708122,0.573746,31.889566,2,
2744,2744,0,1790170512413389000,62.102406,1.645166,30.378455,0.493826,32.639987,2,
2745,2745,0,1790170512445406000,67.225181,1.822096,31.842211,0.493549,34.292232,2,
2746,2746,0,1790170512477489000,66.968563,1.710198,28.870317,0.479905,31.187936,2,
2747,2747,0,1790170512513477000,65.345818,1.554313,30.231872,0.484893,32.381595,2,
2748,2748,0,1790170512545468000,63.971649,1.648778,27.714678,0.477622,29.962975,2,
2749,2749,0,1790170512577334000,64.427371,1.626631,29.032048,0.726039,31.527617,2,
2750,2750,0,1790170512613418000,60.145962,1.525658,28.807114,0.666783,31.171256,2,
2751,2751,0,1790170512713463000,102.631152,4.643597,62.27088,0.510869,67.537745,2,
2752,2752,0,1790170512745498000,104.356148,1.888227,30.617029,0.510927,33.126579,2,
2753,2753,0,1790170512781363000,102.847629,1.539093,31.601219,0.478708,33.73546,2,
2754,2754,0,1790170512813361000,103.08064,1.954035,29.085376,0.47562,31.63474,2,
2755,2755,0,1790170512845375000,103.933232,1.713788,29.977352,0.476089,32.278358,2,
2756,2756,0,1790170512881348000,101.482088,1.720018,30.481991,0.482641,32.797389,2,
2757,2757,0,1790170512913356000,101.314716,1.562286,29.05908,0.488613,31.225388,2,
2758,2758,0,1790170512945364000,101.884597,1.605798,29.670302,0.605754,31.984874,2,
2759,2759,0,1790170512981346000,96.970801,1.532916,28.336267,0.497462,30.487022,2,
2760,2760,0,1790170513013361000,96.359331,1.692397,28.451074,0.499826,30.77646,2,
2761,2761,0,1790170513045346000,95.768649,1.577308,28.592994,0.482041,30.772269,2,
2762,2762,0,1790170513081488000,91.259387,1.538565,28.856984,0.499034,31.001686,2,
2763,2763,0,1790170513113453000,90.264571,1.537401,28.266705,0.482149,30.395752,2,
2764,2764,0,1790170513145384000,88.349354,1.703601,27.107782,0.487407,29.414023,2,
2765,2765,0,1790170513181369000,82.87969,1.576932,27.651838,0.491594,29.837676,2,
2766,2766,0,1790170513213360000,82.307539,2.10196,27.947556,0.487326,30.655083,2,
2767,2767,0,1790170513249370000,76.610896,1.567521,27.442605,0.516486,29.64037,2,
2768,2768,0,1790170513281366000,74.806433,1.476475,27.527621,0.477451,29.595861,2,
2769,2769,0,1790170513313376000,74.346435,1.554826,28.562201,0.730302,30.954553,2,
2770,2770,0,1790170513349367000,69.564589,1.540872,28.460432,0.525762,30.632717,2,
2771,2771,0,1790170513513537000,101.016689,3.157946,62.413972,0.547328,66.24145,2,
2772,2772,0,1790170513549488000,104.156791,1.632106,36.295499,0.488199,38.522996,2,
2773,2773,0,1790170513581415000,109.907924,1.652989,34.865725,0.465411,37.095929,2,
2774,2774,0,1790170513613357000,108.803651,1.578456,28.113358,0.452832,30.248144,2,
2775,2775,0,1790170513649365000,103.417918,1.512059,27.755564,0.645783,30.022368,2,
2776,2776,0,1790170513681418000,102.533962,1.582741,28.184207,0.689306,30.591254,2,
2777,2777,0,1790170513713345000,101.931265,2.002959,27.996028,0.486177,30.599422,2,
2778,2778,0,1790170513749362000,99.667444,1.695827,30.865427,0.478882,33.152529,2,
2779,2779,0,1790170513781388000,98.676649,1.603537,28.015242,0.675216,30.430363,2,
2780,2780,0,1790170513817501000,96.226016,1.778743,30.506669,0.528258,32.943636,2,
2781,2781,0,1790170513849415000,95.855108,1.556275,28.792597,0.479931,30.942455,2,
2782,2782,0,1790170513881399000,99.829674,2.517428,31.84742,0.632755,35.128557,2,
2783,2783,0,1790170513917509000,96.661347,2.469803,29.012147,0.517625,32.119381,2,
2784,2784,0,1790170513949526000,98.803108,1.635238,31.122815,0.652204,33.534027,2,
2785,2785,0,1790170513981469000,99.343178,1.731976,29.470705,0.503074,31.835533,2,
2786,2786,0,1790170514017457000,96.087362,1.794306,29.701561,0.485271,32.147502,2,
2787,2787,0,1790170514049422000,98.039488,1.603134,31.079785,0.412016,33.214489,2,
2788,2788,0,1790170514081470000,97.440686,1.667385,28.610207,0.467996,30.858937,2,
2789,2789,0,1790170514117441000,94.835512,1.5133,30.474309,0.659659,32.782177,2,
2790,2790,0,1790170514149491000,96.405692,2.638579,29.409943,0.713131,32.923112,2,
2791,2791,0,1790170514181488000,99.204822,2.335488,31.080719,0.473056,34.005063,2,
2792,2792,0,1790170514217433000,98.083651,1.785955,31.85325,0.464065,34.232651,2,
2793,2793,0,1790170514249493000,98.123617,1.775026,28.945462,0.66989,31.510415,2,
2794,2794,0,1790170514281415000,100.318175,1.715011,30.977479,0.620864,33.442641,2,
2795,2795,0,1790170514317514000,97.078831,1.66614,29.937608,0.516629,32.229963,2,
2796,2796,0,1790170514349426000,97.691302,1.68732,29.229743,0.852643,31.894563,2,
2797,2797,0,1790170514385415000,96.355995,2.326945,30.787167,0.731298,33.974913,2,
2798,2798,0,1790170514417519000,97.11383,1.618482,30.02469,0.499406,32.250459,2,
2799,2799,0,1790170514449518000,97.858909,2.552575,28.794435,0.660616,32.133604,2,
2800,2800,0,1790170514485448000,92.979018,1.643903,28.104333,0.489445,30.365957,2,
2801,2801,0,1790170514517514000,94.018312,1.664941,30.250124,0.489974,32.525228,2,
2802,2802,0,1790170514549404000,95.63468,1.768585,30.494502,0.539472,32.924066,2,
2803,2803,0,1790170514585407000,90.841249,1.859297,27.865216,0.67726,30.535904,2,
2804,2804,0,1790170514617479000,90.048991,2.272275,27.683258,0.495797,30.562153,2,
2805,2805,0,1790170514649389000,88.505453,1.605339,27.311897,0.679543,29.736931,2,
2806,2806,0,1790170514685417000,84.994833,2.210428,28.781701,0.655634,31.77742,2,
2807,2807,0,1790170514717411000,83.90096,2.293744,27.173133,0.645003,30.237234,2,
2808,2808,0,1790170514749380000,86.605869,2.259021,31.084788,0.503411,33.968036,2,
2809,2809,0,1790170514785422000,82.659865,1.614073,29.291692,0.473286,31.4812,2,
2810,2810,0,1790170514817411000,83.972059,1.967923,29.934808,0.656997,32.684407,2,
2811,2811,0,1790170514849384000,84.496597,2.401786,28.623129,0.664365,31.824516,2,
2812,2812,0,1790170514885414000,79.546896,2.202368,27.368347,0.677985,30.381874,2,
2813,2813,0,1790170514917405000,78.482517,2.307853,27.057611,0.686871,30.176036,2,
2814,2814,0,1790170514953388000,73.470367,1.545062,28.193606,0.511866,30.349044,2,
2815,2815,0,1790170514985385000,72.16853,1.533435,27.781743,0.65968,30.11206,2,
2816,2816,0,1790170515017419000,71.858908,1.763827,28.723706,0.479573,31.081237,2,
2817,2817,0,1790170515053421000,68.502406,1.582643,29.904901,0.461739,32.052923,2,
2818,2818,0,1790170515085387000,69.156902,1.53617,29.589849,0.661612,31.995552,2,
2819,2819,0,1790170515117397000,68.240139,1.795694,28.065264,0.498951,30.50517,2,
2820,2820,0,1790170515153410000,65.925522,1.701901,30.596954,0.474808,32.918592,2,
2821,2821,0,1790170515185437000,65.197945,1.844717,27.318302,0.6851,29.972486,2,
2822,2822,0,1790170515217377000,66.500771,1.531,30.371403,0.500009,32.513337,2,
2823,2823,0,1790170515253470000,61.386525,1.769349,27.768527,0.676867,30.351316,2,
2824,2824,0,1790170515285459000,64.602562,2.461056,28.502269,0.628466,31.698173,2,
2825,2825,0,1790170515317454000,66.514449,1.85198,30.439268,0.682977,33.105098,2,
2826,2826,0,1790170515353529000,62.913773,2.463592,28.689866,0.482408,31.760845,2,
2827,2827,0,1790170515385413000,63.838867,1.730469,28.545599,0.493301,30.887736,2,
2828,2828,0,1790170515417515000,64.261096,1.656012,29.045402,0.685574,31.524773,2,
2829,2829,0,1790170515453426000,59.910687,1.777293,28.425344,0.48068,30.803048,2,
2830,2830,0,1790170515485451000,66.37339,2.712281,29.95926,0.638854,33.425986,2,
2831,2831,0,1790170515521512000,63.404615,1.603163,30.315519,0.483009,32.51835,2,
2832,2832,0,1790170515553447000,67.391454,1.60296,31.945301,0.715291,34.39406,2,
2833,2833,0,1790170515585438000,67.356405,1.572707,29.164811,0.470881,31.330222,2,
2834,2834,0,1790170515621487000,65.190398,1.64519,30.818017,0.728483,33.309166,2,
2835,2835,0,1790170515653465000,66.906429,2.437077,29.814182,0.626458,33.016565,2,
2836,2836,0,1790170515685407000,67.255895,1.655205,29.278669,0.485951,31.531157,2,
2837,2837,0,1790170515721412000,64.656841,1.836277,30.065248,0.739132,32.802222,2,
2838,2838,0,1790170515753444000,65.445524,2.219836,29.213031,0.543945,32.085122,2,
2839,2839,0,1790170515785405000,67.072802,1.757505,30.702093,0.450482,33.025372,2,
2840,2840,0,1790170515821529000,63.234635,1.648846,29.453816,0.480159,31.69983,2,
2841,2841,0,1790170515885480000,96.400209,2.794456,59.236525,0.735141,62.907186,2,
2842,2842,0,1790170515921533000,96.5657,1.830475,32.68349,0.816934,35.479474,2,
2843,2843,0,1790170515953436000,99.074384,1.858334,31.136027,0.661907,33.803644,2,
2844,2844,0,1790170515985494000,99.1003,1.714247,28.88075,0.671514,31.430407,2,
2845,2845,0,1790170516021556000,95.12632,2.12526,28.585779,0.674207,31.499559,2,
2846,2846,0,1790170516053414000,98.586444,2.143565,31.79941,0.644348,34.711581,2,
2847,2847,0,1790170516089479000,94.32445,1.641931,28.660133,0.68072,31.10596,2,
2848,2848,0,1790170516121462000,95.341449,2.34192,29.43091,0.492788,32.383167,2,
2849,2849,0,1790170516189437000,63.383451,1.747087,31.966195,0.70799,34.529052,2,
